{
  "dropout_rate": 0.25273329063522326,
  "learning_rate": 0.4688591300799305,
  "batch_size": 0.08449666782348558,
  "max_epochs": 0.04160359056349077,
  "gru_units": 0.081490033531035,
  "dense_units": 0.0708172873668347
}