{
  "arch": "gru_attention_masked",
  "lob": "private_passenger_auto",
  "seed": 8,
  "mape": 0.0528923107443468,
  "rmspe": 0.09826350330988222,
  "n_companies": 284,
  "n_filtered": 0,
  "training_time": 201.14,
  "epochs_trained": 396,
  "best_val_loss": 0.0005641834318844809
}