{
  "arch": "gru_attention_masked",
  "lob": "private_passenger_auto",
  "seed": 22,
  "mape": 0.04984475180748721,
  "rmspe": 0.09823148357849738,
  "n_companies": 284,
  "n_filtered": 0,
  "training_time": 167.28,
  "epochs_trained": 350,
  "best_val_loss": 0.0005153857669534369
}