{
  "arch": "gru_attention_masked",
  "lob": "private_passenger_auto",
  "seed": 31,
  "mape": 0.16484432457406684,
  "rmspe": 0.272349480981291,
  "n_companies": 284,
  "n_filtered": 0,
  "training_time": 157.34,
  "epochs_trained": 332,
  "best_val_loss": 0.0034898496232926846
}