{
  "arch": "gru_attention_masked",
  "lob": "private_passenger_auto",
  "seed": 21,
  "mape": 0.16484432457406684,
  "rmspe": 0.272349480981291,
  "n_companies": 284,
  "n_filtered": 0,
  "training_time": 107.39,
  "epochs_trained": 226,
  "best_val_loss": 0.0033935447896106374
}