{
  "arch": "gru_baseline",
  "lob": "workers_compensation",
  "config_idx": 84,
  "dropout_rate": 0.03246,
  "learning_rate": 0.0002051,
  "batch_size": 256,
  "max_epochs": 1000,
  "gru_units": 256,
  "dense_units": 32,
  "mape": 0.08888523374112303,
  "rmspe": 0.16197657447173558,
  "n_companies": 234,
  "n_filtered": 0,
  "mape_std": 0.08152016512132851,
  "mape_p25": 0.04554452527437993,
  "mape_p75": 0.09360263223572275,
  "training_time": 102.47,
  "epochs_trained": 202,
  "best_val_loss": 0.000979965434193478,
  "train_loss_curve": [
    0.003808,
    0.001857,
    0.001464,
    0.001317,
    0.001257,
    0.001275,
    0.001204,
    0.001193,
    0.001156,
    0.001148,
    0.00113,
    0.001107,
    0.001086,
    0.001098,
    0.001072,
    0.001095,
    0.001062,
    0.001054,
    0.001058,
    0.00104,
    0.001027,
    0.001034,
    0.00103,
    0.001025,
    0.001014,
    0.001013,
    0.001011,
    0.001009,
    0.000999,
    0.00101,
    0.001041,
    0.000996,
    0.001006,
    0.001006,
    0.000986,
    0.000989,
    0.00099,
    0.000966,
    0.000963,
    0.000972,
    0.000968,
    0.000954,
    0.000952,
    0.000966,
    0.000962,
    0.00096,
    0.000943,
    0.000954,
    0.001111,
    0.001035,
    0.000947,
    0.000939,
    0.000952,
    0.000942,
    0.000965,
    0.000973,
    0.000938,
    0.000914,
    0.000915,
    0.000942,
    0.000927,
    0.000906,
    0.000904,
    0.000925,
    0.000914,
    0.000909,
    0.000915,
    0.00091,
    0.000928,
    0.000907,
    0.000915,
    0.00093,
    0.000915,
    0.000886,
    0.000901,
    0.000888,
    0.000881,
    0.000887,
    0.000889,
    0.0009,
    0.000893,
    0.000881,
    0.000877,
    0.000883,
    0.000875,
    0.000965,
    0.000896,
    0.000876,
    0.000873,
    0.000868,
    0.000876,
    0.000905,
    0.000935,
    0.00091,
    0.000879,
    0.000863,
    0.000854,
    0.000985,
    0.00089,
    0.000869,
    0.000855,
    0.000849,
    0.000848,
    0.00085,
    0.000861,
    0.000858,
    0.000848,
    0.000847,
    0.000849,
    0.000908,
    0.000898,
    0.000866,
    0.000843,
    0.000847,
    0.000869,
    0.000851,
    0.000838,
    0.000842,
    0.000854,
    0.000846,
    0.000843,
    0.000847,
    0.000838,
    0.000846,
    0.000832,
    0.000842,
    0.000844,
    0.000836,
    0.000838,
    0.000853,
    0.000848,
    0.000843,
    0.000857,
    0.000834,
    0.000849,
    0.000833,
    0.000832,
    0.000822,
    0.000845,
    0.000833,
    0.000866,
    0.000847,
    0.00084,
    0.000846,
    0.000832,
    0.000838,
    0.000827,
    0.000842,
    0.000847,
    0.000834,
    0.000829,
    0.000819,
    0.000859,
    0.000839,
    0.000836,
    0.000823,
    0.000823,
    0.00083,
    0.000837,
    0.000827,
    0.000829,
    0.00083,
    0.000822,
    0.000824,
    0.000819,
    0.000822,
    0.00083,
    0.000827,
    0.000818,
    0.000835,
    0.00083,
    0.000817,
    0.000819,
    0.000817,
    0.000815,
    0.00084,
    0.000821,
    0.000826,
    0.000826,
    0.000813,
    0.000823,
    0.000819,
    0.000816,
    0.000834,
    0.000817,
    0.000814,
    0.000812,
    0.000819,
    0.000819,
    0.000814,
    0.000811,
    0.000816,
    0.000811,
    0.000814,
    0.000836,
    0.000817,
    0.000818,
    0.000817,
    0.000802,
    0.000817,
    0.000822,
    0.000801
  ],
  "val_loss_curve": [
    0.003008,
    0.001504,
    0.001212,
    0.001102,
    0.001156,
    0.001071,
    0.001055,
    0.001074,
    0.001052,
    0.001167,
    0.001097,
    0.001082,
    0.001099,
    0.001051,
    0.001073,
    0.001016,
    0.001048,
    0.001039,
    0.001026,
    0.001013,
    0.001031,
    0.001084,
    0.001017,
    0.001066,
    0.001037,
    0.001074,
    0.001042,
    0.001077,
    0.001021,
    0.001074,
    0.001082,
    0.001021,
    0.001075,
    0.001047,
    0.001072,
    0.001115,
    0.001025,
    0.001004,
    0.001031,
    0.001018,
    0.001084,
    0.00104,
    0.000997,
    0.001076,
    0.001072,
    0.001056,
    0.001071,
    0.000991,
    0.000987,
    0.001053,
    0.001005,
    0.001024,
    0.00104,
    0.00103,
    0.001005,
    0.001007,
    0.000996,
    0.001027,
    0.001116,
    0.000991,
    0.001036,
    0.001029,
    0.001014,
    0.001,
    0.001008,
    0.001032,
    0.001031,
    0.001036,
    0.001033,
    0.001033,
    0.001004,
    0.00104,
    0.001052,
    0.001019,
    0.001067,
    0.001033,
    0.001023,
    0.001003,
    0.001012,
    0.00099,
    0.001044,
    0.001044,
    0.001034,
    0.001055,
    0.00101,
    0.001022,
    0.001013,
    0.001026,
    0.001008,
    0.001048,
    0.001006,
    0.001003,
    0.001018,
    0.001012,
    0.001026,
    0.001038,
    0.001028,
    0.001015,
    0.000995,
    0.001033,
    0.001007,
    0.001007,
    0.001019,
    0.001018,
    0.001001,
    0.00101,
    0.001015,
    0.001012,
    0.001009,
    0.001019,
    0.00104,
    0.001015,
    0.001026,
    0.001011,
    0.001043,
    0.001017,
    0.00102,
    0.001025,
    0.000999,
    0.000992,
    0.001,
    0.001003,
    0.001007,
    0.000988,
    0.001,
    0.001017,
    0.001037,
    0.001021,
    0.001005,
    0.000999,
    0.00098,
    0.000986,
    0.001006,
    0.001013,
    0.001014,
    0.001019,
    0.001007,
    0.00101,
    0.00101,
    0.001002,
    0.001006,
    0.001024,
    0.001025,
    0.001011,
    0.000991,
    0.001003,
    0.001001,
    0.001011,
    0.001001,
    0.001017,
    0.001014,
    0.000987,
    0.000987,
    0.001009,
    0.001003,
    0.001007,
    0.001004,
    0.001,
    0.001008,
    0.001007,
    0.00102,
    0.001006,
    0.000994,
    0.001015,
    0.001004,
    0.001,
    0.001002,
    0.000995,
    0.001017,
    0.00102,
    0.001006,
    0.001013,
    0.001025,
    0.000995,
    0.001024,
    0.001027,
    0.001012,
    0.001014,
    0.001012,
    0.001004,
    0.001027,
    0.000988,
    0.00101,
    0.001009,
    0.000994,
    0.001003,
    0.000998,
    0.001008,
    0.001001,
    0.00101,
    0.000999,
    0.00102,
    0.000988,
    0.00101,
    0.000996,
    0.001009,
    0.001009,
    0.001007,
    0.001005,
    0.00101,
    0.000998,
    0.000996
  ],
  "per_company_mape": {
    "C1015": 0.046314,
    "C1033": 0.05128,
    "C1068": 0.048448,
    "C1084": 0.047737,
    "C1156": 0.056035,
    "C1208": 0.042116,
    "C121": 0.063433,
    "C1218": 0.125407,
    "C1252": 0.046215,
    "C1280": 0.154552,
    "C1313": 0.045279,
    "C1401": 0.402503,
    "C1422": 0.073637,
    "C1475": 0.516669,
    "C151": 0.215081,
    "C1554": 0.056238,
    "C1590": 0.058127,
    "C1594": 0.046093,
    "C1617": 0.072876,
    "C1624": 0.029902,
    "C1635": 0.344015,
    "C1641": 0.031476,
    "C1662": 0.042486,
    "C1675": 0.074037,
    "C1691": 0.033401,
    "C1704": 0.064492,
    "C1706": 0.208618,
    "C1709": 0.070539,
    "C1712": 0.0831,
    "C1744": 0.031976,
    "C1768": 0.144813,
    "C1770": 0.045734,
    "C1783": 0.164543,
    "C1787": 0.074653,
    "C1814": 0.059258,
    "C1817": 0.086699,
    "C1841": 0.116452,
    "C1996": 0.044727,
    "C2033": 0.269863,
    "C2040": 0.08967,
    "C2043": 0.051663,
    "C212": 0.127712,
    "C223": 0.11359,
    "C229": 0.023795,
    "C246": 0.030283,
    "C260": 0.049663,
    "C267": 0.102931,
    "C288": 0.045482,
    "C294": 0.078038,
    "C296": 0.040535,
    "C2969": 0.05279,
    "C2973": 0.05194,
    "C3011": 0.034296,
    "C3012": 0.0771,
    "C3053": 0.04902,
    "C306": 0.054653,
    "C310": 0.064039,
    "C3102": 0.142954,
    "C3130": 0.201433,
    "C3219": 0.066296,
    "C3230": 0.03943,
    "C3251": 0.066197,
    "C3419": 0.064678,
    "C3630": 0.097553,
    "C3633": 0.085187,
    "C3767": 0.080305,
    "C3774": 0.04478,
    "C3776": 0.092968,
    "C379": 0.054341,
    "C3838": 0.049432,
    "C3854": 0.081153,
    "C3856": 0.046592,
    "C391": 0.074647,
    "C3923": 0.164725,
    "C3933": 0.042289,
    "C4071": 0.09998,
    "C409": 0.081504,
    "C4102": 0.021955,
    "C411": 0.064661,