{
  "arch": "gru_baseline",
  "lob": "workers_compensation",
  "config_idx": 71,
  "dropout_rate": 0.08254,
  "learning_rate": 0.0001477,
  "batch_size": 512,
  "max_epochs": 500,
  "gru_units": 128,
  "dense_units": 32,
  "mape": 0.08772718401439071,
  "rmspe": 0.19688912669347905,
  "n_companies": 234,
  "n_filtered": 0,
  "mape_std": 0.10588115112839765,
  "mape_p25": 0.03531799063054096,
  "mape_p75": 0.09356033554412725,
  "training_time": 96.6,
  "epochs_trained": 327,
  "best_val_loss": 0.0011386681664069848,
  "train_loss_curve": [
    0.006918,
    0.004231,
    0.003093,
    0.002588,
    0.002197,
    0.001997,
    0.0018,
    0.001682,
    0.001605,
    0.001547,
    0.001488,
    0.001472,
    0.001455,
    0.001431,
    0.001431,
    0.001395,
    0.00137,
    0.001383,
    0.001377,
    0.001373,
    0.001354,
    0.001355,
    0.001324,
    0.001333,
    0.001334,
    0.001305,
    0.001306,
    0.00132,
    0.001304,
    0.00129,
    0.00129,
    0.00127,
    0.001273,
    0.001274,
    0.001256,
    0.001264,
    0.001247,
    0.001242,
    0.001236,
    0.001243,
    0.001222,
    0.001233,
    0.001213,
    0.001221,
    0.001212,
    0.001218,
    0.001209,
    0.001211,
    0.001191,
    0.001203,
    0.001188,
    0.001195,
    0.001185,
    0.001174,
    0.001174,
    0.001174,
    0.001162,
    0.001169,
    0.001168,
    0.001169,
    0.001157,
    0.001154,
    0.001154,
    0.001152,
    0.001152,
    0.001136,
    0.001159,
    0.001147,
    0.00113,
    0.001135,
    0.001152,
    0.001135,
    0.001124,
    0.001121,
    0.001124,
    0.00112,
    0.001122,
    0.001112,
    0.001129,
    0.001117,
    0.001106,
    0.001114,
    0.001114,
    0.001104,
    0.001114,
    0.001112,
    0.001098,
    0.001085,
    0.001082,
    0.001084,
    0.001095,
    0.001093,
    0.001082,
    0.001093,
    0.001081,
    0.001081,
    0.00109,
    0.001072,
    0.001086,
    0.001072,
    0.001082,
    0.001059,
    0.001088,
    0.00106,
    0.001074,
    0.001073,
    0.001073,
    0.001072,
    0.001082,
    0.001054,
    0.001061,
    0.001061,
    0.001052,
    0.001059,
    0.001052,
    0.001061,
    0.001053,
    0.001047,
    0.001048,
    0.001067,
    0.001052,
    0.001063,
    0.001035,
    0.001056,
    0.00106,
    0.001048,
    0.001045,
    0.00105,
    0.001038,
    0.001035,
    0.001039,
    0.001043,
    0.001045,
    0.001043,
    0.001037,
    0.001056,
    0.001027,
    0.00103,
    0.001028,
    0.001035,
    0.001032,
    0.001026,
    0.001037,
    0.001032,
    0.001023,
    0.001026,
    0.001038,
    0.001029,
    0.001029,
    0.001024,
    0.001027,
    0.00102,
    0.001019,
    0.00101,
    0.001017,
    0.00102,
    0.001005,
    0.001005,
    0.001005,
    0.001013,
    0.001017,
    0.001021,
    0.001013,
    0.001007,
    0.001016,
    0.001007,
    0.001006,
    0.001009,
    0.001011,
    0.001002,
    0.001004,
    0.000997,
    0.001005,
    0.001014,
    0.001,
    0.001012,
    0.001012,
    0.001006,
    0.001009,
    0.001009,
    0.001,
    0.00099,
    0.001015,
    0.000996,
    0.001002,
    0.001001,
    0.000992,
    0.001004,
    0.001003,
    0.001003,
    0.000985,
    0.000994,
    0.000992,
    0.000996,
    0.000989,
    0.000995,
    0.00099,
    0.000982,
    0.000997,
    0.000975,
    0.000987,
    0.000994,
    0.000978,
    0.000987,
    0.000979,
    0.000981,
    0.000979,
    0.000977,
    0.000978,
    0.000985,
    0.000977,
    0.000993,
    0.000993,
    0.000976,
    0.00099,
    0.000971,
    0.000977,
    0.000982,
    0.000979,
    0.000973,
    0.00098,
    0.000986,
    0.000978,
    0.000991,
    0.000979,
    0.000987,
    0.00099,
    0.000989,
    0.000975,
    0.00099,
    0.000981,
    0.001001,
    0.000985,
    0.000969,
    0.000973,
    0.000985,
    0.000974,
    0.000966,
    0.000987,
    0.000985,
    0.000973,
    0.000978,
    0.00098,
    0.000977,
    0.000977,
    0.00097,
    0.000971,
    0.000981,
    0.000982,
    0.000979,
    0.000975,
    0.000974,
    0.000982,
    0.000973,
    0.000975,
    0.00098,
    0.000971,
    0.000975,
    0.000967,
    0.000971,
    0.000976,
    0.000978,
    0.00097,
    0.000974,
    0.000981,
    0.000975,
    0.000984,
    0.00098,
    0.00097,
    0.000971,
    0.000969,
    0.000968,
    0.000967,
    0.000974,
    0.000979,
    0.000971,
    0.000976,
    0.000975,
    0.000955,
    0.000977,
    0.000964,
    0.000968,
    0.000968,
    0.000977,
    0.000965,
    0.000966,
    0.000996,
    0.00097,
    0.000965,
    0.000974,
    0.000967,
    0.00096,
    0.000976,
    0.000978,
    0.000973,
    0.000977,
    0.000972,
    0.00097,
    0.000961,
    0.000974,
    0.000965,
    0.00097,
    0.000956,
    0.000976,
    0.000987,
    0.000959,
    0.000976,
    0.000972,
    0.000965,
    0.000965,
    0.000958,
    0.000963,
    0.000956,
    0.00097,
    0.000971,
    0.000958,
    0.000957,
    0.000971,
    0.000965,
    0.000962,
    0.000963,
    0.000967,
    0.000958,
    0.000958,
    0.000973,
    0.000961,
    0.000978
  ],