{
  "arch": "gru_baseline",
  "lob": "workers_compensation",
  "config_idx": 56,
  "dropout_rate": 0.06306,
  "learning_rate": 0.0005675,
  "batch_size": 256,
  "max_epochs": 1000,
  "gru_units": 256,
  "dense_units": 64,
  "mape": 0.0897064746338641,
  "rmspe": 0.16752763406741383,
  "n_companies": 234,
  "n_filtered": 0,
  "mape_std": 0.08476217054710185,
  "mape_p25": 0.04592303395046899,
  "mape_p75": 0.09765562983555603,
  "training_time": 105.25,
  "epochs_trained": 201,
  "best_val_loss": 0.0010226101647796376,
  "train_loss_curve": [
    0.002781,
    0.001429,
    0.001315,
    0.001246,
    0.001212,
    0.001194,
    0.00113,
    0.001172,
    0.001121,
    0.001118,
    0.001139,
    0.001079,
    0.001063,
    0.001049,
    0.001035,
    0.001105,
    0.001036,
    0.001101,
    0.001014,
    0.000994,
    0.000986,
    0.000974,
    0.000963,
    0.000952,
    0.000957,
    0.000945,
    0.000946,
    0.000948,
    0.000947,
    0.000937,
    0.000921,
    0.000943,
    0.000915,
    0.000915,
    0.000931,
    0.000908,
    0.000905,
    0.000904,
    0.000901,
    0.000932,
    0.00089,
    0.000939,
    0.000908,
    0.000902,
    0.000894,
    0.000894,
    0.000918,
    0.000899,
    0.000898,
    0.000939,
    0.000875,
    0.0009,
    0.00096,
    0.000886,
    0.000892,
    0.000899,
    0.000878,
    0.000861,
    0.000865,
    0.000867,
    0.000878,
    0.000864,
    0.000846,
    0.000849,
    0.000858,
    0.000859,
    0.000857,
    0.000845,
    0.000834,
    0.000843,
    0.000847,
    0.000865,
    0.000835,
    0.000828,
    0.000854,
    0.000872,
    0.000901,
    0.000859,
    0.000841,
    0.000872,
    0.000862,
    0.000838,
    0.000837,
    0.000821,
    0.000842,
    0.000835,
    0.000852,
    0.000854,
    0.000834,
    0.000836,
    0.00083,
    0.000836,
    0.000816,
    0.000818,
    0.000806,
    0.000808,
    0.000815,
    0.000818,
    0.00081,
    0.000836,
    0.000895,
    0.000833,
    0.000823,
    0.000809,
    0.000808,
    0.000831,
    0.000831,
    0.000827,
    0.000812,
    0.000826,
    0.000828,
    0.00083,
    0.000818,
    0.000809,
    0.0008,
    0.000795,
    0.000813,
    0.00081,
    0.0008,
    0.000802,
    0.000794,
    0.000778,
    0.000785,
    0.000775,
    0.000789,
    0.000785,
    0.000796,
    0.000791,
    0.0008,
    0.00079,
    0.000803,
    0.000797,
    0.000808,
    0.000799,
    0.000835,
    0.000803,
    0.000788,
    0.000786,
    0.000792,
    0.000806,
    0.000771,
    0.000806,
    0.000784,
    0.000768,
    0.000768,
    0.000757,
    0.000766,
    0.000761,
    0.000757,
    0.000762,
    0.00076,
    0.000758,
    0.000755,
    0.000754,
    0.000751,
    0.000751,
    0.000764,
    0.000778,
    0.00076,
    0.000776,
    0.000814,
    0.000748,
    0.000758,
    0.00075,
    0.00076,
    0.000748,
    0.000767,
    0.000769,
    0.000765,
    0.000754,
    0.000746,
    0.000754,
    0.000768,
    0.000749,
    0.000747,
    0.000744,
    0.000756,
    0.000769,
    0.000749,
    0.000747,
    0.000759,
    0.000773,
    0.000748,
    0.000753,
    0.000744,
    0.000754,
    0.000751,
    0.000755,
    0.000752,
    0.000739,
    0.000777,
    0.000757,
    0.000739,
    0.000739,
    0.000734,
    0.000746,
    0.000741,
    0.000741,
    0.000734,
    0.00073,
    0.000734
  ],
  "val_loss_curve": [
    0.001388,
    0.001239,
    0.001166,
    0.001112,
    0.001178,
    0.001102,
    0.001077,
    0.001255,
    0.001062,
    0.001243,
    0.00107,
    0.001048,
    0.001069,
    0.001237,
    0.001099,
    0.001261,
    0.001268,
    0.001037,
    0.001049,
    0.001173,
    0.001061,
    0.00132,
    0.0012,
    0.001142,
    0.001223,
    0.001251,
    0.001113,
    0.001042,
    0.001172,
    0.001099,
    0.001346,
    0.001111,
    0.001096,
    0.001101,
    0.001181,
    0.001204,
    0.001041,
    0.001196,
    0.001201,
    0.001175,
    0.001029,
    0.001134,
    0.001233,
    0.001125,
    0.001131,
    0.001261,
    0.001075,
    0.001137,
    0.001132,
    0.001161,
    0.001066,
    0.001223,
    0.001169,
    0.001109,
    0.001182,
    0.001172,
    0.001075,
    0.001132,
    0.001101,
    0.001162,
    0.001055,
    0.001121,
    0.001145,
    0.001094,
    0.001151,
    0.001086,
    0.001124,
    0.001113,
    0.001078,
    0.001055,
    0.001131,
    0.001178,
    0.001152,
    0.001173,
    0.001134,
    0.00115,
    0.001117,
    0.001202,
    0.00123,
    0.001158,
    0.001228,
    0.001139,
    0.001107,
    0.001096,
    0.001077,
    0.001099,
    0.001155,
    0.001137,
    0.001126,
    0.001109,
    0.001023,
    0.001114,
    0.001087,
    0.001068,
    0.001092,
    0.001173,
    0.001168,
    0.001118,
    0.001041,
    0.001252,
    0.00115,
    0.001148,
    0.001062,
    0.001125,
    0.001135,
    0.001063,
    0.001102,
    0.001115,
    0.001206,
    0.001046,
    0.001064,
    0.00122,
    0.001087,
    0.001226,
    0.001235,
    0.001125,
    0.001104,
    0.001067,
    0.001202,
    0.001078,
    0.001101,
    0.001074,
    0.001101,
    0.001135,
    0.001098,
    0.001051,
    0.00114,
    0.001176,
    0.001093,
    0.001235,
    0.001147,
    0.00105,
    0.00113,
    0.001074,
    0.00103,
    0.001045,
    0.001136,
    0.001061,
    0.001136,
    0.001061,
    0.001157,
    0.001169,
    0.0011,
    0.001106,
    0.001059,
    0.001067,
    0.001081,
    0.001082,
    0.001102,
    0.001125,
    0.001113,
    0.001104,
    0.001122,
    0.001106,
    0.001093,
    0.001125,
    0.001107,
    0.001122,
    0.00115,
    0.00115,
    0.001088,
    0.001109,
    0.001131,
    0.001082,
    0.001098,
    0.001106,
    0.001143,
    0.001154,
    0.001163,
    0.001133,
    0.001095,
    0.001139,
    0.001112,
    0.001128,
    0.001091,
    0.001129,
    0.001177,
    0.001106,
    0.001058,
    0.001066,
    0.001101,
    0.001091,
    0.001102,
    0.001096,
    0.001111,
    0.00111,
    0.001122,
    0.001072,
    0.001098,
    0.001116,
    0.001103,
    0.0011,
    0.001066,
    0.001108,
    0.001085,
    0.00108,
    0.001116,
    0.001115,
    0.001111,
    0.001127,
    0.001087
  ],
  "per_company_mape": {
    "C1015": 0.040032,
    "C1033": 0.058446,
    "C1068": 0.067994,
    "C1084": 0.064392,
    "C1156": 0.066128,
    "C1208": 0.026756,
    "C121": 0.058047,
    "C1218": 0.143695,
    "C1252": 0.044221,
    "C1280": 0.08325,
    "C1313": 0.044295,
    "C1401": 0.380572,
    "C1422": 0.046526,
    "C1475": 0.465473,
    "C151": 0.155735,
    "C1554": 0.092321,
    "C1590": 0.07345,
    "C1594": 0.03794,
    "C1617": 0.108144,
    "C1624": 0.052701,
    "C1635": 0.540145,
    "C1641": 0.09334,
    "C1662": 0.045672,
    "C1675": 0.039064,
    "C1691": 0.039946,
    "C1704": 0.069743,
    "C1706": 0.206803,
    "C1709": 0.0622,
    "C1712": 0.155463,
    "C1744": 0.023841,
    "C1768": 0.075726,
    "C1770": 0.045888,
    "C1783": 0.135541,
    "C1787": 0.067202,
    "C1814": 0.095212,
    "C1817": 0.037066,
    "C1841": 0.130502,
    "C1996": 0.042629,
    "C2033": 0.325481,
    "C2040": 0.058155,
    "C2043": 0.068757,
    "C212": 0.216366,
    "C223": 0.072719,
    "C229": 0.066476,
    "C246": 0.047118,
    "C260": 0.063485,
    "C267": 0.065888,
    "C288": 0.033382,
    "C294": 0.087817,
    "C296": 0.046028,
    "C2969": 0.039857,
    "C2973": 0.042175,
    "C3011": 0.038963,
    "C3012": 0.10947,
    "C3053": 0.061083,
    "C306": 0.049729,
    "C310": 0.044565,
    "C3102": 0.068549,
    "C3130": 0.191824,
    "C3219": 0.02171,
    "C3230": 0.052717,
    "C3251": 0.043863,
    "C3419": 0.053856,
    "C3630": 0.07611,
    "C3633": 0.076818,
    "C3767": 0.08788,
    "C3774": 0.064461,
    "C3776": 0.069724,
    "C379": 0.090333,
    "C3838": 0.079024,
    "C3854": 0.090427,
    "C3856": 0.079335,
    "C391": 0.02643,
    "C3923": 0.206275,
    "C3933": 0.066939,
    "C4071": 0.082359,
    "C409": 0.036241,
    "C4102": 0.038848,
    "C411": 0.056811,
    "C4146": 0.118161,