{
  "arch": "gru_baseline",
  "lob": "workers_compensation",
  "config_idx": 99,
  "dropout_rate": 0.01519,
  "learning_rate": 0.0001072,
  "batch_size": 512,
  "max_epochs": 500,
  "gru_units": 256,
  "dense_units": 128,
  "mape": 0.08394603279829388,
  "rmspe": 0.14516661507448617,
  "n_companies": 234,
  "n_filtered": 0,
  "mape_std": 0.07573521364445851,
  "mape_p25": 0.042492203280754266,
  "mape_p75": 0.0936142404314381,
  "training_time": 82.34,
  "epochs_trained": 205,
  "best_val_loss": 0.0009529672804222043,
  "train_loss_curve": [
    0.005332,
    0.002938,
    0.002105,
    0.001711,
    0.001506,
    0.001349,
    0.001272,
    0.001221,
    0.001177,
    0.001155,
    0.001154,
    0.001115,
    0.001106,
    0.001119,
    0.001099,
    0.001088,
    0.001081,
    0.001075,
    0.001051,
    0.001077,
    0.001042,
    0.001059,
    0.001044,
    0.001049,
    0.001037,
    0.001032,
    0.001024,
    0.001019,
    0.001005,
    0.001004,
    0.00101,
    0.001012,
    0.000993,
    0.000987,
    0.000986,
    0.000994,
    0.000978,
    0.000966,
    0.000976,
    0.000958,
    0.000969,
    0.000958,
    0.000964,
    0.000955,
    0.000951,
    0.000953,
    0.000953,
    0.000955,
    0.000956,
    0.000957,
    0.000937,
    0.000942,
    0.000928,
    0.000929,
    0.000942,
    0.00093,
    0.000932,
    0.00093,
    0.00093,
    0.000918,
    0.000921,
    0.000911,
    0.000917,
    0.000923,
    0.000908,
    0.000908,
    0.000905,
    0.000904,
    0.000908,
    0.000903,
    0.000899,
    0.000903,
    0.000889,
    0.000888,
    0.000891,
    0.000888,
    0.000883,
    0.000884,
    0.000879,
    0.000885,
    0.000878,
    0.000887,
    0.000882,
    0.000873,
    0.000864,
    0.000864,
    0.000862,
    0.000866,
    0.000859,
    0.000867,
    0.000862,
    0.000863,
    0.000856,
    0.000849,
    0.000855,
    0.000851,
    0.000847,
    0.000842,
    0.000845,
    0.00084,
    0.000841,
    0.000834,
    0.00084,
    0.000856,
    0.000852,
    0.000829,
    0.000835,
    0.000827,
    0.000837,
    0.000834,
    0.000831,
    0.000824,
    0.000822,
    0.000828,
    0.000834,
    0.000822,
    0.000821,
    0.000813,
    0.000823,
    0.000812,
    0.000812,
    0.000813,
    0.000808,
    0.000812,
    0.000813,
    0.000814,
    0.000808,
    0.000806,
    0.000812,
    0.000806,
    0.000804,
    0.000805,
    0.000793,
    0.000805,
    0.000792,
    0.000795,
    0.000792,
    0.000796,
    0.00079,
    0.000789,
    0.000794,
    0.000795,
    0.000789,
    0.000784,
    0.000781,
    0.000789,
    0.000789,
    0.000788,
    0.000778,
    0.000777,
    0.000781,
    0.000783,
    0.000777,
    0.000773,
    0.000778,
    0.000773,
    0.000772,
    0.000772,
    0.000776,
    0.000774,
    0.000777,
    0.000779,
    0.000772,
    0.000786,
    0.000771,
    0.000764,
    0.00077,
    0.000761,
    0.000763,
    0.000763,
    0.000763,
    0.000754,
    0.000757,
    0.000754,
    0.000755,
    0.00075,
    0.000752,
    0.000752,
    0.000764,
    0.000751,
    0.000759,
    0.000746,
    0.000751,
    0.000757,
    0.000743,
    0.000745,
    0.000753,
    0.000764,
    0.000746,
    0.000751,
    0.000749,
    0.000749,
    0.000754,
    0.000751,
    0.000753,
    0.000752,
    0.000743,
    0.000744,
    0.000745,
    0.00075,
    0.000742,
    0.000752,
    0.000749,
    0.000747,
    0.000745
  ],
  "val_loss_curve": [
    0.008636,
    0.004143,
    0.002681,
    0.001806,
    0.001484,
    0.001275,
    0.001188,
    0.001133,
    0.001112,
    0.001084,
    0.001061,
    0.001072,
    0.001049,
    0.001043,
    0.001052,
    0.001036,
    0.001041,
    0.001037,
    0.001019,
    0.001021,
    0.001008,
    0.001013,
    0.001022,
    0.001033,
    0.001005,
    0.000996,
    0.001019,
    0.001007,
    0.001023,
    0.000994,
    0.000995,
    0.000998,
    0.001015,
    0.000995,
    0.000986,
    0.000999,
    0.000998,
    0.000999,
    0.001003,
    0.001035,
    0.001006,
    0.000991,
    0.000985,
    0.001004,
    0.000994,
    0.000997,
    0.000985,
    0.001002,
    0.000999,
    0.001007,
    0.001019,
    0.000985,
    0.000983,
    0.000986,
    0.000979,
    0.000982,
    0.000982,
    0.001001,
    0.000978,
    0.00098,
    0.000975,
    0.000993,
    0.000976,
    0.000981,
    0.000987,
    0.000987,
    0.000972,
    0.000997,
    0.000994,
    0.000988,
    0.000972,
    0.000991,
    0.000982,
    0.000984,
    0.000992,
    0.000983,
    0.000971,
    0.000974,
    0.000965,
    0.000991,
    0.000988,
    0.000975,
    0.000975,
    0.000985,
    0.000988,
    0.000989,
    0.000983,
    0.000966,
    0.001014,
    0.000967,
    0.000985,
    0.000987,
    0.000971,
    0.000986,
    0.000983,
    0.000988,
    0.000987,
    0.000971,
    0.000984,
    0.000985,
    0.00098,
    0.000979,
    0.000974,
    0.000982,
    0.000982,
    0.000982,
    0.00098,
    0.00097,
    0.000976,
    0.000973,
    0.00098,
    0.000978,
    0.000962,
    0.000962,
    0.000992,
    0.000969,
    0.000968,
    0.000974,
    0.00098,
    0.000953,
    0.000982,
    0.000972,
    0.000969,
    0.000982,
    0.000983,
    0.000979,
    0.000972,
    0.000987,
    0.000965,
    0.000961,
    0.000977,
    0.000973,
    0.000976,
    0.00096,
    0.000981,
    0.000986,
    0.000968,
    0.000977,
    0.000968,
    0.000967,
    0.000971,
    0.000961,
    0.000988,
    0.000972,
    0.000982,
    0.000969,
    0.000962,
    0.000978,
    0.000972,
    0.000975,
    0.00097,
    0.000977,
    0.000962,
    0.000986,
    0.000987,
    0.000973,
    0.000972,
    0.000972,
    0.00097,
    0.000974,
    0.000988,
    0.000992,
    0.000971,
    0.000981,
    0.000974,
    0.000985,
    0.000969,
    0.000968,
    0.00097,
    0.000964,
    0.000972,
    0.000979,
    0.000975,
    0.000977,
    0.000984,
    0.000977,
    0.000969,
    0.000983,
    0.00098,
    0.000975,
    0.000963,
    0.000978,
    0.000978,
    0.000974,
    0.000974,
    0.000976,
    0.000969,
    0.000969,
    0.00098,
    0.000971,
    0.000973,
    0.000973,
    0.000975,
    0.000963,
    0.000971,
    0.000972,
    0.000969,
    0.000983,
    0.000972,
    0.000977,
    0.000982,
    0.000966,
    0.000965,
    0.000974,
    0.000989
  ],
  "per_company_mape": {
    "C1015": 0.070152,
    "C1033": 0.048039,
    "C1068": 0.03929,
    "C1084": 0.074777,
    "C1156": 0.05002,
    "C1208": 0.029396,
    "C121": 0.092954,
    "C1218": 0.125682,
    "C1252": 0.064718,
    "C1280": 0.097511,
    "C1313": 0.03916,
    "C1401": 0.372476,
    "C1422": 0.040465,
    "C1475": 0.224408,
    "C151": 0.153512,
    "C1554": 0.187401,
    "C1590": 0.064746,
    "C1594": 0.03818,
    "C1617": 0.031129,
    "C1624": 0.041219,
    "C1635": 0.317104,
    "C1641": 0.031764,
    "C1662": 0.043822,
    "C1675": 0.048032,
    "C1691": 0.023415,
    "C1704": 0.063197,
    "C1706": 0.237065,
    "C1709": 0.070801,
    "C1712": 0.116538,
    "C1744": 0.030186,
    "C1768": 0.112887,
    "C1770": 0.043518,
    "C1783": 0.155088,
    "C1787": 0.104485,
    "C1814": 0.116813,
    "C1817": 0.044471,
    "C1841": 0.099326,
    "C1996": 0.045474,
    "C2033": 0.417698,
    "C2040": 0.067203,
    "C2043": 0.055947,
    "C212": 0.153492,
    "C223": 0.069924,
    "C229": 0.021664,
    "C246": 0.031429,
    "C260": 0.043089,
    "C267": 0.060283,
    "C288": 0.045528,
    "C294": 0.071722,
    "C296": 0.053457,
    "C2969": 0.054092,
    "C2973": 0.046382,
    "C3011": 0.027624,
    "C3012": 0.110716,
    "C3053": 0.066203,
    "C306": 0.054164,
    "C310": 0.047715,
    "C3102": 0.117655,
    "C3130": 0.081117,
    "C3219": 0.050965,
    "C3230": 0.046069,
    "C3251": 0.052743,
    "C3419": 0.055792,
    "C3630": 0.10573,
    "C3633": 0.054777,
    "C3767": 0.133416,
    "C3774": 0.041952,
    "C3776": 0.074241,
    "C379": 0.093681,
    "C3838": 0.027111,
    "C3854": 0.19193,
    "C3856": 0.046285,
    "C391": 0.064664,
    "C3923": 0.083,