{
  "arch": "gru_baseline",
  "lob": "workers_compensation",
  "config_idx": 5,
  "dropout_rate": 0.02017,
  "learning_rate": 0.0005652,
  "batch_size": 1024,
  "max_epochs": 500,
  "gru_units": 256,
  "dense_units": 128,
  "mape": 0.09482019578956047,
  "rmspe": 0.1614136013553044,
  "n_companies": 234,
  "n_filtered": 0,
  "mape_std": 0.0776459171430113,
  "mape_p25": 0.05024605761071181,
  "mape_p75": 0.11342000837314162,
  "training_time": 78.52,
  "epochs_trained": 202,
  "best_val_loss": 0.0008834933323669247,
  "train_loss_curve": [
    0.004706,
    0.001971,
    0.001451,
    0.001244,
    0.001175,
    0.001161,
    0.00112,
    0.001097,
    0.001097,
    0.001071,
    0.00108,
    0.001076,
    0.001025,
    0.001031,
    0.001033,
    0.000995,
    0.000992,
    0.000975,
    0.000966,
    0.000959,
    0.000944,
    0.000967,
    0.000956,
    0.000941,
    0.000919,
    0.000917,
    0.000932,
    0.000907,
    0.000891,
    0.000898,
    0.000886,
    0.000873,
    0.000877,
    0.000886,
    0.000867,
    0.000865,
    0.000846,
    0.00084,
    0.000854,
    0.000843,
    0.000852,
    0.000843,
    0.000839,
    0.000835,
    0.000832,
    0.000828,
    0.00082,
    0.000823,
    0.000826,
    0.00081,
    0.000802,
    0.00081,
    0.000806,
    0.000802,
    0.000801,
    0.000799,
    0.000798,
    0.000793,
    0.000795,
    0.000773,
    0.000783,
    0.000773,
    0.000762,
    0.000776,
    0.000783,
    0.000771,
    0.000758,
    0.00077,
    0.000772,
    0.000765,
    0.000766,
    0.000773,
    0.000761,
    0.000762,
    0.000755,
    0.000758,
    0.000767,
    0.00075,
    0.000747,
    0.000744,
    0.000739,
    0.000739,
    0.000742,
    0.000743,
    0.000737,
    0.00073,
    0.000736,
    0.000747,
    0.000731,
    0.000715,
    0.000738,
    0.000721,
    0.00071,
    0.000722,
    0.000726,
    0.000722,
    0.000725,
    0.000714,
    0.000714,
    0.000732,
    0.000716,
    0.000718,
    0.000726,
    0.0007,
    0.000718,
    0.000705,
    0.0007,
    0.000693,
    0.000702,
    0.000689,
    0.000689,
    0.000683,
    0.000699,
    0.000689,
    0.000693,
    0.000703,
    0.000685,
    0.000688,
    0.000679,
    0.000688,
    0.000681,
    0.000685,
    0.000687,
    0.000687,
    0.000683,
    0.000683,
    0.000694,
    0.00068,
    0.000683,
    0.000685,
    0.00069,
    0.000683,
    0.000685,
    0.000683,
    0.00068,
    0.000679,
    0.000669,
    0.000677,
    0.000684,
    0.000668,
    0.000669,
    0.00068,
    0.000671,
    0.000681,
    0.000671,
    0.000671,
    0.000677,
    0.000689,
    0.000674,
    0.000667,
    0.000672,
    0.000668,
    0.000684,
    0.00067,
    0.000691,
    0.000672,
    0.000682,
    0.00066,
    0.000683,
    0.000664,
    0.000658,
    0.00066,
    0.000662,
    0.000668,
    0.00066,
    0.000661,
    0.000666,
    0.000658,
    0.000659,
    0.000662,
    0.000661,
    0.000654,
    0.000659,
    0.000662,
    0.000652,
    0.000655,
    0.000652,
    0.000651,
    0.000649,
    0.00065,
    0.000659,
    0.000668,
    0.000665,
    0.000652,
    0.000652,
    0.000659,
    0.000662,
    0.000652,
    0.000661,
    0.000654,
    0.000646,
    0.00066,
    0.00065,
    0.000652,
    0.000652,
    0.000655,
    0.000652,
    0.00065,
    0.000666,
    0.000655,
    0.00065,
    0.00065
  ],
  "val_loss_curve": [
    0.004078,
    0.001681,
    0.001181,
    0.001048,
    0.001042,
    0.001007,
    0.001013,
    0.000988,
    0.00097,
    0.000946,
    0.000958,
    0.000949,
    0.000954,
    0.000913,
    0.000984,
    0.000939,
    0.000921,
    0.000935,
    0.000972,
    0.000935,
    0.000921,
    0.000997,
    0.000929,
    0.000942,
    0.000941,
    0.000948,
    0.000905,
    0.000934,
    0.000933,
    0.000905,
    0.000906,
    0.000923,
    0.000929,
    0.000912,
    0.000897,
    0.000934,
    0.000935,
    0.000928,
    0.000885,
    0.000899,
    0.000896,
    0.000928,
    0.000949,
    0.000933,
    0.00089,
    0.000898,
    0.000924,
    0.000958,
    0.000895,
    0.000913,
    0.000888,
    0.000926,
    0.000894,
    0.000939,
    0.000907,
    0.000883,
    0.000934,
    0.000893,
    0.000922,
    0.00092,
    0.000905,
    0.000906,
    0.000948,
    0.000911,
    0.000924,
    0.000958,
    0.000901,
    0.000904,
    0.000899,
    0.000896,
    0.000914,
    0.000924,
    0.000914,
    0.000913,
    0.000918,
    0.000916,
    0.000943,
    0.000915,
    0.000963,
    0.000897,
    0.000905,
    0.000917,
    0.00093,
    0.000995,
    0.000891,
    0.000906,
    0.000907,
    0.000891,
    0.000931,
    0.00091,
    0.00092,
    0.000904,
    0.000921,
    0.000924,
    0.000915,
    0.000899,
    0.000952,
    0.000925,
    0.000953,
    0.000925,
    0.000986,
    0.000913,
    0.000926,
    0.000938,
    0.000911,
    0.000925,
    0.000936,
    0.000933,
    0.000912,
    0.000905,
    0.00091,
    0.000911,
    0.000913,
    0.000928,
    0.000922,
    0.000897,
    0.000919,
    0.000932,
    0.000919,
    0.000943,
    0.000923,
    0.00092,
    0.000912,
    0.000908,
    0.00092,
    0.000895,
    0.000909,
    0.000924,
    0.00093,
    0.00095,
    0.000938,
    0.000928,
    0.000947,
    0.000932,
    0.000924,
    0.000935,
    0.000911,
    0.000927,
    0.000932,
    0.000927,
    0.000927,
    0.000931,
    0.000918,
    0.00092,
    0.000925,
    0.000919,
    0.000922,
    0.000931,
    0.000927,
    0.000939,
    0.000936,
    0.000924,
    0.000918,
    0.000932,
    0.000957,
    0.000935,
    0.000936,
    0.00094,
    0.000924,
    0.000922,
    0.000948,
    0.000929,
    0.000935,
    0.000931,
    0.000938,
    0.000933,
    0.000931,
    0.000946,
    0.000935,
    0.000929,
    0.000941,
    0.000932,
    0.000938,
    0.000935,
    0.000928,
    0.000928,
    0.000943,
    0.000936,
    0.00094,
    0.000937,
    0.000934,
    0.000936,
    0.000942,
    0.000942,
    0.000937,
    0.00093,
    0.000945,
    0.000954,
    0.000931,
    0.000951,
    0.000926,
    0.000945,
    0.00095,
    0.000939,
    0.000935,
    0.00093,
    0.000938,
    0.000938,
    0.000937,
    0.000957,
    0.000947,
    0.000929
  ],
  "per_company_mape": {
    "C1015": 0.074006,
    "C1033": 0.160326,
    "C1068": 0.055879,
    "C1084": 0.077211,
    "C1156": 0.104869,
    "C1208": 0.033102,
    "C121": 0.168651,
    "C1218": 0.121862,
    "C1252": 0.07776,
    "C1280": 0.133149,
    "C1313": 0.072308,
    "C1401": 0.321318,
    "C1422": 0.063967,
    "C1475": 0.326908,
    "C151": 0.282709,
    "C1554": 0.162376,
    "C1590": 0.065841,
    "C1594": 0.054855,
    "C1617": 0.116617,
    "C1624": 0.055682,
    "C1635": 0.268363,
    "C1641": 0.027444,
    "C1662": 0.118402,
    "C1675": 0.107999,
    "C1691": 0.051256,
    "C1704": 0.064376,
    "C1706": 0.196664,
    "C1709": 0.060695,
    "C1712": 0.067078,
    "C1744": 0.038676,
    "C1768": 0.182974,
    "C1770": 0.089452,
    "C1783": 0.139448,
    "C1787": 0.048436,
    "C1814": 0.086751,
    "C1817": 0.07839,
    "C1841": 0.120176,
    "C1996": 0.045543,
    "C2033": 0.27546,
    "C2040": 0.107161,
    "C2043": 0.087477,
    "C212": 0.111118,
    "C223": 0.096159,
    "C229": 0.054285,
    "C246": 0.034129,
    "C260": 0.058169,
    "C267": 0.121014,
    "C288": 0.032962,
    "C294": 0.070811,
    "C296": 0.033941,
    "C2969": 0.037758,
    "C2973": 0.028168,
    "C3011": 0.024602,
    "C3012": 0.146751,
    "C3053": 0.04956,
    "C306": 0.080334,
    "C310": 0.051705,
    "C3102": 0.131405,
    "C3130": 0.151949,
    "C3219": 0.049569,
    "C3230": 0.060476,
    "C3251": 0.065686,
    "C3419": 0.050346,
    "C3630": 0.059444,
    "C3633": 0.083439,
    "C3767": 0.177548,
    "C3774": 0.045035,
    "C3776": 0.082519,
    "C379": 0.087747,
    "C3838": 0.058157,
    "C3854": 0.095334,
    "C3856": 0.054371,
    "C391": 0.061935,
    "C3923": 0.075493,
    "C3933": 0.025799,
    "C4071": 0.085828,
    "C409": 0.141383,
    "C4102": 0.040418,