{
  "arch": "gru_baseline",
  "lob": "workers_compensation",
  "config_idx": 27,
  "dropout_rate": 0.02315,
  "learning_rate": 0.0006689,
  "batch_size": 512,
  "max_epochs": 500,
  "gru_units": 256,
  "dense_units": 64,
  "mape": 0.09363159232142043,
  "rmspe": 0.16087162312689599,
  "n_companies": 234,
  "n_filtered": 0,
  "mape_std": 0.07183665397972216,
  "mape_p25": 0.04840116604791312,
  "mape_p75": 0.11182263809038165,
  "training_time": 77.98,
  "epochs_trained": 201,
  "best_val_loss": 0.0009668840627585139,
  "train_loss_curve": [
    0.003378,
    0.001417,
    0.001214,
    0.001169,
    0.001117,
    0.001091,
    0.001077,
    0.001039,
    0.00103,
    0.001003,
    0.001003,
    0.000982,
    0.000974,
    0.000953,
    0.000952,
    0.000943,
    0.000932,
    0.000931,
    0.000923,
    0.000913,
    0.000918,
    0.000909,
    0.000894,
    0.000888,
    0.000886,
    0.000881,
    0.000874,
    0.000862,
    0.000857,
    0.00085,
    0.000844,
    0.000842,
    0.000855,
    0.000842,
    0.000832,
    0.000827,
    0.000831,
    0.000821,
    0.000818,
    0.000803,
    0.000819,
    0.000804,
    0.000813,
    0.000801,
    0.000794,
    0.000805,
    0.00079,
    0.000803,
    0.000781,
    0.000792,
    0.000789,
    0.000778,
    0.000779,
    0.000778,
    0.000783,
    0.000768,
    0.000762,
    0.000768,
    0.000778,
    0.000774,
    0.000767,
    0.00077,
    0.000751,
    0.000753,
    0.000763,
    0.000778,
    0.000763,
    0.000755,
    0.000751,
    0.000759,
    0.000739,
    0.000738,
    0.000752,
    0.000749,
    0.000743,
    0.000742,
    0.000728,
    0.00074,
    0.000739,
    0.000742,
    0.000739,
    0.000731,
    0.000742,
    0.000731,
    0.00073,
    0.00073,
    0.000727,
    0.000733,
    0.00071,
    0.000713,
    0.000715,
    0.0007,
    0.000695,
    0.000706,
    0.000703,
    0.000701,
    0.000702,
    0.000703,
    0.000695,
    0.000692,
    0.000702,
    0.000699,
    0.000697,
    0.000705,
    0.000704,
    0.000695,
    0.000698,
    0.000689,
    0.000689,
    0.000698,
    0.000698,
    0.000698,
    0.000691,
    0.000699,
    0.000693,
    0.000689,
    0.000694,
    0.0007,
    0.00069,
    0.000688,
    0.000698,
    0.000689,
    0.000696,
    0.000689,
    0.000689,
    0.000693,
    0.000691,
    0.00068,
    0.000684,
    0.000688,
    0.000687,
    0.000687,
    0.000685,
    0.000699,
    0.000694,
    0.000684,
    0.000688,
    0.000679,
    0.000673,
    0.000676,
    0.00068,
    0.000673,
    0.000679,
    0.000673,
    0.000669,
    0.000672,
    0.000668,
    0.000676,
    0.000676,
    0.000677,
    0.00067,
    0.00067,
    0.000661,
    0.000673,
    0.000676,
    0.000669,
    0.000662,
    0.000668,
    0.000676,
    0.00067,
    0.000676,
    0.00067,
    0.000664,
    0.00068,
    0.000674,
    0.000662,
    0.000663,
    0.000671,
    0.000663,
    0.00067,
    0.000667,
    0.000666,
    0.000665,
    0.000667,
    0.000668,
    0.000681,
    0.000665,
    0.000662,
    0.000663,
    0.000667,
    0.00066,
    0.000673,
    0.00067,
    0.000665,
    0.000658,
    0.000659,
    0.00066,
    0.000669,
    0.000664,
    0.000662,
    0.000666,
    0.000653,
    0.000661,
    0.000663,
    0.000658,
    0.000663,
    0.00066,
    0.000659,
    0.000658,
    0.000661,
    0.000658
  ],
  "val_loss_curve": [
    0.001663,
    0.001108,
    0.001085,
    0.001024,
    0.001035,
    0.001089,
    0.001047,
    0.001035,
    0.00109,
    0.001029,
    0.001037,
    0.001012,
    0.001028,
    0.00102,
    0.001037,
    0.001006,
    0.000979,
    0.00102,
    0.000995,
    0.001056,
    0.001032,
    0.000999,
    0.001022,
    0.000983,
    0.001032,
    0.001002,
    0.001033,
    0.001027,
    0.001023,
    0.001031,
    0.001007,
    0.001011,
    0.000991,
    0.000998,
    0.001005,
    0.001023,
    0.000967,
    0.000991,
    0.000985,
    0.000975,
    0.001011,
    0.001015,
    0.001052,
    0.000997,
    0.001034,
    0.001049,
    0.001064,
    0.000969,
    0.001009,
    0.001035,
    0.000973,
    0.00101,
    0.001005,
    0.00104,
    0.00101,
    0.001022,
    0.001003,
    0.001025,
    0.001033,
    0.001013,
    0.001136,
    0.001018,
    0.000996,
    0.000992,
    0.000977,
    0.001051,
    0.00098,
    0.001015,
    0.001039,
    0.00105,
    0.001006,
    0.000987,
    0.001037,
    0.001015,
    0.001042,
    0.001031,
    0.001035,
    0.00103,
    0.000985,
    0.001034,
    0.001012,
    0.001023,
    0.001057,
    0.001004,
    0.00103,
    0.001027,
    0.001012,
    0.00098,
    0.001011,
    0.00101,
    0.001011,
    0.00102,
    0.001014,
    0.001006,
    0.001009,
    0.00102,
    0.001013,
    0.001021,
    0.000988,
    0.001052,
    0.001024,
    0.001006,
    0.001022,
    0.001013,
    0.001009,
    0.001023,
    0.000999,
    0.001008,
    0.001016,
    0.001023,
    0.001007,
    0.001014,
    0.001035,
    0.001048,
    0.000998,
    0.001031,
    0.001031,
    0.001016,
    0.001002,
    0.001013,
    0.000997,
    0.001037,
    0.001049,
    0.001019,
    0.001005,
    0.001035,
    0.001001,
    0.001041,
    0.001023,
    0.000995,
    0.001017,
    0.001014,
    0.001032,
    0.001015,
    0.001028,
    0.001015,
    0.001057,
    0.001017,
    0.001056,
    0.001008,
    0.00101,
    0.001027,
    0.001013,
    0.001019,
    0.001014,
    0.001015,
    0.001023,
    0.001032,
    0.001021,
    0.001028,
    0.001018,
    0.001011,
    0.001013,
    0.001011,
    0.001011,
    0.001017,
    0.001025,
    0.001014,
    0.001034,
    0.001034,
    0.001026,
    0.001031,
    0.001021,
    0.001025,
    0.001028,
    0.001024,
    0.001021,
    0.001015,
    0.001016,
    0.001016,
    0.00103,
    0.001055,
    0.001023,
    0.001042,
    0.001023,
    0.001036,
    0.001019,
    0.001019,
    0.001034,
    0.001024,
    0.001023,
    0.001029,
    0.001026,
    0.001035,
    0.001027,
    0.001015,
    0.001035,
    0.001037,
    0.001032,
    0.001025,
    0.001027,
    0.001038,
    0.001024,
    0.001037,
    0.001024,
    0.001025,
    0.001026,
    0.001031,
    0.001039,
    0.001025,
    0.00104
  ],
  "per_company_mape": {
    "C1015": 0.078784,
    "C1033": 0.080377,
    "C1068": 0.041217,
    "C1084": 0.061826,
    "C1156": 0.044741,
    "C1208": 0.036488,
    "C121": 0.144311,
    "C1218": 0.129986,
    "C1252": 0.075944,
    "C1280": 0.160613,
    "C1313": 0.047615,
    "C1401": 0.319194,
    "C1422": 0.04399,
    "C1475": 0.48071,
    "C151": 0.194431,
    "C1554": 0.115651,
    "C1590": 0.037769,
    "C1594": 0.020305,
    "C1617": 0.078997,
    "C1624": 0.063533,
    "C1635": 0.263015,
    "C1641": 0.029958,
    "C1662": 0.042467,
    "C1675": 0.074735,
    "C1691": 0.04087,
    "C1704": 0.059437,
    "C1706": 0.140786,
    "C1709": 0.048283,
    "C1712": 0.089608,
    "C1744": 0.042059,
    "C1768": 0.165206,
    "C1770": 0.047179,
    "C1783": 0.136589,
    "C1787": 0.051717,
    "C1814": 0.103143,
    "C1817": 0.071581,
    "C1841": 0.102698,
    "C1996": 0.067024,
    "C2033": 0.260049,
    "C2040": 0.073015,
    "C2043": 0.049503,
    "C212": 0.231369,
    "C223": 0.076737,
    "C229": 0.051104,
    "C246": 0.033163,
    "C260": 0.087594,
    "C267": 0.207377,
    "C288": 0.040011,
    "C294": 0.073734,
    "C296": 0.039104,
    "C2969": 0.034484,
    "C2973": 0.030679,
    "C3011": 0.038163,
    "C3012": 0.186075,
    "C3053": 0.030878,
    "C306": 0.053511,
    "C310": 0.053942,
    "C3102": 0.148158,
    "C3130": 0.15757,
    "C3219": 0.036523,
    "C3230": 0.062905,
    "C3251": 0.0569,
    "C3419": 0.047431,
    "C3630": 0.159658,
    "C3633": 0.065381,
    "C3767": 0.122764,
    "C3774": 0.0367,
    "C3776": 0.086907,
    "C379": 0.0919,
    "C3838": 0.050076,
    "C3854": 0.046722,
    "C3856": 0.069015,
    "C391": 0.059764,
    "C3923": 0.082516,
    "C3933": 0.051804,
    "C4071": 0.08923,
    "C409": 0.074647,
    "C4102": 0.067038,
    "C411": 0.051753,
    "C4146": 0.226197,