{
  "arch": "gru_baseline",
  "lob": "workers_compensation",
  "config_idx": 28,
  "dropout_rate": 0.14308,
  "learning_rate": 0.0002549,
  "batch_size": 512,
  "max_epochs": 1000,
  "gru_units": 256,
  "dense_units": 64,
  "mape": 0.09528277247212494,
  "rmspe": 0.21654309979701655,
  "n_companies": 234,
  "n_filtered": 0,
  "mape_std": 0.14237189085644075,
  "mape_p25": 0.03716402813660888,
  "mape_p75": 0.09803544285107964,
  "training_time": 79.63,
  "epochs_trained": 204,
  "best_val_loss": 0.0012957978178746998,
  "train_loss_curve": [
    0.005283,
    0.002745,
    0.002081,
    0.001718,
    0.001552,
    0.001456,
    0.001426,
    0.001409,
    0.00137,
    0.001343,
    0.001336,
    0.00132,
    0.001294,
    0.001283,
    0.001289,
    0.001257,
    0.001246,
    0.001248,
    0.001225,
    0.001214,
    0.001218,
    0.001196,
    0.001184,
    0.0012,
    0.001186,
    0.001168,
    0.001171,
    0.001153,
    0.00116,
    0.001157,
    0.001162,
    0.001139,
    0.00114,
    0.001145,
    0.001141,
    0.001144,
    0.001131,
    0.001111,
    0.00111,
    0.001122,
    0.001114,
    0.001123,
    0.001113,
    0.001107,
    0.001109,
    0.001083,
    0.001106,
    0.001107,
    0.001092,
    0.00109,
    0.001084,
    0.001093,
    0.001089,
    0.001083,
    0.001072,
    0.001075,
    0.001104,
    0.001082,
    0.00106,
    0.001063,
    0.001054,
    0.001075,
    0.001073,
    0.00106,
    0.001072,
    0.001061,
    0.001054,
    0.001064,
    0.001059,
    0.001044,
    0.001039,
    0.001049,
    0.001043,
    0.00105,
    0.001034,
    0.001025,
    0.001043,
    0.001033,
    0.00104,
    0.00104,
    0.001039,
    0.001027,
    0.00103,
    0.001017,
    0.001023,
    0.001028,
    0.001015,
    0.001027,
    0.001031,
    0.001019,
    0.001005,
    0.001028,
    0.001016,
    0.001014,
    0.001021,
    0.001012,
    0.001012,
    0.001023,
    0.001006,
    0.001009,
    0.001008,
    0.001006,
    0.000995,
    0.001,
    0.000997,
    0.001013,
    0.001,
    0.001006,
    0.000991,
    0.000986,
    0.000981,
    0.000992,
    0.001,
    0.000985,
    0.00098,
    0.001,
    0.000987,
    0.000976,
    0.00098,
    0.000993,
    0.000977,
    0.000983,
    0.00098,
    0.000981,
    0.000994,
    0.000991,
    0.000985,
    0.000973,
    0.000995,
    0.000987,
    0.000977,
    0.000979,
    0.000979,
    0.000979,
    0.000988,
    0.000976,
    0.000981,
    0.000976,
    0.000967,
    0.000966,
    0.000969,
    0.000982,
    0.000987,
    0.000982,
    0.000981,
    0.000984,
    0.000973,
    0.000976,
    0.000973,
    0.000965,
    0.000976,
    0.000966,
    0.000959,
    0.000973,
    0.000972,
    0.000952,
    0.000974,
    0.000979,
    0.00095,
    0.000964,
    0.000965,
    0.000955,
    0.000968,
    0.000965,
    0.000968,
    0.000959,
    0.000963,
    0.000963,
    0.000954,
    0.000965,
    0.000967,
    0.000968,
    0.000966,
    0.000957,
    0.00096,
    0.000967,
    0.000968,
    0.000965,
    0.000964,
    0.000969,
    0.000957,
    0.000964,
    0.000957,
    0.000971,
    0.000968,
    0.000957,
    0.000968,
    0.000969,
    0.000949,
    0.000967,
    0.000954,
    0.000957,
    0.000947,
    0.000967,
    0.000969,
    0.000967,
    0.000958,
    0.000948,
    0.000961,
    0.000961,
    0.000966,
    0.000955,
    0.000952,
    0.000954
  ],
  "val_loss_curve": [
    0.00582,
    0.002858,
    0.001983,
    0.001637,
    0.001541,
    0.001492,
    0.001477,
    0.001449,
    0.001425,
    0.001416,
    0.001407,
    0.001485,
    0.001477,
    0.0014,
    0.001459,
    0.001472,
    0.001379,
    0.001423,
    0.001385,
    0.001486,
    0.001385,
    0.001443,
    0.001387,
    0.001509,
    0.001387,
    0.001464,
    0.001399,
    0.001368,
    0.001394,
    0.001435,
    0.001474,
    0.00139,
    0.001451,
    0.001397,
    0.001417,
    0.001398,
    0.001432,
    0.00137,
    0.001395,
    0.001415,
    0.001434,
    0.001372,
    0.001376,
    0.001453,
    0.001428,
    0.001419,
    0.001464,
    0.001398,
    0.001423,
    0.001362,
    0.001475,
    0.001394,
    0.00146,
    0.001441,
    0.001444,
    0.001296,
    0.0014,
    0.001412,
    0.001371,
    0.001464,
    0.001483,
    0.001412,
    0.001463,
    0.001419,
    0.001361,
    0.001417,
    0.001434,
    0.001419,
    0.001487,
    0.001491,
    0.001403,
    0.001416,
    0.001443,
    0.001446,
    0.001468,
    0.001446,
    0.001473,
    0.00138,
    0.00137,
    0.001419,
    0.001369,
    0.001389,
    0.001349,
    0.001348,
    0.001414,
    0.001409,
    0.001472,
    0.001383,
    0.001446,
    0.001411,
    0.001403,
    0.001333,
    0.001471,
    0.001406,
    0.001391,
    0.001433,
    0.001395,
    0.001438,
    0.001415,
    0.001431,
    0.001442,
    0.00144,
    0.001467,
    0.001446,
    0.001453,
    0.001494,
    0.001424,
    0.001426,
    0.001405,
    0.001435,
    0.001427,
    0.001384,
    0.00143,
    0.001472,
    0.001417,
    0.001404,
    0.001421,
    0.001424,
    0.001424,
    0.00144,
    0.001385,
    0.001452,
    0.001469,
    0.001391,
    0.001436,
    0.001467,
    0.001381,
    0.001416,
    0.001408,
    0.001422,
    0.001492,
    0.001445,
    0.001462,
    0.001455,
    0.001389,
    0.001387,
    0.001438,
    0.001382,
    0.001393,
    0.001404,
    0.001404,
    0.001421,
    0.001453,
    0.001457,
    0.001394,
    0.001442,
    0.001405,
    0.001367,
    0.001425,
    0.001395,
    0.001419,
    0.001462,
    0.001448,
    0.001444,
    0.001472,
    0.001457,
    0.001465,
    0.001461,
    0.00142,
    0.001411,
    0.001415,
    0.001404,
    0.001425,
    0.001414,
    0.001424,
    0.001421,
    0.001457,
    0.001403,
    0.001398,
    0.001431,
    0.001437,
    0.001378,
    0.001453,
    0.001413,
    0.001417,
    0.001428,
    0.00144,
    0.001412,
    0.001457,
    0.001423,
    0.001485,
    0.001463,
    0.001392,
    0.001425,
    0.001439,
    0.001417,
    0.001417,
    0.001455,
    0.001409,
    0.001416,
    0.00147,
    0.001393,
    0.001416,
    0.001434,
    0.001419,
    0.001422,
    0.001402,
    0.001424,
    0.001383,
    0.001433,
    0.001486,
    0.001403,
    0.001408,
    0.001411
  ],
  "per_company_mape": {
    "C1015": 0.179821,
    "C1033": 0.059136,
    "C1068": 0.078869,
    "C1084": 0.039001,
    "C1156": 0.079872,
    "C1208": 0.025079,
    "C121": 0.079789,
    "C1218": 0.107692,
    "C1252": 0.028482,
    "C1280": 0.058366,
    "C1313": 0.038942,
    "C1401": 0.334341,
    "C1422": 0.032901,
    "C1475": 0.639713,
    "C151": 0.153166,
    "C1554": 0.142052,
    "C1590": 0.051606,
    "C1594": 0.026556,
    "C1617": 0.230493,
    "C1624": 0.042531,
    "C1635": 0.821051,
    "C1641": 0.106116,
    "C1662": 0.035746,
    "C1675": 0.060248,
    "C1691": 0.029233,
    "C1704": 0.056076,
    "C1706": 0.208652,
    "C1709": 0.105523,
    "C1712": 0.149561,
    "C1744": 0.052401,
    "C1768": 0.100729,
    "C1770": 0.05865,
    "C1783": 0.173505,
    "C1787": 0.127254,
    "C1814": 0.104234,
    "C1817": 0.094757,
    "C1841": 0.09387,
    "C1996": 0.04192,
    "C2033": 0.463974,
    "C2040": 0.083059,
    "C2043": 0.052905,
    "C212": 0.097079,
    "C223": 0.066512,
    "C229": 0.075052,
    "C246": 0.034581,
    "C260": 0.031412,
    "C267": 0.137067,
    "C288": 0.043582,
    "C294": 0.059545,
    "C296": 0.051019,
    "C2969": 0.053019,
    "C2973": 0.053836,
    "C3011": 0.042698,
    "C3012": 0.110688,
    "C3053": 0.026199,
    "C306": 0.052408,
    "C310": 0.034931,
    "C3102": 0.05806,
    "C3130": 0.205768,
    "C3219": 0.033979,
    "C3230": 0.031706,
    "C3251": 0.123432,
    "C3419": 0.076087,
    "C3630": 0.080345,
    "C3633": 0.080475,
    "C3767": 0.132508,
    "C3774": 0.051308,
    "C3776": 0.061907,
    "C379": 0.110711,
    "C3838": 0.043211,
    "C3854": 0.124467,
    "C3856": 0.082394,
    "C391": 0.064245,
    "C3923": 0.082863,
    "C3933": 0.054535,
    "C4071": 0.088485,