{
  "arch": "gru_baseline",
  "lob": "workers_compensation",
  "config_idx": 9,
  "dropout_rate": 0.04913,
  "learning_rate": 0.004359,
  "batch_size": 256,
  "max_epochs": 1000,
  "gru_units": 64,
  "dense_units": 32,
  "mape": 0.09397368056700084,
  "rmspe": 0.23147452857555312,
  "n_companies": 234,
  "n_filtered": 0,
  "mape_std": 0.1104636325485079,
  "mape_p25": 0.04452776021799716,
  "mape_p75": 0.10056816847052244,
  "training_time": 84.61,
  "epochs_trained": 201,
  "best_val_loss": 0.000969700440431812,
  "train_loss_curve": [
    0.002214,
    0.001492,
    0.001297,
    0.001203,
    0.001141,
    0.001165,
    0.001078,
    0.001049,
    0.001078,
    0.001097,
    0.001039,
    0.001024,
    0.001011,
    0.001011,
    0.001094,
    0.001058,
    0.001017,
    0.001022,
    0.00097,
    0.000938,
    0.000957,
    0.001006,
    0.000942,
    0.000959,
    0.000953,
    0.001011,
    0.000933,
    0.000992,
    0.000923,
    0.000914,
    0.000916,
    0.00091,
    0.000898,
    0.000927,
    0.000902,
    0.000888,
    0.000891,
    0.000891,
    0.000886,
    0.000868,
    0.000879,
    0.000895,
    0.000982,
    0.000908,
    0.0009,
    0.000931,
    0.000882,
    0.000882,
    0.000928,
    0.000892,
    0.00087,
    0.000899,
    0.000865,
    0.000864,
    0.000868,
    0.000862,
    0.000845,
    0.000848,
    0.000844,
    0.000847,
    0.000835,
    0.000893,
    0.000854,
    0.000853,
    0.000877,
    0.000875,
    0.000935,
    0.00084,
    0.000843,
    0.000832,
    0.000821,
    0.000833,
    0.000918,
    0.000846,
    0.000826,
    0.000821,
    0.000828,
    0.000826,
    0.000829,
    0.000818,
    0.000813,
    0.000795,
    0.0008,
    0.000792,
    0.000824,
    0.000865,
    0.000842,
    0.000793,
    0.000794,
    0.000809,
    0.000769,
    0.000779,
    0.000783,
    0.000772,
    0.000776,
    0.000787,
    0.000768,
    0.000775,
    0.000774,
    0.000766,
    0.000764,
    0.000767,
    0.000761,
    0.000777,
    0.000773,
    0.000782,
    0.000779,
    0.000767,
    0.000772,
    0.000764,
    0.000782,
    0.000758,
    0.000759,
    0.00079,
    0.000786,
    0.000762,
    0.000757,
    0.000765,
    0.000854,
    0.000772,
    0.00075,
    0.000742,
    0.000756,
    0.000772,
    0.000784,
    0.00076,
    0.00075,
    0.000752,
    0.000746,
    0.000746,
    0.00075,
    0.000754,
    0.000741,
    0.000763,
    0.000743,
    0.000741,
    0.000742,
    0.000742,
    0.000734,
    0.00073,
    0.000744,
    0.000732,
    0.000739,
    0.00074,
    0.000725,
    0.000735,
    0.00073,
    0.000743,
    0.000753,
    0.00075,
    0.00072,
    0.000734,
    0.00073,
    0.000731,
    0.000793,
    0.000732,
    0.000743,
    0.000724,
    0.000726,
    0.000728,
    0.000734,
    0.000733,
    0.000722,
    0.000758,
    0.000723,
    0.000738,
    0.000738,
    0.000733,
    0.000722,
    0.000752,
    0.000748,
    0.000727,
    0.000724,
    0.000729,
    0.000743,
    0.000739,
    0.000718,
    0.000739,
    0.000744,
    0.000721,
    0.000719,
    0.000716,
    0.000726,
    0.000715,
    0.000707,
    0.000732,
    0.000711,
    0.000737,
    0.000722,
    0.000721,
    0.000994,
    0.000737,
    0.00072,
    0.000711,
    0.000727,
    0.000732,
    0.000717,
    0.000713,
    0.00071,
    0.000726,
    0.00071
  ],
  "val_loss_curve": [
    0.001321,
    0.001247,
    0.001177,
    0.00122,
    0.001844,
    0.001103,
    0.001051,
    0.001596,
    0.001694,
    0.001078,
    0.001079,
    0.001051,
    0.001049,
    0.00113,
    0.000991,
    0.001255,
    0.001158,
    0.001161,
    0.001087,
    0.001076,
    0.001051,
    0.001126,
    0.001003,
    0.001303,
    0.001145,
    0.00106,
    0.00175,
    0.00097,
    0.001055,
    0.001042,
    0.001166,
    0.001037,
    0.00103,
    0.001086,
    0.00099,
    0.001102,
    0.001082,
    0.001091,
    0.001098,
    0.001192,
    0.00102,
    0.001178,
    0.001038,
    0.001232,
    0.001043,
    0.000988,
    0.001119,
    0.001187,
    0.001035,
    0.001236,
    0.00098,
    0.000999,
    0.001323,
    0.001266,
    0.001176,
    0.001092,
    0.001164,
    0.00103,
    0.001017,
    0.001062,
    0.001253,
    0.001048,
    0.000985,
    0.001056,
    0.001082,
    0.001856,
    0.001095,
    0.001055,
    0.001077,
    0.001001,
    0.001151,
    0.001156,
    0.001137,
    0.001038,
    0.001119,
    0.001027,
    0.001001,
    0.00114,
    0.001021,
    0.001075,
    0.000997,
    0.001082,
    0.001001,
    0.001118,
    0.001335,
    0.001226,
    0.001101,
    0.001082,
    0.001035,
    0.001045,
    0.001054,
    0.00105,
    0.001087,
    0.001056,
    0.001115,
    0.001113,
    0.001031,
    0.001089,
    0.001037,
    0.001037,
    0.001089,
    0.001043,
    0.001011,
    0.001078,
    0.001082,
    0.000998,
    0.001015,
    0.00106,
    0.001056,
    0.00102,
    0.00104,
    0.001061,
    0.001071,
    0.001066,
    0.001045,
    0.00104,
    0.001141,
    0.001008,
    0.001,
    0.001113,
    0.001022,
    0.001035,
    0.001113,
    0.001039,
    0.001113,
    0.00111,
    0.001073,
    0.001056,
    0.001086,
    0.001033,
    0.001052,
    0.001093,
    0.001082,
    0.001113,
    0.001045,
    0.001046,
    0.001028,
    0.00107,
    0.001055,
    0.001083,
    0.001034,
    0.001058,
    0.001033,
    0.001058,
    0.001064,
    0.00106,
    0.001064,
    0.001072,
    0.001038,
    0.001063,
    0.001075,
    0.00108,
    0.001032,
    0.00107,
    0.001071,
    0.001066,
    0.001051,
    0.001066,
    0.001035,
    0.001072,
    0.001057,
    0.001067,
    0.001079,
    0.001039,
    0.001056,
    0.001083,
    0.001041,
    0.00109,
    0.001047,
    0.001015,
    0.001091,
    0.001042,
    0.001059,
    0.001036,
    0.001013,
    0.001078,
    0.001046,
    0.001075,
    0.00109,
    0.001063,
    0.001097,
    0.001082,
    0.00104,
    0.001051,
    0.001056,
    0.001045,
    0.00107,
    0.001077,
    0.001075,
    0.001068,
    0.001045,
    0.001056,
    0.001062,
    0.001047,
    0.001037,
    0.001043,
    0.00107,
    0.001053,
    0.00107,
    0.001067,
    0.001059
  ],
  "per_company_mape": {
    "C1015": 0.049929,
    "C1033": 0.055169,
    "C1068": 0.067055,
    "C1084": 0.048224,
    "C1156": 0.085347,
    "C1208": 0.022239,
    "C121": 0.083416,
    "C1218": 0.098571,
    "C1252": 0.05761,
    "C1280": 0.145452,
    "C1313": 0.029422,
    "C1401": 0.294054,
    "C1422": 0.087881,
    "C1475": 1.210795,
    "C151": 0.240827,
    "C1554": 0.070886,
    "C1590": 0.055516,
    "C1594": 0.066575,
    "C1617": 0.16693,
    "C1624": 0.032502,
    "C1635": 0.336171,
    "C1641": 0.067732,
    "C1662": 0.058275,
    "C1675": 0.052827,
    "C1691": 0.023145,
    "C1704": 0.047013,
    "C1706": 0.114965,
    "C1709": 0.144796,
    "C1712": 0.219882,
    "C1744": 0.081477,
    "C1768": 0.156809,
    "C1770": 0.058699,
    "C1783": 0.249595,
    "C1787": 0.102227,
    "C1814": 0.105245,
    "C1817": 0.123104,
    "C1841": 0.204643,
    "C1996": 0.046912,
    "C2033": 0.313945,
    "C2040": 0.094946,
    "C2043": 0.085335,
    "C212": 0.126193,
    "C223": 0.08842,
    "C229": 0.058608,
    "C246": 0.045155,
    "C260": 0.036019,
    "C267": 0.248049,
    "C288": 0.023228,
    "C294": 0.19448,
    "C296": 0.032566,
    "C2969": 0.034924,
    "C2973": 0.052803,
    "C3011": 0.030893,
    "C3012": 0.079916,
    "C3053": 0.056402,
    "C306": 0.055432,
    "C310": 0.037739,
    "C3102": 0.073063,
    "C3130": 0.133348,
    "C3219": 0.030447,
    "C3230": 0.0392,
    "C3251": 0.100899,
    "C3419": 0.124327,
    "C3630": 0.096255,
    "C3633": 0.070177,
    "C3767": 0.088116,
    "C3774": 0.033981,
    "C3776": 0.059808,
    "C379": 0.080906,
    "C3838": 0.061926,
    "C3854": 0.113212,
    "C3856": 0.075527,
    "C391": 0.042691,
    "C3923": 0.15308,
    "C3933": 0.048141,
    "C4071": 0.112589,
    "C409": 0.026213,
    "C4102": 0.019076,
    "C411": 0.047787,
    "C4146": 0.224541,