{
  "arch": "gru_baseline",
  "lob": "workers_compensation",
  "config_idx": 47,
  "dropout_rate": 0.0114,
  "learning_rate": 0.0003036,
  "batch_size": 1024,
  "max_epochs": 1000,
  "gru_units": 256,
  "dense_units": 64,
  "mape": 0.08872640245133825,
  "rmspe": 0.18597484793164962,
  "n_companies": 234,
  "n_filtered": 0,
  "mape_std": 0.09910173920144075,
  "mape_p25": 0.037144690990379786,
  "mape_p75": 0.09822311589510863,
  "training_time": 75.65,
  "epochs_trained": 205,
  "best_val_loss": 0.0008969767295639031,
  "train_loss_curve": [
    0.00587,
    0.002885,
    0.001988,
    0.001568,
    0.001367,
    0.001266,
    0.001192,
    0.001151,
    0.001138,
    0.001108,
    0.001123,
    0.001083,
    0.001091,
    0.00108,
    0.001066,
    0.001078,
    0.001072,
    0.001043,
    0.00108,
    0.001038,
    0.001048,
    0.001032,
    0.001019,
    0.001021,
    0.001007,
    0.001028,
    0.000992,
    0.001003,
    0.001009,
    0.000989,
    0.000985,
    0.000992,
    0.000974,
    0.000977,
    0.000975,
    0.000973,
    0.000957,
    0.000966,
    0.000948,
    0.000946,
    0.000935,
    0.000956,
    0.000934,
    0.000944,
    0.00093,
    0.000924,
    0.000921,
    0.000941,
    0.000918,
    0.000924,
    0.000934,
    0.00091,
    0.000893,
    0.000904,
    0.000906,
    0.00093,
    0.000901,
    0.000909,
    0.000879,
    0.000879,
    0.000882,
    0.000876,
    0.000884,
    0.000874,
    0.000866,
    0.000869,
    0.000876,
    0.000872,
    0.000859,
    0.000862,
    0.000853,
    0.000863,
    0.00086,
    0.000859,
    0.000842,
    0.000852,
    0.000845,
    0.00085,
    0.000856,
    0.000851,
    0.000849,
    0.000834,
    0.000835,
    0.000828,
    0.000838,
    0.000835,
    0.000826,
    0.000817,
    0.000815,
    0.000816,
    0.000822,
    0.000815,
    0.000819,
    0.000818,
    0.000808,
    0.000815,
    0.000806,
    0.000794,
    0.000813,
    0.000797,
    0.000803,
    0.000804,
    0.0008,
    0.000795,
    0.000787,
    0.000804,
    0.000805,
    0.000802,
    0.0008,
    0.000791,
    0.000785,
    0.0008,
    0.000794,
    0.000788,
    0.000789,
    0.00078,
    0.000782,
    0.000779,
    0.000792,
    0.000781,
    0.000777,
    0.000776,
    0.000775,
    0.00076,
    0.000768,
    0.000779,
    0.00077,
    0.000767,
    0.000775,
    0.000767,
    0.000769,
    0.000765,
    0.000769,
    0.00077,
    0.000766,
    0.000763,
    0.000761,
    0.000761,
    0.000769,
    0.000751,
    0.000754,
    0.00075,
    0.000761,
    0.000757,
    0.00076,
    0.000755,
    0.00074,
    0.000743,
    0.000751,
    0.000755,
    0.00074,
    0.000737,
    0.000765,
    0.000746,
    0.000737,
    0.000739,
    0.000736,
    0.000747,
    0.000754,
    0.000736,
    0.000739,
    0.000736,
    0.000735,
    0.000736,
    0.000738,
    0.000749,
    0.000734,
    0.00075,
    0.000729,
    0.000728,
    0.000737,
    0.000727,
    0.000733,
    0.000736,
    0.000726,
    0.000742,
    0.000754,
    0.000743,
    0.000722,
    0.000726,
    0.000742,
    0.000725,
    0.000727,
    0.000746,
    0.00072,
    0.00071,
    0.000718,
    0.000701,
    0.000712,
    0.000714,
    0.00071,
    0.00071,
    0.000717,
    0.000714,
    0.000709,
    0.000707,
    0.00072,
    0.000712,
    0.000724,
    0.000719,
    0.000703,
    0.000716,
    0.000718,
    0.000701,
    0.00071
  ],
  "val_loss_curve": [
    0.008984,
    0.003554,
    0.002348,
    0.001507,
    0.001209,
    0.001106,
    0.001048,
    0.001031,
    0.00103,
    0.001011,
    0.001003,
    0.001001,
    0.001003,
    0.000975,
    0.000989,
    0.000998,
    0.000988,
    0.00097,
    0.000947,
    0.00098,
    0.00097,
    0.000984,
    0.000957,
    0.000938,
    0.000932,
    0.000954,
    0.000936,
    0.000932,
    0.000939,
    0.000935,
    0.000959,
    0.000971,
    0.000948,
    0.000921,
    0.00094,
    0.000945,
    0.000953,
    0.000919,
    0.000955,
    0.000921,
    0.00092,
    0.000923,
    0.000953,
    0.000929,
    0.000932,
    0.000912,
    0.000919,
    0.000914,
    0.00093,
    0.000924,
    0.000914,
    0.000915,
    0.000937,
    0.000958,
    0.000931,
    0.00092,
    0.000929,
    0.000937,
    0.000924,
    0.000916,
    0.000912,
    0.000937,
    0.000944,
    0.000931,
    0.000937,
    0.000902,
    0.000937,
    0.000917,
    0.000917,
    0.000956,
    0.000917,
    0.000907,
    0.000922,
    0.00091,
    0.000913,
    0.000904,
    0.000922,
    0.000929,
    0.000914,
    0.000926,
    0.000923,
    0.000917,
    0.000906,
    0.000937,
    0.000931,
    0.000905,
    0.000909,
    0.000902,
    0.000902,
    0.000918,
    0.000909,
    0.00091,
    0.000923,
    0.000906,
    0.000928,
    0.000907,
    0.000898,
    0.000906,
    0.000906,
    0.000917,
    0.000904,
    0.000919,
    0.000918,
    0.000923,
    0.000942,
    0.000916,
    0.000926,
    0.000912,
    0.000922,
    0.000923,
    0.000937,
    0.000907,
    0.000909,
    0.0009,
    0.000923,
    0.000916,
    0.000912,
    0.000908,
    0.000898,
    0.000913,
    0.000898,
    0.000918,
    0.00091,
    0.000926,
    0.000914,
    0.00091,
    0.000909,
    0.000918,
    0.000923,
    0.000916,
    0.000921,
    0.000897,
    0.000929,
    0.000906,
    0.000921,
    0.000908,
    0.000948,
    0.000918,
    0.000915,
    0.000918,
    0.000912,
    0.000906,
    0.000898,
    0.000917,
    0.000915,
    0.000909,
    0.000904,
    0.000948,
    0.000927,
    0.000903,
    0.000932,
    0.000906,
    0.000905,
    0.000906,
    0.000921,
    0.000906,
    0.000917,
    0.000921,
    0.000917,
    0.00091,
    0.000938,
    0.000909,
    0.000935,
    0.000924,
    0.000927,
    0.000912,
    0.000928,
    0.00093,
    0.000916,
    0.000936,
    0.000914,
    0.000943,
    0.000907,
    0.000925,
    0.000927,
    0.000906,
    0.000929,
    0.000915,
    0.000934,
    0.000919,
    0.000921,
    0.000928,
    0.000917,
    0.000912,
    0.000933,
    0.000923,
    0.000931,
    0.000925,
    0.000918,
    0.000914,
    0.000922,
    0.00093,
    0.000913,
    0.000924,
    0.000914,
    0.000929,
    0.000928,
    0.000924,
    0.000923,
    0.000931,
    0.000914,
    0.000918,
    0.000928,
    0.000919,
    0.000921
  ],
  "per_company_mape": {
    "C1015": 0.048513,
    "C1033": 0.087591,
    "C1068": 0.056981,
    "C1084": 0.031612,
    "C1156": 0.087365,
    "C1208": 0.052719,
    "C121": 0.104288,
    "C1218": 0.123788,
    "C1252": 0.025495,
    "C1280": 0.063508,
    "C1313": 0.047347,
    "C1401": 0.431668,
    "C1422": 0.051674,
    "C1475": 0.767377,
    "C151": 0.219618,
    "C1554": 0.176871,
    "C1590": 0.054594,
    "C1594": 0.022285,
    "C1617": 0.128693,
    "C1624": 0.081044,
    "C1635": 0.241037,
    "C1641": 0.028648,
    "C1662": 0.037031,
    "C1675": 0.020118,
    "C1691": 0.030928,
    "C1704": 0.047479,
    "C1706": 0.137014,
    "C1709": 0.120244,
    "C1712": 0.249066,
    "C1744": 0.061205,
    "C1768": 0.056954,
    "C1770": 0.052144,
    "C1783": 0.206321,
    "C1787": 0.130885,
    "C1814": 0.095652,
    "C1817": 0.053771,
    "C1841": 0.085272,
    "C1996": 0.047911,
    "C2033": 0.388529,
    "C2040": 0.066178,
    "C2043": 0.031937,
    "C212": 0.149065,
    "C223": 0.09837,
    "C229": 0.039807,
    "C246": 0.033374,
    "C260": 0.033044,
    "C267": 0.136955,
    "C288": 0.046823,
    "C294": 0.067777,
    "C296": 0.03422,
    "C2969": 0.050199,
    "C2973": 0.03239,
    "C3011": 0.03852,
    "C3012": 0.116981,
    "C3053": 0.016794,
    "C306": 0.036939,
    "C310": 0.045115,
    "C3102": 0.063579,
    "C3130": 0.130181,
    "C3219": 0.052261,
    "C3230": 0.026046,
    "C3251": 0.079916,
    "C3419": 0.074813,
    "C3630": 0.08056,
    "C3633": 0.087287,
    "C3767": 0.097784,
    "C3774": 0.033066,
    "C3776": 0.064572,
    "C379": 0.064034,
    "C3838": 0.045111,
    "C3854": 0.095728,
    "C3856": 0.043884,
    "C391": 0.029541,
    "C3923": 0.123348,