{
  "arch": "gru_baseline",
  "lob": "workers_compensation",
  "config_idx": 68,
  "dropout_rate": 0.03635,
  "learning_rate": 0.0001031,
  "batch_size": 1024,
  "max_epochs": 1000,
  "gru_units": 256,
  "dense_units": 64,
  "mape": 0.089710041830461,
  "rmspe": 0.19170462402530639,
  "n_companies": 234,
  "n_filtered": 0,
  "mape_std": 0.12602315044079948,
  "mape_p25": 0.03448569958185002,
  "mape_p75": 0.09645745457489477,
  "training_time": 87.11,
  "epochs_trained": 222,
  "best_val_loss": 0.0009622634388506413,
  "train_loss_curve": [
    0.007009,
    0.004909,
    0.003643,
    0.002987,
    0.00257,
    0.002287,
    0.002066,
    0.001851,
    0.001766,
    0.001646,
    0.001557,
    0.001505,
    0.001422,
    0.00141,
    0.00136,
    0.00135,
    0.001331,
    0.001301,
    0.001294,
    0.001263,
    0.001243,
    0.001225,
    0.001256,
    0.001251,
    0.001233,
    0.001213,
    0.001208,
    0.001179,
    0.00121,
    0.001191,
    0.001171,
    0.001156,
    0.001179,
    0.001152,
    0.001153,
    0.001176,
    0.001184,
    0.001146,
    0.001163,
    0.001128,
    0.001146,
    0.001169,
    0.001111,
    0.001117,
    0.001099,
    0.001105,
    0.001101,
    0.001113,
    0.001097,
    0.001087,
    0.001101,
    0.001099,
    0.001109,
    0.001077,
    0.001084,
    0.001076,
    0.001086,
    0.001056,
    0.001074,
    0.001077,
    0.00106,
    0.001053,
    0.001076,
    0.001066,
    0.001071,
    0.001055,
    0.001046,
    0.001056,
    0.001048,
    0.001054,
    0.001036,
    0.00104,
    0.00104,
    0.001042,
    0.001048,
    0.00103,
    0.00102,
    0.001042,
    0.001022,
    0.001025,
    0.00103,
    0.001013,
    0.001013,
    0.001034,
    0.001035,
    0.001007,
    0.001024,
    0.001021,
    0.001009,
    0.001014,
    0.001015,
    0.001027,
    0.001007,
    0.001,
    0.001003,
    0.000999,
    0.001006,
    0.000997,
    0.000998,
    0.001,
    0.001022,
    0.000992,
    0.00098,
    0.000981,
    0.000998,
    0.000996,
    0.000969,
    0.000986,
    0.001001,
    0.000988,
    0.000994,
    0.000971,
    0.000974,
    0.000985,
    0.000978,
    0.000977,
    0.00097,
    0.000971,
    0.000981,
    0.000972,
    0.000966,
    0.000963,
    0.00096,
    0.000966,
    0.000953,
    0.000949,
    0.000948,
    0.000969,
    0.000954,
    0.000956,
    0.000961,
    0.000952,
    0.000956,
    0.000936,
    0.000956,
    0.00095,
    0.000956,
    0.000941,
    0.000949,
    0.000938,
    0.00095,
    0.000967,
    0.00095,
    0.000929,
    0.000938,
    0.000959,
    0.000943,
    0.000944,
    0.000931,
    0.000939,
    0.000921,
    0.000939,
    0.000913,
    0.000916,
    0.000939,
    0.000938,
    0.000957,
    0.000929,
    0.000939,
    0.000914,
    0.000915,
    0.000908,
    0.000925,
    0.00093,
    0.00091,
    0.000923,
    0.000924,
    0.000916,
    0.000927,
    0.000917,
    0.000908,
    0.000922,
    0.000921,
    0.00091,
    0.00091,
    0.000897,
    0.00092,
    0.000918,
    0.000904,
    0.000898,
    0.000897,
    0.000915,
    0.000907,
    0.000902,
    0.000906,
    0.000913,
    0.0009,
    0.000896,
    0.000907,
    0.000902,
    0.00091,
    0.000884,
    0.000901,
    0.000894,
    0.000881,
    0.000898,
    0.000895,
    0.000892,
    0.000905,
    0.000896,
    0.000904,
    0.000893,
    0.0009,
    0.000881,
    0.000884,
    0.000885,
    0.000888,
    0.000893,
    0.000881,
    0.000881,
    0.000896,
    0.000895,
    0.000873,
    0.000874,
    0.000874,
    0.000898,
    0.000878,
    0.000877,
    0.000896,
    0.000864,
    0.000885,
    0.000873
  ],
  "val_loss_curve": [
    0.012355,
    0.009813,
    0.006417,
    0.0048,
    0.003958,
    0.003171,
    0.002577,
    0.002122,
    0.001851,
    0.001662,
    0.001537,
    0.001418,
    0.001343,
    0.001283,
    0.001225,
    0.001211,
    0.00116,
    0.00119,
    0.001139,
    0.001124,
    0.001122,
    0.001101,
    0.001086,
    0.001111,
    0.00109,
    0.001086,
    0.001076,
    0.001071,
    0.001071,
    0.001059,
    0.00106,
    0.001059,
    0.00107,
    0.001052,
    0.001052,
    0.001047,
    0.001059,
    0.001035,
    0.001041,
    0.001054,
    0.001043,
    0.001038,
    0.001066,
    0.001036,
    0.001031,
    0.001034,
    0.001052,
    0.001046,
    0.001029,
    0.001044,
    0.001034,
    0.001042,
    0.001025,
    0.001025,
    0.001017,
    0.00102,
    0.001025,
    0.001028,
    0.001026,
    0.001012,
    0.001021,
    0.001018,
    0.001028,
    0.00102,
    0.001022,
    0.001016,
    0.000996,
    0.00102,
    0.001032,
    0.001022,
    0.001016,
    0.001019,
    0.001012,
    0.001002,
    0.001008,
    0.001014,
    0.001003,
    0.001019,
    0.001021,
    0.001,
    0.001035,
    0.001006,
    0.001007,
    0.00101,
    0.001029,
    0.001016,
    0.001012,
    0.001034,
    0.001027,
    0.001023,
    0.001,
    0.001029,
    0.001021,
    0.001015,
    0.001011,
    0.001021,
    0.001002,
    0.001017,
    0.001024,
    0.00101,
    0.001008,
    0.000991,
    0.001011,
    0.000995,
    0.001003,
    0.001006,
    0.000988,
    0.001011,
    0.001018,
    0.001019,
    0.000997,
    0.001008,
    0.001019,
    0.001001,
    0.000991,
    0.001003,
    0.001019,
    0.001023,
    0.000998,
    0.001011,
    0.000998,
    0.00101,
    0.001008,
    0.00102,
    0.000999,
    0.001017,
    0.001015,
    0.000999,
    0.001019,
    0.000994,
    0.001006,
    0.001003,
    0.001018,
    0.001011,
    0.001,
    0.000998,
    0.00099,
    0.001027,
    0.000995,
    0.000994,
    0.000982,
    0.000992,
    0.00102,
    0.001015,
    0.000989,
    0.000993,
    0.00102,
    0.001012,
    0.001008,
    0.000996,
    0.000985,
    0.00101,
    0.001015,
    0.000998,
    0.001003,
    0.000986,
    0.001004,
    0.000994,
    0.001,
    0.001018,
    0.000994,
    0.001002,
    0.001006,
    0.000986,
    0.001006,
    0.000992,
    0.000987,
    0.000989,
    0.001022,
    0.001008,
    0.000996,
    0.000997,
    0.000987,
    0.000991,
    0.001001,
    0.001001,
    0.000997,
    0.000999,
    0.000999,
    0.000992,
    0.00098,
    0.000997,
    0.001007,
    0.00099,
    0.000987,
    0.000998,
    0.00099,
    0.000997,
    0.00101,
    0.000974,
    0.001018,
    0.000983,
    0.001004,
    0.000978,
    0.000997,
    0.000992,
    0.001012,
    0.000986,
    0.000989,
    0.001008,
    0.000986,
    0.000991,
    0.000987,
    0.00103,
    0.000995,
    0.00098,
    0.001003,
    0.000982,
    0.000991,
    0.001012,
    0.000987,
    0.001,
    0.000989,
    0.001008,
    0.000989,
    0.000962,
    0.000989,
    0.00098,
    0.000975,
    0.000987,
    0.000974,
    0.000982
  ],
  "per_company_mape": {
    "C1015": 0.05427,
    "C1033": 0.082275,
    "C1068": 0.045922,
    "C1084": 0.055724,
    "C1156": 0.073081,
    "C1208": 0.02945,
    "C121": 0.08069,
    "C1218": 0.14573,
    "C1252": 0.02335,
    "C1280": 0.078294,
    "C1313": 0.029985,
    "C1401": 0.330048,
    "C1422": 0.103258,
    "C1475": 0.505985,
    "C151": 0.166718,
    "C1554": 0.110738,
    "C1590": 0.058049,
    "C1594": 0.032673,
    "C1617": 0.17753,
    "C1624": 0.033403,
    "C1635": 0.557863,
    "C1641": 0.068323,
    "C1662": 0.04297,
    "C1675": 0.03768,
    "C1691": 0.023831,
    "C1704": 0.071997,
    "C1706": 0.219441,
    "C1709": 0.13304,
    "C1712": 0.153311,
    "C1744": 0.073318,
    "C1768": 0.100358,
    "C1770": 0.045371,
    "C1783": 0.197048,
    "C1787": 0.12423,
    "C1814": 0.091079,
    "C1817": 0.091731,
    "C1841": 0.116132,
    "C1996": 0.050092,
    "C2033": 0.272171,
    "C2040": 0.116952,
    "C2043": 0.102878,
    "C212": 0.218334,
    "C223": 0.10646,
    "C229": 0.037283,
    "C246": 0.017167,
    "C260": 0.031659,
    "C267": 0.147555,
    "C288": 0.009298,
    "C294": 0.05984,
    "C296": 0.026303,
    "C2969": 0.046124,
    "C2973": 0.027225,
    "C3011": 0.026163,
    "C3012": 0.074867,
    "C3053": 0.024922,