{
  "arch": "gru_baseline",
  "lob": "workers_compensation",
  "config_idx": 64,
  "dropout_rate": 0.01983,
  "learning_rate": 0.00375,
  "batch_size": 256,
  "max_epochs": 1000,
  "gru_units": 256,
  "dense_units": 128,
  "mape": 0.08607685882560075,
  "rmspe": 0.16576609440133303,
  "n_companies": 234,
  "n_filtered": 0,
  "mape_std": 0.08923375711816194,
  "mape_p25": 0.03670112260109758,
  "mape_p75": 0.09341287366575839,
  "training_time": 98.67,
  "epochs_trained": 201,
  "best_val_loss": 0.0009576166235742026,
  "train_loss_curve": [
    0.003327,
    0.001185,
    0.001097,
    0.001061,
    0.001111,
    0.001016,
    0.000998,
    0.001,
    0.001039,
    0.000928,
    0.000884,
    0.000891,
    0.000896,
    0.000919,
    0.000906,
    0.000932,
    0.000862,
    0.000855,
    0.000825,
    0.00086,
    0.000853,
    0.000846,
    0.0008,
    0.000831,
    0.000832,
    0.000844,
    0.000824,
    0.000848,
    0.000779,
    0.000762,
    0.000764,
    0.000765,
    0.000872,
    0.000875,
    0.00081,
    0.000778,
    0.000827,
    0.000833,
    0.000792,
    0.000788,
    0.000803,
    0.000767,
    0.000776,
    0.000772,
    0.00076,
    0.000789,
    0.000763,
    0.000726,
    0.000734,
    0.00072,
    0.000705,
    0.000698,
    0.000724,
    0.000709,
    0.000688,
    0.000831,
    0.001054,
    0.000785,
    0.000734,
    0.000717,
    0.000726,
    0.000733,
    0.000784,
    0.00071,
    0.000714,
    0.000695,
    0.000689,
    0.0007,
    0.000702,
    0.000683,
    0.000674,
    0.00068,
    0.000658,
    0.00068,
    0.000676,
    0.000683,
    0.000762,
    0.000708,
    0.000747,
    0.000664,
    0.000635,
    0.000623,
    0.000619,
    0.000622,
    0.000629,
    0.000622,
    0.000624,
    0.000607,
    0.000605,
    0.000599,
    0.000603,
    0.000605,
    0.000602,
    0.000591,
    0.000596,
    0.000632,
    0.000618,
    0.000596,
    0.00059,
    0.000586,
    0.000582,
    0.000589,
    0.000588,
    0.000581,
    0.000625,
    0.00059,
    0.000582,
    0.00059,
    0.000588,
    0.000605,
    0.000698,
    0.000714,
    0.000657,
    0.000624,
    0.00059,
    0.000583,
    0.000612,
    0.00062,
    0.000602,
    0.000581,
    0.000578,
    0.000577,
    0.000579,
    0.000569,
    0.00058,
    0.000572,
    0.000556,
    0.000569,
    0.000575,
    0.000564,
    0.000552,
    0.000541,
    0.000534,
    0.000534,
    0.000531,
    0.000539,
    0.000531,
    0.000534,
    0.000527,
    0.000546,
    0.000537,
    0.000541,
    0.000532,
    0.000534,
    0.000537,
    0.000534,
    0.000539,
    0.000528,
    0.000528,
    0.000523,
    0.00054,
    0.00052,
    0.000517,
    0.000524,
    0.000524,
    0.00052,
    0.000518,
    0.000525,
    0.00053,
    0.000511,
    0.000529,
    0.000535,
    0.000538,
    0.000673,
    0.000703,
    0.000572,
    0.000566,
    0.000565,
    0.000555,
    0.000539,
    0.000579,
    0.000539,
    0.000524,
    0.000516,
    0.000518,
    0.000518,
    0.000516,
    0.000526,
    0.000513,
    0.000512,
    0.000514,
    0.000501,
    0.000502,
    0.000496,
    0.0005,
    0.000494,
    0.000496,
    0.000492,
    0.000494,
    0.000493,
    0.000491,
    0.000489,
    0.000491,
    0.000505,
    0.000496,
    0.000491,
    0.0005,
    0.000495,
    0.000493,
    0.000493,
    0.000495
  ],
  "val_loss_curve": [
    0.001178,
    0.001407,
    0.001037,
    0.001483,
    0.001069,
    0.001375,
    0.001048,
    0.001274,
    0.001074,
    0.001047,
    0.001127,
    0.001019,
    0.001157,
    0.001157,
    0.001251,
    0.001101,
    0.001061,
    0.001017,
    0.001014,
    0.000994,
    0.001045,
    0.001044,
    0.001149,
    0.001017,
    0.001,
    0.001059,
    0.001116,
    0.000958,
    0.001011,
    0.001059,
    0.001062,
    0.001344,
    0.00112,
    0.001525,
    0.001032,
    0.001475,
    0.001314,
    0.001012,
    0.001163,
    0.001095,
    0.001033,
    0.001067,
    0.001218,
    0.001078,
    0.001119,
    0.001073,
    0.001098,
    0.001146,
    0.001077,
    0.001029,
    0.001045,
    0.00124,
    0.001079,
    0.001051,
    0.001149,
    0.002089,
    0.001154,
    0.001113,
    0.001064,
    0.001155,
    0.001134,
    0.001134,
    0.001061,
    0.001112,
    0.001112,
    0.001092,
    0.001198,
    0.001128,
    0.001096,
    0.001102,
    0.00119,
    0.001134,
    0.001145,
    0.001104,
    0.001145,
    0.00113,
    0.001382,
    0.001101,
    0.001053,
    0.00108,
    0.001068,
    0.001089,
    0.001114,
    0.001093,
    0.001117,
    0.001082,
    0.001161,
    0.001075,
    0.00109,
    0.001103,
    0.001098,
    0.001107,
    0.001156,
    0.001099,
    0.001144,
    0.001087,
    0.001124,
    0.001109,
    0.001136,
    0.001082,
    0.001107,
    0.001093,
    0.001119,
    0.001154,
    0.001131,
    0.001083,
    0.001096,
    0.001084,
    0.001102,
    0.001091,
    0.001167,
    0.001124,
    0.001148,
    0.001188,
    0.001138,
    0.001142,
    0.001106,
    0.001138,
    0.001119,
    0.001198,
    0.001121,
    0.001141,
    0.001153,
    0.001114,
    0.001173,
    0.00116,
    0.001136,
    0.001161,
    0.001154,
    0.001136,
    0.001141,
    0.001146,
    0.001146,
    0.001151,
    0.001144,
    0.001145,
    0.001113,
    0.001137,
    0.001143,
    0.001137,
    0.001161,
    0.001143,
    0.001163,
    0.001174,
    0.001145,
    0.001187,
    0.001157,
    0.001144,
    0.00118,
    0.00118,
    0.001133,
    0.001155,
    0.001155,
    0.001153,
    0.001159,
    0.001147,
    0.00117,
    0.001177,
    0.001163,
    0.001182,
    0.001165,
    0.001183,
    0.001177,
    0.001199,
    0.001192,
    0.001162,
    0.001182,
    0.001134,
    0.001148,
    0.001204,
    0.001146,
    0.001168,
    0.001172,
    0.001165,
    0.001155,
    0.001191,
    0.001163,
    0.001154,
    0.001155,
    0.001183,
    0.001176,
    0.001152,
    0.001173,
    0.00116,
    0.001167,
    0.001183,
    0.001168,
    0.001168,
    0.001171,
    0.001177,
    0.00118,
    0.001181,
    0.001176,
    0.00119,
    0.001178,
    0.001188,
    0.001185,
    0.001202,
    0.001185,
    0.001184,
    0.001187
  ],
  "per_company_mape": {
    "C1015": 0.088876,
    "C1033": 0.036924,
    "C1068": 0.049098,
    "C1084": 0.03509,
    "C1156": 0.084844,
    "C1208": 0.019096,
    "C121": 0.085726,
    "C1218": 0.137585,
    "C1252": 0.045278,
    "C1280": 0.084144,
    "C1313": 0.03977,
    "C1401": 0.388223,
    "C1422": 0.038623,
    "C1475": 0.580032,
    "C151": 0.214604,
    "C1554": 0.130351,
    "C1590": 0.065294,
    "C1594": 0.033382,
    "C1617": 0.09664,
    "C1624": 0.03381,
    "C1635": 0.47678,
    "C1641": 0.045974,
    "C1662": 0.048719,
    "C1675": 0.028578,
    "C1691": 0.019793,
    "C1704": 0.048595,
    "C1706": 0.147057,
    "C1709": 0.087137,
    "C1712": 0.120986,
    "C1744": 0.015227,
    "C1768": 0.120087,
    "C1770": 0.047005,
    "C1783": 0.18675,
    "C1787": 0.077438,
    "C1814": 0.10182,
    "C1817": 0.27954,
    "C1841": 0.094548,
    "C1996": 0.038231,
    "C2033": 0.259557,
    "C2040": 0.070406,
    "C2043": 0.053634,
    "C212": 0.155446,
    "C223": 0.10553,
    "C229": 0.032058,
    "C246": 0.046311,
    "C260": 0.025893,
    "C267": 0.150412,
    "C288": 0.025926,
    "C294": 0.076267,
    "C296": 0.032413,
    "C2969": 0.068988,
    "C2973": 0.050813,
    "C3011": 0.029013,
    "C3012": 0.089389,
    "C3053": 0.054861,
    "C306": 0.032668,
    "C310": 0.043078,
    "C3102": 0.111381,
    "C3130": 0.110794,
    "C3219": 0.035972,
    "C3230": 0.015957,
    "C3251": 0.109532,
    "C3419": 0.058908,
    "C3630": 0.097917,
    "C3633": 0.079769,
    "C3767": 0.08363,
    "C3774": 0.039572,
    "C3776": 0.075386,
    "C379": 0.076181,
    "C3838": 0.018261,
    "C3854": 0.066707,
    "C3856": 0.068935,
    "C391": 0.047925,
    "C3923": 0.061801,
    "C3933": 0.037334,
    "C4071": 0.096862,
    "C409": 0.051992,
    "C4102": 0.036734,
    "C411": 0.03669,
    "C4146": 0.134952,