{
  "arch": "gru_baseline",
  "lob": "workers_compensation",
  "config_idx": 61,
  "dropout_rate": 0.01829,
  "learning_rate": 0.0001766,
  "batch_size": 256,
  "max_epochs": 500,
  "gru_units": 128,
  "dense_units": 128,
  "mape": 0.0874013951013917,
  "rmspe": 0.145714998315932,
  "n_companies": 234,
  "n_filtered": 0,
  "mape_std": 0.07040451911544837,
  "mape_p25": 0.043581372197371016,
  "mape_p75": 0.10306096161958597,
  "training_time": 85.2,
  "epochs_trained": 203,
  "best_val_loss": 0.000950418462577675,
  "train_loss_curve": [
    0.004925,
    0.002146,
    0.001525,
    0.001329,
    0.001235,
    0.001202,
    0.001152,
    0.001159,
    0.001137,
    0.00112,
    0.00113,
    0.001136,
    0.001096,
    0.001076,
    0.001085,
    0.00105,
    0.00114,
    0.001102,
    0.001023,
    0.001096,
    0.001078,
    0.001021,
    0.00103,
    0.001004,
    0.001046,
    0.001016,
    0.000998,
    0.000986,
    0.001002,
    0.000965,
    0.000968,
    0.00095,
    0.00094,
    0.000951,
    0.001006,
    0.000979,
    0.000939,
    0.000935,
    0.000918,
    0.000923,
    0.000919,
    0.000931,
    0.000916,
    0.00115,
    0.000986,
    0.000921,
    0.000921,
    0.000917,
    0.000914,
    0.000985,
    0.000893,
    0.000879,
    0.000893,
    0.000876,
    0.000881,
    0.000875,
    0.000879,
    0.000878,
    0.000878,
    0.000871,
    0.000866,
    0.00088,
    0.000889,
    0.000886,
    0.000871,
    0.000866,
    0.000858,
    0.000856,
    0.000859,
    0.000853,
    0.000868,
    0.000861,
    0.000863,
    0.000871,
    0.000837,
    0.000844,
    0.000834,
    0.000834,
    0.000844,
    0.000836,
    0.000834,
    0.000833,
    0.000848,
    0.000843,
    0.000831,
    0.000825,
    0.000848,
    0.000829,
    0.000821,
    0.000833,
    0.000835,
    0.000828,
    0.000825,
    0.000809,
    0.000826,
    0.000837,
    0.00081,
    0.000801,
    0.000794,
    0.000813,
    0.000798,
    0.000807,
    0.00081,
    0.000815,
    0.000818,
    0.000802,
    0.000797,
    0.000787,
    0.000792,
    0.000791,
    0.000786,
    0.000802,
    0.000795,
    0.000779,
    0.000787,
    0.000793,
    0.000792,
    0.000779,
    0.000786,
    0.000782,
    0.000777,
    0.000778,
    0.000765,
    0.000773,
    0.000783,
    0.000813,
    0.000766,
    0.000793,
    0.000785,
    0.000766,
    0.000771,
    0.000772,
    0.000763,
    0.000759,
    0.000762,
    0.000766,
    0.000763,
    0.000766,
    0.000773,
    0.000765,
    0.000766,
    0.00077,
    0.000756,
    0.000757,
    0.000755,
    0.000754,
    0.000748,
    0.000753,
    0.000752,
    0.000771,
    0.000758,
    0.000771,
    0.000756,
    0.000774,
    0.000759,
    0.000745,
    0.000746,
    0.000751,
    0.000744,
    0.00074,
    0.000773,
    0.000764,
    0.000742,
    0.000743,
    0.000746,
    0.00074,
    0.000743,
    0.000754,
    0.000758,
    0.000745,
    0.000733,
    0.000745,
    0.000803,
    0.000754,
    0.000738,
    0.000742,
    0.000734,
    0.000734,
    0.00074,
    0.000725,
    0.000739,
    0.000742,
    0.000743,
    0.000726,
    0.00075,
    0.00074,
    0.000719,
    0.000733,
    0.000749,
    0.000729,
    0.000722,
    0.000737,
    0.000765,
    0.000754,
    0.000738,
    0.000719,
    0.000717,
    0.000714,
    0.000713,
    0.000728,
    0.00072,
    0.000709,
    0.000716
  ],
  "val_loss_curve": [
    0.005328,
    0.002542,
    0.001528,
    0.00128,
    0.001153,
    0.001101,
    0.001119,
    0.001053,
    0.001071,
    0.001049,
    0.001036,
    0.001036,
    0.001043,
    0.001047,
    0.001061,
    0.001014,
    0.001007,
    0.001045,
    0.001006,
    0.000998,
    0.001005,
    0.000997,
    0.001011,
    0.000995,
    0.000984,
    0.001003,
    0.000994,
    0.000985,
    0.001022,
    0.000985,
    0.001001,
    0.001001,
    0.000996,
    0.001005,
    0.000993,
    0.001002,
    0.001009,
    0.000979,
    0.001004,
    0.000986,
    0.000999,
    0.000983,
    0.000999,
    0.000982,
    0.000994,
    0.000973,
    0.000969,
    0.001038,
    0.000975,
    0.000975,
    0.000982,
    0.000997,
    0.000977,
    0.000984,
    0.000981,
    0.000972,
    0.000975,
    0.000981,
    0.000991,
    0.000974,
    0.000992,
    0.000992,
    0.000984,
    0.00099,
    0.001001,
    0.000968,
    0.000981,
    0.000983,
    0.001006,
    0.000981,
    0.000999,
    0.000967,
    0.00097,
    0.000985,
    0.000986,
    0.000987,
    0.000967,
    0.000985,
    0.000972,
    0.00098,
    0.000998,
    0.000963,
    0.001035,
    0.001,
    0.00098,
    0.000981,
    0.000997,
    0.000979,
    0.000999,
    0.000966,
    0.000988,
    0.000976,
    0.000974,
    0.000996,
    0.001019,
    0.000992,
    0.000989,
    0.000969,
    0.000966,
    0.000976,
    0.000991,
    0.00097,
    0.000982,
    0.000988,
    0.000968,
    0.000969,
    0.000981,
    0.000977,
    0.000972,
    0.000968,
    0.000971,
    0.000958,
    0.000981,
    0.001013,
    0.000983,
    0.000991,
    0.000972,
    0.000983,
    0.001002,
    0.000973,
    0.000975,
    0.000954,
    0.000991,
    0.000959,
    0.001004,
    0.000967,
    0.000976,
    0.001015,
    0.000966,
    0.000959,
    0.000979,
    0.000967,
    0.000978,
    0.000957,
    0.000968,
    0.000984,
    0.000973,
    0.000988,
    0.000965,
    0.000985,
    0.00098,
    0.000988,
    0.000978,
    0.000962,
    0.00095,
    0.000957,
    0.000972,
    0.000985,
    0.000964,
    0.000975,
    0.000969,
    0.000976,
    0.00096,
    0.000989,
    0.000969,
    0.000956,
    0.000987,
    0.000976,
    0.000955,
    0.000978,
    0.001011,
    0.000966,
    0.000982,
    0.000973,
    0.000975,
    0.000955,
    0.000961,
    0.000958,
    0.000962,
    0.000964,
    0.000975,
    0.000986,
    0.000957,
    0.000959,
    0.000963,
    0.000964,
    0.000976,
    0.000973,
    0.000981,
    0.000976,
    0.000974,
    0.000956,
    0.000965,
    0.000976,
    0.000972,
    0.000974,
    0.000989,
    0.001003,
    0.000972,
    0.000971,
    0.000969,
    0.000966,
    0.000953,
    0.000981,
    0.000978,
    0.000978,
    0.000969,
    0.000963,
    0.000972,
    0.000969,
    0.000969,
    0.000964,
    0.000962
  ],
  "per_company_mape": {
    "C1015": 0.089544,
    "C1033": 0.091324,
    "C1068": 0.042559,
    "C1084": 0.025668,
    "C1156": 0.067089,
    "C1208": 0.019576,
    "C121": 0.157225,
    "C1218": 0.118101,
    "C1252": 0.044097,
    "C1280": 0.083173,
    "C1313": 0.048087,
    "C1401": 0.416578,
    "C1422": 0.069108,
    "C1475": 0.249143,
    "C151": 0.163264,
    "C1554": 0.074933,
    "C1590": 0.082818,
    "C1594": 0.042057,
    "C1617": 0.043895,
    "C1624": 0.051788,
    "C1635": 0.26148,
    "C1641": 0.036325,
    "C1662": 0.041158,
    "C1675": 0.04507,
    "C1691": 0.030811,
    "C1704": 0.060672,
    "C1706": 0.250178,
    "C1709": 0.075703,
    "C1712": 0.152468,
    "C1744": 0.023711,
    "C1768": 0.107813,
    "C1770": 0.063539,
    "C1783": 0.148635,
    "C1787": 0.041743,
    "C1814": 0.080084,
    "C1817": 0.051496,
    "C1841": 0.117293,
    "C1996": 0.039387,
    "C2033": 0.318042,
    "C2040": 0.065103,
    "C2043": 0.08793,
    "C212": 0.133098,
    "C223": 0.07903,
    "C229": 0.020884,
    "C246": 0.040373,
    "C260": 0.042135,
    "C267": 0.135433,
    "C288": 0.044109,
    "C294": 0.093225,
    "C296": 0.03468,
    "C2969": 0.039124,
    "C2973": 0.031773,
    "C3011": 0.042147,
    "C3012": 0.081073,
    "C3053": 0.038349,
    "C306": 0.054167,
    "C310": 0.072144,
    "C3102": 0.12909,
    "C3130": 0.104464,
    "C3219": 0.031547,
    "C3230": 0.04649,
    "C3251": 0.087466,
    "C3419": 0.066751,
    "C3630": 0.157993,
    "C3633": 0.052185,
    "C3767": 0.101928,
    "C3774": 0.046639,
    "C3776": 0.075232,
    "C379": 0.087581,
    "C3838": 0.050555,
    "C3854": 0.070957,
    "C3856": 0.038584,
    "C391": 0.091997,
    "C3923": 0.06931,
    "C3933": 0.044771,
    "C4071": 0.084645,
    "C409": 0.029503,