{
  "arch": "gru_baseline",
  "lob": "workers_compensation",
  "config_idx": 62,
  "dropout_rate": 0.03172,
  "learning_rate": 0.0002632,
  "batch_size": 256,
  "max_epochs": 1000,
  "gru_units": 256,
  "dense_units": 32,
  "mape": 0.08739229316087567,
  "rmspe": 0.18281148646103546,
  "n_companies": 234,
  "n_filtered": 0,
  "mape_std": 0.09876029899140036,
  "mape_p25": 0.036818588432164935,
  "mape_p75": 0.09260929640841285,
  "training_time": 99.58,
  "epochs_trained": 206,
  "best_val_loss": 0.0009726242507375511,
  "train_loss_curve": [
    0.003407,
    0.001604,
    0.001372,
    0.001281,
    0.001222,
    0.001181,
    0.001158,
    0.001142,
    0.001194,
    0.001114,
    0.001094,
    0.001083,
    0.001083,
    0.001074,
    0.00105,
    0.001047,
    0.001024,
    0.001095,
    0.001047,
    0.001011,
    0.001005,
    0.000995,
    0.00099,
    0.001012,
    0.00099,
    0.001034,
    0.000994,
    0.000976,
    0.000991,
    0.00096,
    0.00095,
    0.000952,
    0.000941,
    0.000927,
    0.00093,
    0.000935,
    0.001049,
    0.001012,
    0.000938,
    0.000932,
    0.000933,
    0.000923,
    0.000909,
    0.000907,
    0.00094,
    0.000932,
    0.00091,
    0.000902,
    0.000891,
    0.000903,
    0.00089,
    0.000901,
    0.000892,
    0.000893,
    0.000936,
    0.000912,
    0.000915,
    0.00088,
    0.000886,
    0.000892,
    0.000885,
    0.000876,
    0.000877,
    0.000867,
    0.00088,
    0.000865,
    0.000874,
    0.00088,
    0.000867,
    0.00086,
    0.00087,
    0.000866,
    0.00088,
    0.000856,
    0.000871,
    0.000914,
    0.000871,
    0.000858,
    0.000945,
    0.001024,
    0.000877,
    0.000845,
    0.000863,
    0.000855,
    0.000852,
    0.000871,
    0.000869,
    0.000857,
    0.000846,
    0.000844,
    0.000852,
    0.000834,
    0.00084,
    0.000834,
    0.000858,
    0.000849,
    0.00082,
    0.000845,
    0.000883,
    0.000828,
    0.000838,
    0.000816,
    0.000819,
    0.000874,
    0.00084,
    0.000828,
    0.000816,
    0.000825,
    0.000827,
    0.000825,
    0.00081,
    0.00082,
    0.000829,
    0.000843,
    0.000811,
    0.000818,
    0.000819,
    0.000841,
    0.000839,
    0.000821,
    0.000806,
    0.000824,
    0.000825,
    0.000808,
    0.000804,
    0.000807,
    0.000812,
    0.000798,
    0.00082,
    0.00081,
    0.000803,
    0.000807,
    0.00081,
    0.000825,
    0.000818,
    0.000806,
    0.000816,
    0.0008,
    0.000805,
    0.000825,
    0.000798,
    0.000788,
    0.000784,
    0.000787,
    0.000798,
    0.000806,
    0.000784,
    0.000796,
    0.000773,
    0.0008,
    0.000793,
    0.000794,
    0.000786,
    0.000802,
    0.000788,
    0.000789,
    0.00079,
    0.000801,
    0.00081,
    0.000788,
    0.000789,
    0.000847,
    0.000823,
    0.000795,
    0.000788,
    0.000802,
    0.000815,
    0.000788,
    0.000774,
    0.000781,
    0.000824,
    0.000837,
    0.000782,
    0.000788,
    0.000784,
    0.000779,
    0.000778,
    0.000788,
    0.000776,
    0.000783,
    0.000777,
    0.000782,
    0.000794,
    0.000782,
    0.000796,
    0.000792,
    0.000775,
    0.000773,
    0.000764,
    0.000776,
    0.000772,
    0.000777,
    0.000784,
    0.000781,
    0.00077,
    0.000787,
    0.00078,
    0.000765,
    0.00078,
    0.000768,
    0.000774,
    0.000775,
    0.000793,
    0.000779,
    0.00076,
    0.000776
  ],
  "val_loss_curve": [
    0.002085,
    0.001274,
    0.001153,
    0.001124,
    0.001095,
    0.001084,
    0.001059,
    0.001077,
    0.001053,
    0.001054,
    0.001083,
    0.001086,
    0.001034,
    0.001128,
    0.001021,
    0.001015,
    0.001008,
    0.001004,
    0.001026,
    0.001039,
    0.001052,
    0.001057,
    0.001022,
    0.001021,
    0.001017,
    0.001115,
    0.001003,
    0.001044,
    0.001019,
    0.001113,
    0.001031,
    0.001028,
    0.001032,
    0.001067,
    0.001043,
    0.001033,
    0.001023,
    0.00106,
    0.001054,
    0.001041,
    0.001014,
    0.001014,
    0.001033,
    0.001019,
    0.001058,
    0.001142,
    0.001031,
    0.00104,
    0.00104,
    0.001032,
    0.001025,
    0.001046,
    0.001028,
    0.000995,
    0.00103,
    0.001009,
    0.000993,
    0.001028,
    0.001101,
    0.000994,
    0.001081,
    0.001068,
    0.001017,
    0.001091,
    0.001051,
    0.001017,
    0.001124,
    0.001039,
    0.001042,
    0.001011,
    0.001019,
    0.001002,
    0.000989,
    0.000991,
    0.001009,
    0.001,
    0.00099,
    0.001024,
    0.00114,
    0.001041,
    0.001002,
    0.001033,
    0.00103,
    0.001037,
    0.000973,
    0.001048,
    0.000978,
    0.001044,
    0.001016,
    0.000995,
    0.001024,
    0.001012,
    0.000997,
    0.001007,
    0.001009,
    0.001036,
    0.001007,
    0.001,
    0.00105,
    0.00103,
    0.000995,
    0.000996,
    0.00104,
    0.001002,
    0.001026,
    0.001057,
    0.001022,
    0.001031,
    0.001032,
    0.001031,
    0.00106,
    0.001057,
    0.001008,
    0.001038,
    0.001021,
    0.001026,
    0.001006,
    0.000989,
    0.001029,
    0.001043,
    0.001026,
    0.00106,
    0.001118,
    0.001049,
    0.001054,
    0.00102,
    0.001048,
    0.001021,
    0.001058,
    0.001068,
    0.001003,
    0.001043,
    0.001068,
    0.001081,
    0.001037,
    0.001019,
    0.001006,
    0.001004,
    0.001024,
    0.00101,
    0.001031,
    0.00102,
    0.001022,
    0.001042,
    0.001015,
    0.001013,
    0.001015,
    0.001029,
    0.001028,
    0.001045,
    0.001012,
    0.001027,
    0.001036,
    0.001039,
    0.001033,
    0.001015,
    0.001041,
    0.001037,
    0.001031,
    0.001022,
    0.001009,
    0.001014,
    0.001032,
    0.001025,
    0.001023,
    0.001006,
    0.001022,
    0.00102,
    0.001031,
    0.001023,
    0.000986,
    0.001029,
    0.00101,
    0.00101,
    0.001017,
    0.001001,
    0.001023,
    0.001016,
    0.001032,
    0.001025,
    0.001033,
    0.000997,
    0.00101,
    0.001007,
    0.001025,
    0.001005,
    0.001042,
    0.00103,
    0.001022,
    0.00101,
    0.001018,
    0.001018,
    0.001019,
    0.00102,
    0.001025,
    0.001029,
    0.001008,
    0.001014,
    0.001019,
    0.00101,
    0.001021,
    0.001017,
    0.00101,
    0.001014,
    0.001025,
    0.001023
  ],
  "per_company_mape": {
    "C1015": 0.046489,
    "C1033": 0.067757,
    "C1068": 0.052777,
    "C1084": 0.035087,
    "C1156": 0.060949,
    "C1208": 0.033351,
    "C121": 0.070619,
    "C1218": 0.108623,
    "C1252": 0.018689,
    "C1280": 0.076111,
    "C1313": 0.027928,
    "C1401": 0.274339,
    "C1422": 0.074059,
    "C1475": 0.87164,
    "C151": 0.223513,
    "C1554": 0.110801,
    "C1590": 0.064598,
    "C1594": 0.061403,
    "C1617": 0.154952,
    "C1624": 0.02606,
    "C1635": 0.426729,
    "C1641": 0.048515,
    "C1662": 0.067016,
    "C1675": 0.079929,
    "C1691": 0.021432,
    "C1704": 0.063102,
    "C1706": 0.182644,
    "C1709": 0.109472,
    "C1712": 0.247632,
    "C1744": 0.051621,
    "C1768": 0.09348,
    "C1770": 0.045594,
    "C1783": 0.162291,
    "C1787": 0.115008,
    "C1814": 0.056942,
    "C1817": 0.179777,
    "C1841": 0.091421,
    "C1996": 0.043149,
    "C2033": 0.243526,
    "C2040": 0.096704,
    "C2043": 0.074407,
    "C212": 0.28927,
    "C223": 0.11886,
    "C229": 0.047369,
    "C246": 0.020428,
    "C260": 0.030598,
    "C267": 0.205205,
    "C288": 0.016595,
    "C294": 0.100189,
    "C296": 0.030368,
    "C2969": 0.048716,
    "C2973": 0.049112,
    "C3011": 0.039279,
    "C3012": 0.074363,
    "C3053": 0.008849,
    "C306": 0.061963,
    "C310": 0.026698,
    "C3102": 0.068194,
    "C3130": 0.158525,
    "C3219": 0.025112,
    "C3230": 0.032826,
    "C3251": 0.082807,
    "C3419": 0.092006,
    "C3630": 0.087672,
    "C3633": 0.084547,
    "C3767": 0.082588,
    "C3774": 0.033298,
    "C3776": 0.079637,
    "C379": 0.081236,
    "C3838": 0.028958,
    "C3854": 0.0546,
    "C3856": 0.060847,
    "C391": 0.027268,
    "C3923": 0.097663,