{
  "arch": "gru_baseline",
  "lob": "workers_compensation",
  "config_idx": 35,
  "dropout_rate": 0.01578,
  "learning_rate": 0.0001333,
  "batch_size": 512,
  "max_epochs": 500,
  "gru_units": 256,
  "dense_units": 32,
  "mape": 0.08921170030103219,
  "rmspe": 0.1753203883650256,
  "n_companies": 234,
  "n_filtered": 0,
  "mape_std": 0.10657869620358942,
  "mape_p25": 0.04061406408038404,
  "mape_p75": 0.10303956081326478,
  "training_time": 77.97,
  "epochs_trained": 205,
  "best_val_loss": 0.0009731155005283654,
  "train_loss_curve": [
    0.00561,
    0.002906,
    0.002091,
    0.001708,
    0.001485,
    0.001374,
    0.0013,
    0.001259,
    0.001211,
    0.001208,
    0.001158,
    0.001153,
    0.001142,
    0.001136,
    0.001121,
    0.001112,
    0.001111,
    0.001095,
    0.001092,
    0.001092,
    0.001071,
    0.00108,
    0.001072,
    0.001065,
    0.001054,
    0.001057,
    0.001041,
    0.001056,
    0.001055,
    0.001043,
    0.001025,
    0.00103,
    0.001027,
    0.001032,
    0.001019,
    0.00102,
    0.001013,
    0.001016,
    0.000995,
    0.000986,
    0.001007,
    0.000986,
    0.001007,
    0.001004,
    0.000986,
    0.000979,
    0.000978,
    0.000988,
    0.000979,
    0.00098,
    0.000976,
    0.000963,
    0.000968,
    0.000976,
    0.000963,
    0.000957,
    0.00096,
    0.00096,
    0.000944,
    0.000958,
    0.000951,
    0.000946,
    0.000941,
    0.000945,
    0.000938,
    0.000941,
    0.000936,
    0.000934,
    0.00094,
    0.00093,
    0.000931,
    0.000925,
    0.00094,
    0.000935,
    0.000932,
    0.000927,
    0.000918,
    0.000917,
    0.000914,
    0.00091,
    0.00092,
    0.000905,
    0.00092,
    0.000905,
    0.000907,
    0.000912,
    0.000904,
    0.000902,
    0.000911,
    0.000902,
    0.000897,
    0.000891,
    0.000889,
    0.000895,
    0.0009,
    0.000901,
    0.000885,
    0.000897,
    0.000895,
    0.000889,
    0.000884,
    0.000888,
    0.000889,
    0.000881,
    0.00088,
    0.00089,
    0.000872,
    0.00087,
    0.000882,
    0.000873,
    0.000872,
    0.000877,
    0.000878,
    0.000863,
    0.000869,
    0.000868,
    0.000865,
    0.000868,
    0.000865,
    0.000864,
    0.000864,
    0.000863,
    0.000868,
    0.000861,
    0.000866,
    0.000857,
    0.000853,
    0.000849,
    0.000844,
    0.000855,
    0.000846,
    0.00086,
    0.00086,
    0.000847,
    0.000841,
    0.000844,
    0.000849,
    0.000839,
    0.000842,
    0.000846,
    0.000843,
    0.000845,
    0.000847,
    0.000834,
    0.000835,
    0.000834,
    0.000844,
    0.00084,
    0.000828,
    0.000834,
    0.000842,
    0.000831,
    0.000827,
    0.000826,
    0.000833,
    0.000822,
    0.000832,
    0.000817,
    0.000841,
    0.00083,
    0.000821,
    0.000827,
    0.000823,
    0.000816,
    0.000824,
    0.000828,
    0.000823,
    0.000824,
    0.000818,
    0.000818,
    0.00082,
    0.000813,
    0.000822,
    0.000821,
    0.000811,
    0.000819,
    0.000817,
    0.000816,
    0.000814,
    0.00081,
    0.000805,
    0.000819,
    0.000818,
    0.000813,
    0.000808,
    0.000813,
    0.000806,
    0.00081,
    0.000805,
    0.000808,
    0.000809,
    0.00081,
    0.000806,
    0.000806,
    0.000797,
    0.00081,
    0.000796,
    0.000795,
    0.000796,
    0.000799,
    0.000797,
    0.000799,
    0.0008,
    0.000805,
    0.000794
  ],
  "val_loss_curve": [
    0.008644,
    0.004124,
    0.002642,
    0.001864,
    0.001475,
    0.001288,
    0.00121,
    0.001147,
    0.001128,
    0.001111,
    0.001081,
    0.001075,
    0.001085,
    0.00108,
    0.001055,
    0.001052,
    0.001047,
    0.001054,
    0.00104,
    0.001037,
    0.001032,
    0.001033,
    0.001046,
    0.001051,
    0.001025,
    0.001031,
    0.001046,
    0.001017,
    0.001035,
    0.00103,
    0.001039,
    0.00103,
    0.001028,
    0.001015,
    0.001021,
    0.001016,
    0.001037,
    0.001021,
    0.00103,
    0.00101,
    0.001012,
    0.001022,
    0.001011,
    0.001012,
    0.001007,
    0.001044,
    0.001008,
    0.001016,
    0.001006,
    0.001,
    0.001021,
    0.001025,
    0.000998,
    0.00101,
    0.001,
    0.001,
    0.001047,
    0.001018,
    0.001006,
    0.001005,
    0.000993,
    0.001001,
    0.001012,
    0.00101,
    0.001007,
    0.001015,
    0.001024,
    0.001,
    0.001018,
    0.001006,
    0.001002,
    0.001005,
    0.001047,
    0.001045,
    0.000999,
    0.001018,
    0.000992,
    0.001006,
    0.001,
    0.001024,
    0.000992,
    0.001,
    0.001028,
    0.000998,
    0.000988,
    0.000996,
    0.001006,
    0.001018,
    0.001006,
    0.000996,
    0.000989,
    0.000995,
    0.001007,
    0.000993,
    0.00103,
    0.000997,
    0.000995,
    0.00099,
    0.001003,
    0.001004,
    0.000997,
    0.001022,
    0.000995,
    0.000995,
    0.000986,
    0.000991,
    0.00099,
    0.001,
    0.000987,
    0.000991,
    0.000996,
    0.000998,
    0.00099,
    0.000989,
    0.00099,
    0.00099,
    0.000993,
    0.001,
    0.000992,
    0.000998,
    0.000987,
    0.001002,
    0.000976,
    0.000981,
    0.000991,
    0.000997,
    0.000984,
    0.000982,
    0.001006,
    0.000994,
    0.000994,
    0.001001,
    0.000989,
    0.000982,
    0.000997,
    0.000996,
    0.000998,
    0.000992,
    0.000987,
    0.001002,
    0.001002,
    0.000983,
    0.000991,
    0.001008,
    0.000985,
    0.000988,
    0.000989,
    0.000979,
    0.000975,
    0.000985,
    0.000978,
    0.000973,
    0.00099,
    0.000986,
    0.000996,
    0.000988,
    0.000986,
    0.000998,
    0.000981,
    0.001,
    0.00098,
    0.001006,
    0.000999,
    0.001001,
    0.000988,
    0.000983,
    0.000987,
    0.001001,
    0.000993,
    0.001013,
    0.000986,
    0.000986,
    0.000983,
    0.000979,
    0.00098,
    0.000992,
    0.000994,
    0.000985,
    0.000986,
    0.000983,
    0.001002,
    0.000989,
    0.000988,
    0.000989,
    0.000993,
    0.001006,
    0.000987,
    0.000982,
    0.000986,
    0.000985,
    0.00099,
    0.000978,
    0.000983,
    0.000988,
    0.000986,
    0.000975,
    0.000988,
    0.000991,
    0.000989,
    0.000997,
    0.00099,
    0.000996,
    0.001008,
    0.00098,
    0.000984
  ],
  "per_company_mape": {
    "C1015": 0.041756,
    "C1033": 0.109862,
    "C1068": 0.037355,
    "C1084": 0.043852,
    "C1156": 0.089816,
    "C1208": 0.024934,
    "C121": 0.111835,
    "C1218": 0.163169,
    "C1252": 0.036453,
    "C1280": 0.152491,
    "C1313": 0.040633,
    "C1401": 0.263362,
    "C1422": 0.04568,
    "C1475": 0.589748,
    "C151": 0.142448,
    "C1554": 0.090321,
    "C1590": 0.049772,
    "C1594": 0.035628,
    "C1617": 0.147528,
    "C1624": 0.035311,
    "C1635": 0.246456,
    "C1641": 0.042956,
    "C1662": 0.048738,
    "C1675": 0.044949,
    "C1691": 0.034955,
    "C1704": 0.058111,
    "C1706": 0.158297,
    "C1709": 0.051783,
    "C1712": 0.109399,
    "C1744": 0.02582,
    "C1768": 0.090521,
    "C1770": 0.060054,
    "C1783": 0.167661,
    "C1787": 0.176494,
    "C1814": 0.104852,
    "C1817": 0.065853,
    "C1841": 0.109866,
    "C1996": 0.029271,
    "C2033": 0.332179,
    "C2040": 0.056007,
    "C2043": 0.059676,
    "C212": 0.237952,
    "C223": 0.076764,
    "C229": 0.031999,
    "C246": 0.041728,
    "C260": 0.035811,
    "C267": 0.086416,
    "C288": 0.03127,
    "C294": 0.079898,
    "C296": 0.057413,
    "C2969": 0.049236,
    "C2973": 0.030502,
    "C3011": 0.030383,
    "C3012": 0.081561,
    "C3053": 0.072811,
    "C306": 0.045464,
    "C310": 0.037386,
    "C3102": 0.109772,
    "C3130": 0.089068,
    "C3219": 0.048785,
    "C3230": 0.033001,
    "C3251": 0.080179,
    "C3419": 0.043936,
    "C3630": 0.14325,
    "C3633": 0.080727,
    "C3767": 0.101036,
    "C3774": 0.041694,
    "C3776": 0.082836,
    "C379": 0.107429,
    "C3838": 0.023081,
    "C3854": 0.186058,
    "C3856": 0.072181,
    "C391": 0.040909,
    "C3923": 0.138606,
    "C3933": 0.049286,
    "C4071": 0.111745,