{
  "arch": "gru_baseline",
  "lob": "workers_compensation",
  "config_idx": 7,
  "dropout_rate": 0.02489,
  "learning_rate": 0.000132,
  "batch_size": 1024,
  "max_epochs": 500,
  "gru_units": 256,
  "dense_units": 32,
  "mape": 0.08497113173534927,
  "rmspe": 0.18657006384624117,
  "n_companies": 234,
  "n_filtered": 0,
  "mape_std": 0.09772050078760802,
  "mape_p25": 0.03546042041632924,
  "mape_p75": 0.09457809951895434,
  "training_time": 95.86,
  "epochs_trained": 262,
  "best_val_loss": 0.0009248456335626543,
  "train_loss_curve": [
    0.007171,
    0.004737,
    0.003416,
    0.002798,
    0.002419,
    0.00214,
    0.001942,
    0.001811,
    0.001661,
    0.001526,
    0.001438,
    0.001378,
    0.001377,
    0.001332,
    0.001303,
    0.001268,
    0.001257,
    0.001275,
    0.001259,
    0.00122,
    0.001196,
    0.001191,
    0.001188,
    0.001209,
    0.001201,
    0.001198,
    0.001171,
    0.001183,
    0.001183,
    0.00116,
    0.001155,
    0.001184,
    0.001169,
    0.00116,
    0.001141,
    0.001139,
    0.001153,
    0.001141,
    0.001134,
    0.001133,
    0.001137,
    0.001135,
    0.001128,
    0.001102,
    0.001119,
    0.001111,
    0.001122,
    0.001116,
    0.001124,
    0.001115,
    0.001085,
    0.001105,
    0.001118,
    0.001081,
    0.001109,
    0.001092,
    0.001087,
    0.001081,
    0.001083,
    0.001076,
    0.001063,
    0.00109,
    0.001106,
    0.00109,
    0.001071,
    0.001057,
    0.001044,
    0.001045,
    0.001055,
    0.001064,
    0.001045,
    0.001058,
    0.001051,
    0.001078,
    0.001039,
    0.001042,
    0.001032,
    0.001058,
    0.001054,
    0.001026,
    0.001027,
    0.001034,
    0.001033,
    0.001045,
    0.001031,
    0.001018,
    0.001016,
    0.001014,
    0.001014,
    0.001036,
    0.00103,
    0.001029,
    0.001035,
    0.001004,
    0.001013,
    0.001009,
    0.000994,
    0.001024,
    0.001002,
    0.000998,
    0.001008,
    0.001019,
    0.001004,
    0.001008,
    0.001004,
    0.001011,
    0.001012,
    0.000975,
    0.001001,
    0.000989,
    0.000985,
    0.001001,
    0.001001,
    0.000981,
    0.001004,
    0.000973,
    0.000965,
    0.000976,
    0.00098,
    0.000977,
    0.000985,
    0.000977,
    0.000968,
    0.000975,
    0.000959,
    0.000978,
    0.000974,
    0.000962,
    0.000966,
    0.000974,
    0.000978,
    0.000962,
    0.000965,
    0.000967,
    0.000983,
    0.000968,
    0.000979,
    0.000962,
    0.000971,
    0.000957,
    0.000965,
    0.000959,
    0.000961,
    0.000976,
    0.000937,
    0.000954,
    0.00095,
    0.000954,
    0.000956,
    0.000944,
    0.000962,
    0.000966,
    0.000933,
    0.000929,
    0.000949,
    0.00096,
    0.000935,
    0.000959,
    0.00093,
    0.000959,
    0.000936,
    0.000942,
    0.000947,
    0.000945,
    0.000935,
    0.000922,
    0.000929,
    0.000943,
    0.000943,
    0.000926,
    0.000935,
    0.000944,
    0.000926,
    0.000943,
    0.000922,
    0.00094,
    0.000939,
    0.000924,
    0.000927,
    0.000933,
    0.000905,
    0.000928,
    0.000916,
    0.000925,
    0.000908,
    0.000921,
    0.000925,
    0.000916,
    0.00091,
    0.000918,
    0.000913,
    0.000915,
    0.000914,
    0.000931,
    0.000902,
    0.000904,
    0.000915,
    0.000909,
    0.000919,
    0.000918,
    0.000913,
    0.000916,
    0.00091,
    0.000928,
    0.0009,
    0.000909,
    0.000918,
    0.000927,
    0.000925,
    0.000908,
    0.000895,
    0.000942,
    0.000898,
    0.00091,
    0.000899,
    0.000903,
    0.000912,
    0.000921,
    0.000915,
    0.00093,
    0.000902,
    0.0009,
    0.000911,
    0.000892,
    0.000899,
    0.000914,
    0.000897,
    0.000905,
    0.000889,
    0.000897,
    0.000902,
    0.000898,
    0.000905,
    0.000893,
    0.000898,
    0.000906,
    0.00091,
    0.0009,
    0.000893,
    0.000903,
    0.00089,
    0.000892,
    0.000896,
    0.000902,
    0.000892,
    0.000889,
    0.000912,
    0.000916,
    0.000894,
    0.000886,
    0.000897,
    0.000904,
    0.000901,
    0.000899,
    0.000898,
    0.000901,
    0.000895,
    0.00089,
    0.00091,
    0.000906,
    0.000901,
    0.000893
  ],
  "val_loss_curve": [
    0.012615,
    0.009095,
    0.005993,
    0.004478,
    0.00369,
    0.002982,
    0.002369,
    0.001953,
    0.001645,
    0.001464,
    0.001304,
    0.001212,
    0.001152,
    0.001109,
    0.001079,
    0.001065,
    0.001045,
    0.00103,
    0.001027,
    0.001023,
    0.001019,
    0.001023,
    0.001016,
    0.001015,
    0.001011,
    0.001005,
    0.001011,
    0.001003,
    0.001012,
    0.001002,
    0.001009,
    0.000991,
    0.000995,
    0.00099,
    0.000995,
    0.000988,
    0.000994,
    0.000981,
    0.000974,
    0.000979,
    0.000991,
    0.000974,
    0.000979,
    0.000973,
    0.000987,
    0.00098,
    0.000985,
    0.000974,
    0.000968,
    0.000966,
    0.000982,
    0.000972,
    0.000977,
    0.000975,
    0.000967,
    0.000957,
    0.000961,
    0.000977,
    0.000966,
    0.00097,
    0.000956,
    0.000951,
    0.000947,
    0.000955,
    0.000954,
    0.000959,
    0.000961,
    0.000945,
    0.000948,
    0.000946,
    0.000961,
    0.000944,
    0.000949,
    0.000955,
    0.000945,
    0.000979,
    0.000956,
    0.000945,
    0.000951,
    0.000953,
    0.000956,
    0.000964,
    0.000951,
    0.000949,
    0.000949,
    0.000954,
    0.000944,
    0.000954,
    0.000963,
    0.000941,
    0.000952,
    0.000951,
    0.000959,
    0.000947,
    0.000951,
    0.000961,
    0.000945,
    0.000952,
    0.000961,
    0.000957,
    0.000959,
    0.000951,
    0.000935,
    0.000964,
    0.00094,
    0.000946,
    0.000955,
    0.000952,
    0.00095,
    0.00096,
    0.000957,
    0.000955,
    0.000949,
    0.000946,
    0.000963,
    0.00095,
    0.000944,
    0.000959,
    0.000954,
    0.000935,
    0.000941,
    0.000952,
    0.000954,
    0.000966,
    0.000954,
    0.000938,
    0.000951,
    0.000951,
    0.000947,
    0.000943,
    0.000946,
    0.000925,
    0.000957,
    0.000958,
    0.000929,
    0.000949,
    0.000964,
    0.000959,
    0.000935,
    0.000963,
    0.000941,
    0.000954,
    0.000959,
    0.000951,
    0.000965,
    0.000959,
    0.000944,
    0.000942,
    0.000954,
    0.000937,
    0.000985,
    0.000945,
    0.000942,
    0.000954,
    0.000947,
    0.000944,
    0.000944,
    0.000937,
    0.000939,
    0.000963,
    0.000947,
    0.00093,
    0.000935,
    0.000943,
    0.000959,
    0.000952,
    0.000952,
    0.000947,
    0.000932,
    0.000944,
    0.00095,
    0.000945,
    0.000964,
    0.000937,
    0.000954,
    0.000957,
    0.000945,
    0.00095,
    0.000941,
    0.00096,
    0.00095,
    0.00095,
    0.000939,
    0.000938,
    0.000948,
    0.000947,
    0.000949,
    0.000949,
    0.000942,
    0.000948,
    0.000949,
    0.000938,
    0.000941,
    0.000947,
    0.00095,
    0.000937,
    0.000944,
    0.00094,
    0.000939,
    0.000948,
    0.000938,
    0.000939,
    0.000942,
    0.000943,
    0.000952,
    0.000954,
    0.000938,
    0.000941,
    0.000941,
    0.000941,
    0.000963,
    0.00095,
    0.000941,
    0.000947,
    0.000941,
    0.00094,
    0.000952,
    0.000945,
    0.000939,
    0.000948,
    0.000942,
    0.000942,
    0.000942,
    0.00094,
    0.00095,
    0.000942,
    0.00095,
    0.000942,
    0.000943,
    0.000944,
    0.000939,
    0.000954,
    0.00094,
    0.000944,
    0.000944,
    0.000941,
    0.000944,
    0.000943,
    0.000943,
    0.000944,
    0.00094,
    0.000942,
    0.000947,
    0.000946,
    0.000949,
    0.000941,
    0.000935,
    0.000935,
    0.000944,
    0.000942,
    0.000943,
    0.000946,
    0.000944,
    0.000936,
    0.000949,
    0.000943,
    0.000943,
    0.000943,
    0.000946,
    0.000941,
    0.000943,
    0.000939
  ],
  "per_company_mape": {
    "C1015": 0.055931,
    "C1033": 0.07468,
    "C1068": 0.067294,
    "C1084": 0.038286,
    "C1156": 0.088032,