{
  "arch": "gru_baseline",
  "lob": "workers_compensation",
  "config_idx": 87,
  "dropout_rate": 0.04219,
  "learning_rate": 0.001581,
  "batch_size": 256,
  "max_epochs": 500,
  "gru_units": 128,
  "dense_units": 64,
  "mape": 0.08410614360792427,
  "rmspe": 0.1617602134779054,
  "n_companies": 234,
  "n_filtered": 0,
  "mape_std": 0.09986406622506883,
  "mape_p25": 0.03553095799231856,
  "mape_p75": 0.09294876198508725,
  "training_time": 82.29,
  "epochs_trained": 201,
  "best_val_loss": 0.0009596621332873058,
  "train_loss_curve": [
    0.00221,
    0.001303,
    0.001205,
    0.001128,
    0.001104,
    0.001133,
    0.001096,
    0.00102,
    0.001002,
    0.000975,
    0.00097,
    0.000966,
    0.000985,
    0.000959,
    0.000941,
    0.001016,
    0.000962,
    0.000936,
    0.000907,
    0.000901,
    0.000954,
    0.001011,
    0.000955,
    0.000895,
    0.000893,
    0.000893,
    0.000868,
    0.000868,
    0.000852,
    0.00086,
    0.000847,
    0.000843,
    0.000881,
    0.000842,
    0.000875,
    0.000939,
    0.000856,
    0.000834,
    0.000855,
    0.000877,
    0.00085,
    0.000869,
    0.000888,
    0.00083,
    0.000828,
    0.000819,
    0.000847,
    0.000841,
    0.000818,
    0.000823,
    0.000817,
    0.000808,
    0.000791,
    0.0008,
    0.000794,
    0.000782,
    0.000787,
    0.000794,
    0.000806,
    0.000864,
    0.000835,
    0.00082,
    0.000781,
    0.00081,
    0.000818,
    0.000798,
    0.000834,
    0.000814,
    0.000809,
    0.000821,
    0.000801,
    0.00079,
    0.000768,
    0.00078,
    0.000763,
    0.000774,
    0.000798,
    0.000798,
    0.000776,
    0.000774,
    0.000774,
    0.000741,
    0.000797,
    0.000814,
    0.000764,
    0.000747,
    0.000719,
    0.000731,
    0.000719,
    0.000714,
    0.000717,
    0.000717,
    0.000731,
    0.000759,
    0.000747,
    0.000712,
    0.000725,
    0.000739,
    0.000742,
    0.000761,
    0.000807,
    0.000736,
    0.000723,
    0.000713,
    0.000722,
    0.000747,
    0.000713,
    0.000851,
    0.000849,
    0.000725,
    0.000725,
    0.000729,
    0.000712,
    0.000704,
    0.000713,
    0.000702,
    0.000721,
    0.000709,
    0.000704,
    0.0007,
    0.000702,
    0.000703,
    0.00072,
    0.00073,
    0.000715,
    0.000698,
    0.000713,
    0.000712,
    0.000711,
    0.000706,
    0.0007,
    0.000718,
    0.000697,
    0.000693,
    0.000732,
    0.000729,
    0.000691,
    0.000694,
    0.000687,
    0.00069,
    0.000728,
    0.000704,
    0.00069,
    0.000697,
    0.000698,
    0.000714,
    0.000695,
    0.000685,
    0.000698,
    0.000674,
    0.000693,
    0.000697,
    0.000695,
    0.0007,
    0.00071,
    0.000679,
    0.000722,
    0.000686,
    0.000677,
    0.000674,
    0.00068,
    0.000687,
    0.00068,
    0.000678,
    0.000677,
    0.000672,
    0.000682,
    0.00069,
    0.000729,
    0.000683,
    0.000669,
    0.000684,
    0.000678,
    0.000679,
    0.000684,
    0.000682,
    0.000675,
    0.000679,
    0.000678,
    0.000688,
    0.000675,
    0.000669,
    0.000672,
    0.000663,
    0.000685,
    0.000685,
    0.000669,
    0.000675,
    0.000664,
    0.000663,
    0.000669,
    0.000664,
    0.000682,
    0.000666,
    0.000663,
    0.00067,
    0.000666,
    0.000666,
    0.000673,
    0.000661,
    0.000673
  ],
  "val_loss_curve": [
    0.001133,
    0.001117,
    0.001182,
    0.001092,
    0.001108,
    0.001175,
    0.001161,
    0.00112,
    0.001193,
    0.001296,
    0.001011,
    0.001072,
    0.001086,
    0.001136,
    0.001068,
    0.001015,
    0.000989,
    0.001068,
    0.00101,
    0.001432,
    0.001138,
    0.001409,
    0.001068,
    0.001031,
    0.001095,
    0.001223,
    0.000961,
    0.001027,
    0.000989,
    0.00096,
    0.000967,
    0.001091,
    0.001078,
    0.000984,
    0.001512,
    0.001061,
    0.001054,
    0.001024,
    0.001156,
    0.001004,
    0.001078,
    0.001104,
    0.00104,
    0.000982,
    0.000992,
    0.001008,
    0.000966,
    0.001079,
    0.001029,
    0.001103,
    0.001155,
    0.001106,
    0.001081,
    0.001024,
    0.001079,
    0.001078,
    0.001083,
    0.001024,
    0.00112,
    0.001265,
    0.001261,
    0.001156,
    0.001272,
    0.001226,
    0.001016,
    0.001037,
    0.001194,
    0.001076,
    0.001143,
    0.001043,
    0.001307,
    0.001028,
    0.001111,
    0.001049,
    0.001068,
    0.001216,
    0.001067,
    0.001061,
    0.001233,
    0.001049,
    0.001064,
    0.001052,
    0.001028,
    0.001033,
    0.001054,
    0.001043,
    0.001084,
    0.001059,
    0.001068,
    0.001098,
    0.001083,
    0.001114,
    0.001122,
    0.001201,
    0.001063,
    0.001078,
    0.001156,
    0.001044,
    0.001114,
    0.001212,
    0.001116,
    0.00105,
    0.001135,
    0.001048,
    0.00104,
    0.001028,
    0.001053,
    0.00102,
    0.001146,
    0.001031,
    0.001068,
    0.001037,
    0.00106,
    0.001069,
    0.001108,
    0.001054,
    0.001076,
    0.001041,
    0.001051,
    0.001053,
    0.001068,
    0.001093,
    0.001093,
    0.001097,
    0.00107,
    0.001093,
    0.001032,
    0.001064,
    0.001064,
    0.001067,
    0.001088,
    0.0011,
    0.001037,
    0.00107,
    0.001105,
    0.001045,
    0.001075,
    0.001102,
    0.001068,
    0.001067,
    0.00108,
    0.00109,
    0.001049,
    0.00104,
    0.001065,
    0.001065,
    0.001065,
    0.001087,
    0.001057,
    0.001064,
    0.001127,
    0.001047,
    0.001038,
    0.001053,
    0.001061,
    0.001081,
    0.001044,
    0.001059,
    0.001058,
    0.001084,
    0.001072,
    0.001085,
    0.001067,
    0.001073,
    0.001069,
    0.001064,
    0.001058,
    0.001091,
    0.001068,
    0.001061,
    0.001056,
    0.001071,
    0.001087,
    0.001077,
    0.001049,
    0.001061,
    0.001061,
    0.001069,
    0.001087,
    0.001055,
    0.001072,
    0.001051,
    0.001075,
    0.001081,
    0.001077,
    0.001065,
    0.001068,
    0.001075,
    0.00107,
    0.001059,
    0.001062,
    0.00107,
    0.001083,
    0.001078,
    0.001068,
    0.0011,
    0.00108,
    0.001091,
    0.001084,
    0.00108,
    0.001087
  ],
  "per_company_mape": {
    "C1015": 0.088764,
    "C1033": 0.070334,
    "C1068": 0.031173,
    "C1084": 0.040463,
    "C1156": 0.058598,
    "C1208": 0.022098,
    "C121": 0.09387,
    "C1218": 0.111619,
    "C1252": 0.031807,
    "C1280": 0.077752,
    "C1313": 0.04277,
    "C1401": 0.354273,
    "C1422": 0.039861,
    "C1475": 0.288085,
    "C151": 0.15047,
    "C1554": 0.087845,
    "C1590": 0.066912,
    "C1594": 0.024148,
    "C1617": 0.231615,
    "C1624": 0.03145,
    "C1635": 0.560995,
    "C1641": 0.048725,
    "C1662": 0.033449,
    "C1675": 0.043428,
    "C1691": 0.025622,
    "C1704": 0.050147,
    "C1706": 0.148523,
    "C1709": 0.082236,
    "C1712": 0.213585,
    "C1744": 0.050619,
    "C1768": 0.129938,
    "C1770": 0.059122,
    "C1783": 0.180087,
    "C1787": 0.093046,
    "C1814": 0.091264,
    "C1817": 0.080726,
    "C1841": 0.085605,
    "C1996": 0.041011,
    "C2033": 0.285253,
    "C2040": 0.075928,
    "C2043": 0.067433,
    "C212": 0.134522,
    "C223": 0.082339,
    "C229": 0.037792,
    "C246": 0.033487,
    "C260": 0.031096,
    "C267": 0.093203,
    "C288": 0.035434,
    "C294": 0.063495,
    "C296": 0.041565,
    "C2969": 0.035821,
    "C2973": 0.028573,
    "C3011": 0.036604,
    "C3012": 0.110403,
    "C3053": 0.041997,
    "C306": 0.032101,
    "C310": 0.040528,
    "C3102": 0.108585,
    "C3130": 0.076778,
    "C3219": 0.034334,
    "C3230": 0.015086,
    "C3251": 0.054753,
    "C3419": 0.031228,
    "C3630": 0.075888,
    "C3633": 0.049041,
    "C3767": 0.107273,
    "C3774": 0.044878,
    "C3776": 0.07327,
    "C379": 0.094964,
    "C3838": 0.030014,
    "C3854": 0.092658,
    "C3856": 0.055921,
    "C391": 0.048271,
    "C3923": 0.082548,
    "C3933": 0.049435,
    "C4071": 0.085556,
    "C409": 0.033435,
    "C4102": 0.048959,
    "C411": 0.032787,
    "C4146": 0.200717,