{
  "arch": "gru_baseline",
  "lob": "workers_compensation",
  "config_idx": 17,
  "dropout_rate": 0.01155,
  "learning_rate": 0.000257,
  "batch_size": 1024,
  "max_epochs": 500,
  "gru_units": 128,
  "dense_units": 32,
  "mape": 0.09423312301515689,
  "rmspe": 0.1712039336136024,
  "n_companies": 234,
  "n_filtered": 0,
  "mape_std": 0.09503367565994847,
  "mape_p25": 0.0400562834946667,
  "mape_p75": 0.10529427492141259,
  "training_time": 48.72,
  "epochs_trained": 209,
  "best_val_loss": 0.0009279095538659021,
  "train_loss_curve": [
    0.007288,
    0.004609,
    0.003051,
    0.002371,
    0.002015,
    0.001749,
    0.001593,
    0.0014,
    0.001305,
    0.001277,
    0.001217,
    0.001205,
    0.001173,
    0.001149,
    0.001143,
    0.001127,
    0.00113,
    0.001108,
    0.001111,
    0.001099,
    0.001105,
    0.001096,
    0.001094,
    0.001096,
    0.001066,
    0.001099,
    0.0011,
    0.001083,
    0.001071,
    0.001087,
    0.001057,
    0.001058,
    0.001068,
    0.001056,
    0.001065,
    0.001065,
    0.001051,
    0.001052,
    0.001035,
    0.00104,
    0.001035,
    0.00104,
    0.001021,
    0.001026,
    0.001017,
    0.001026,
    0.001018,
    0.00101,
    0.00101,
    0.001008,
    0.001005,
    0.000999,
    0.001001,
    0.001001,
    0.000992,
    0.001007,
    0.000981,
    0.000998,
    0.000974,
    0.000978,
    0.000984,
    0.000976,
    0.000974,
    0.000984,
    0.000985,
    0.000979,
    0.000966,
    0.000986,
    0.000976,
    0.000972,
    0.000983,
    0.000975,
    0.000981,
    0.000952,
    0.00096,
    0.000951,
    0.000951,
    0.000961,
    0.000957,
    0.000966,
    0.000965,
    0.000937,
    0.000941,
    0.000947,
    0.000939,
    0.00093,
    0.000949,
    0.000937,
    0.00095,
    0.000937,
    0.000929,
    0.000936,
    0.000919,
    0.000935,
    0.000937,
    0.000928,
    0.000911,
    0.000905,
    0.000904,
    0.000907,
    0.000913,
    0.000909,
    0.000907,
    0.000941,
    0.000901,
    0.00091,
    0.0009,
    0.000899,
    0.000895,
    0.000893,
    0.000911,
    0.00089,
    0.000892,
    0.000894,
    0.000889,
    0.000885,
    0.000911,
    0.000893,
    0.000879,
    0.000877,
    0.000898,
    0.000878,
    0.000916,
    0.000876,
    0.000881,
    0.00088,
    0.000876,
    0.000877,
    0.000892,
    0.000883,
    0.00089,
    0.000885,
    0.000865,
    0.000879,
    0.000869,
    0.000857,
    0.000864,
    0.000856,
    0.000861,
    0.000863,
    0.000862,
    0.000868,
    0.000863,
    0.000877,
    0.000849,
    0.000851,
    0.000849,
    0.000849,
    0.000838,
    0.000851,
    0.000851,
    0.00086,
    0.000848,
    0.000843,
    0.00084,
    0.00084,
    0.000844,
    0.000832,
    0.000832,
    0.000835,
    0.000843,
    0.000827,
    0.000857,
    0.000851,
    0.00084,
    0.000824,
    0.000848,
    0.000835,
    0.000851,
    0.000834,
    0.000835,
    0.000832,
    0.000841,
    0.000828,
    0.00083,
    0.00083,
    0.00082,
    0.000821,
    0.000843,
    0.000816,
    0.000819,
    0.000829,
    0.000838,
    0.000813,
    0.000812,
    0.000815,
    0.00081,
    0.000807,
    0.000819,
    0.000812,
    0.000825,
    0.000821,
    0.00081,
    0.000804,
    0.000819,
    0.000826,
    0.0008,
    0.000812,
    0.000813,
    0.000808,
    0.00083,
    0.000794,
    0.0008,
    0.000798,
    0.000807,
    0.000805,
    0.000799,
    0.000814,
    0.000808
  ],
  "val_loss_curve": [
    0.0123,
    0.00877,
    0.005137,
    0.00378,
    0.003022,
    0.002342,
    0.00188,
    0.001559,
    0.001324,
    0.001225,
    0.001168,
    0.00112,
    0.001106,
    0.001101,
    0.001079,
    0.001066,
    0.001071,
    0.001054,
    0.001054,
    0.001063,
    0.001049,
    0.001057,
    0.001038,
    0.001028,
    0.001042,
    0.001025,
    0.001045,
    0.001013,
    0.001021,
    0.001028,
    0.001036,
    0.00103,
    0.001045,
    0.001003,
    0.001009,
    0.000993,
    0.000997,
    0.001001,
    0.001002,
    0.000998,
    0.00101,
    0.000997,
    0.000992,
    0.000988,
    0.001,
    0.000998,
    0.000992,
    0.000985,
    0.000997,
    0.000989,
    0.000981,
    0.000996,
    0.000997,
    0.000987,
    0.001002,
    0.000975,
    0.00099,
    0.000979,
    0.000994,
    0.000979,
    0.000981,
    0.000976,
    0.000984,
    0.000984,
    0.000994,
    0.00098,
    0.000977,
    0.000964,
    0.000984,
    0.001007,
    0.000987,
    0.000986,
    0.000969,
    0.000971,
    0.000971,
    0.000978,
    0.00097,
    0.000996,
    0.000972,
    0.000962,
    0.000962,
    0.00097,
    0.000982,
    0.000979,
    0.000984,
    0.000962,
    0.000947,
    0.000959,
    0.00099,
    0.000956,
    0.000982,
    0.000955,
    0.000963,
    0.000955,
    0.000953,
    0.000957,
    0.000951,
    0.000967,
    0.00097,
    0.000961,
    0.000956,
    0.000953,
    0.000955,
    0.000953,
    0.000958,
    0.000938,
    0.000946,
    0.000949,
    0.000943,
    0.00097,
    0.000977,
    0.000957,
    0.000951,
    0.000953,
    0.000946,
    0.000954,
    0.000943,
    0.000949,
    0.000938,
    0.000946,
    0.000953,
    0.000969,
    0.000958,
    0.000979,
    0.000967,
    0.000974,
    0.000962,
    0.000969,
    0.00096,
    0.000963,
    0.000938,
    0.000942,
    0.000954,
    0.000951,
    0.000952,
    0.000957,
    0.000956,
    0.000952,
    0.000944,
    0.000946,
    0.000941,
    0.000958,
    0.000946,
    0.000943,
    0.000947,
    0.000949,
    0.000953,
    0.000962,
    0.000948,
    0.000946,
    0.000945,
    0.000965,
    0.000966,
    0.000956,
    0.000945,
    0.000937,
    0.000947,
    0.000952,
    0.000938,
    0.00095,
    0.000953,
    0.000934,
    0.000943,
    0.000943,
    0.000933,
    0.000941,
    0.000955,
    0.000954,
    0.000972,
    0.000963,
    0.000937,
    0.000943,
    0.000928,
    0.000937,
    0.000935,
    0.00095,
    0.000935,
    0.000947,
    0.000941,
    0.000945,
    0.000947,
    0.000937,
    0.00095,
    0.000949,
    0.000936,
    0.000953,
    0.000952,
    0.000937,
    0.00095,
    0.00095,
    0.000941,
    0.000951,
    0.000938,
    0.000948,
    0.000939,
    0.000949,
    0.000956,
    0.000951,
    0.000944,
    0.00095,
    0.000936,
    0.000962,
    0.000953,
    0.000939,
    0.000939,
    0.000935,
    0.000945,
    0.000949,
    0.000936
  ],
  "per_company_mape": {
    "C1015": 0.08037,
    "C1033": 0.154183,
    "C1068": 0.03246,
    "C1084": 0.065497,
    "C1156": 0.076413,
    "C1208": 0.022731,
    "C121": 0.066087,
    "C1218": 0.137514,
    "C1252": 0.02336,
    "C1280": 0.113069,
    "C1313": 0.022677,
    "C1401": 0.268374,
    "C1422": 0.077221,
    "C1475": 0.355637,
    "C151": 0.187249,
    "C1554": 0.078202,
    "C1590": 0.072567,
    "C1594": 0.032959,
    "C1617": 0.071968,
    "C1624": 0.035055,
    "C1635": 0.512072,
    "C1641": 0.026402,
    "C1662": 0.035595,
    "C1675": 0.025589,
    "C1691": 0.038132,
    "C1704": 0.045731,
    "C1706": 0.256664,
    "C1709": 0.068171,
    "C1712": 0.12409,
    "C1744": 0.033342,
    "C1768": 0.118549,
    "C1770": 0.048112,
    "C1783": 0.160938,
    "C1787": 0.170355,
    "C1814": 0.068767,
    "C1817": 0.072416,
    "C1841": 0.119423,
    "C1996": 0.030829,
    "C2033": 0.253733,
    "C2040": 0.099947,
    "C2043": 0.069011,
    "C212": 0.261676,
    "C223": 0.080481,
    "C229": 0.018844,
    "C246": 0.04956,
    "C260": 0.035294,
    "C267": 0.186087,
    "C288": 0.047956,
    "C294": 0.076781,
    "C296": 0.033704,
    "C2969": 0.04471,
    "C2973": 0.046768,
    "C3011": 0.041884,
    "C3012": 0.078921,
    "C3053": 0.055814,
    "C306": 0.060616,
    "C310": 0.059268,
    "C3102": 0.059376,
    "C3130": 0.149775,
    "C3219": 0.033108,
    "C3230": 0.043123,
    "C3251": 0.099467,
    "C3419": 0.053703,
    "C3630": 0.144213,
    "C3633": 0.056463,
    "C3767": 0.194191,
    "C3774": 0.035534,
    "C3776": 0.076146,
    "C379": 0.074123,
    "C3838": 0.043384,