{
  "arch": "gru_baseline",
  "lob": "workers_compensation",
  "config_idx": 2,
  "dropout_rate": 0.03398,
  "learning_rate": 0.0001942,
  "batch_size": 512,
  "max_epochs": 1000,
  "gru_units": 256,
  "dense_units": 64,
  "mape": 0.08741469216002311,
  "rmspe": 0.14780943752296302,
  "n_companies": 234,
  "n_filtered": 0,
  "mape_std": 0.06589676442641595,
  "mape_p25": 0.045033548276802886,
  "mape_p75": 0.1021742641047422,
  "training_time": 80.46,
  "epochs_trained": 203,
  "best_val_loss": 0.0009912799993929053,
  "train_loss_curve": [
    0.005113,
    0.002447,
    0.001793,
    0.001538,
    0.001387,
    0.001302,
    0.001248,
    0.001202,
    0.001222,
    0.001165,
    0.001181,
    0.001154,
    0.00114,
    0.001145,
    0.00112,
    0.001121,
    0.001094,
    0.001084,
    0.00107,
    0.001071,
    0.001061,
    0.001061,
    0.001039,
    0.001049,
    0.001052,
    0.001046,
    0.001055,
    0.001033,
    0.001027,
    0.001025,
    0.001035,
    0.001018,
    0.000989,
    0.000998,
    0.000993,
    0.000995,
    0.000986,
    0.000992,
    0.000979,
    0.000986,
    0.000972,
    0.000968,
    0.000964,
    0.000963,
    0.000958,
    0.000965,
    0.000949,
    0.000956,
    0.000947,
    0.000941,
    0.000942,
    0.00093,
    0.000937,
    0.00093,
    0.000931,
    0.000929,
    0.000931,
    0.000924,
    0.000922,
    0.000912,
    0.000921,
    0.000908,
    0.000917,
    0.000907,
    0.000907,
    0.000903,
    0.000895,
    0.000894,
    0.000889,
    0.00089,
    0.000885,
    0.000879,
    0.000893,
    0.000885,
    0.000887,
    0.000881,
    0.000886,
    0.000869,
    0.000887,
    0.000881,
    0.000873,
    0.000877,
    0.000864,
    0.00086,
    0.000871,
    0.000869,
    0.00086,
    0.000857,
    0.000863,
    0.000856,
    0.000859,
    0.000849,
    0.000852,
    0.000854,
    0.000855,
    0.000849,
    0.000839,
    0.000844,
    0.000842,
    0.000845,
    0.00084,
    0.00084,
    0.000837,
    0.000829,
    0.000843,
    0.000835,
    0.000839,
    0.000833,
    0.00083,
    0.000827,
    0.000838,
    0.00084,
    0.000824,
    0.000831,
    0.000823,
    0.000819,
    0.000828,
    0.00082,
    0.000822,
    0.000824,
    0.000819,
    0.000809,
    0.000807,
    0.000816,
    0.000821,
    0.00082,
    0.000818,
    0.000817,
    0.000807,
    0.000812,
    0.000817,
    0.000821,
    0.00081,
    0.000806,
    0.000805,
    0.000804,
    0.000812,
    0.000808,
    0.00081,
    0.000802,
    0.000796,
    0.000799,
    0.000807,
    0.000801,
    0.000805,
    0.000793,
    0.0008,
    0.000809,
    0.000789,
    0.000795,
    0.000792,
    0.000798,
    0.000783,
    0.000791,
    0.000788,
    0.000783,
    0.00078,
    0.000783,
    0.000786,
    0.000797,
    0.000786,
    0.000787,
    0.000785,
    0.000789,
    0.00079,
    0.000792,
    0.000781,
    0.000782,
    0.000778,
    0.000786,
    0.000778,
    0.000793,
    0.000781,
    0.000772,
    0.000778,
    0.000782,
    0.000777,
    0.000773,
    0.00077,
    0.000774,
    0.000774,
    0.000778,
    0.000775,
    0.000775,
    0.000761,
    0.000776,
    0.00078,
    0.000772,
    0.000774,
    0.000773,
    0.000768,
    0.000766,
    0.00076,
    0.000762,
    0.000763,
    0.000768,
    0.000767,
    0.000755,
    0.000768,
    0.00076,
    0.000765,
    0.000763,
    0.000772
  ],
  "val_loss_curve": [
    0.006051,
    0.002963,
    0.001764,
    0.001392,
    0.001252,
    0.001157,
    0.001123,
    0.001122,
    0.001102,
    0.001087,
    0.001085,
    0.001079,
    0.001081,
    0.001087,
    0.001091,
    0.001086,
    0.001058,
    0.001095,
    0.001078,
    0.001067,
    0.001097,
    0.001045,
    0.001052,
    0.001034,
    0.00106,
    0.001031,
    0.001043,
    0.001068,
    0.001062,
    0.00106,
    0.00108,
    0.001075,
    0.001036,
    0.001036,
    0.001026,
    0.00103,
    0.001011,
    0.001034,
    0.001025,
    0.001046,
    0.001035,
    0.001049,
    0.001057,
    0.001075,
    0.001074,
    0.00103,
    0.001036,
    0.001022,
    0.001024,
    0.001046,
    0.001038,
    0.001049,
    0.001034,
    0.001057,
    0.00102,
    0.001026,
    0.001095,
    0.001026,
    0.001078,
    0.001055,
    0.001027,
    0.001047,
    0.001051,
    0.00104,
    0.00111,
    0.001029,
    0.001045,
    0.001056,
    0.001047,
    0.001096,
    0.001051,
    0.001004,
    0.001032,
    0.001053,
    0.001011,
    0.001016,
    0.001029,
    0.001077,
    0.001061,
    0.001016,
    0.001016,
    0.001036,
    0.001015,
    0.001041,
    0.001014,
    0.001026,
    0.001033,
    0.001047,
    0.001051,
    0.001058,
    0.001029,
    0.001062,
    0.001035,
    0.00103,
    0.001031,
    0.001032,
    0.001035,
    0.001005,
    0.001058,
    0.001029,
    0.001057,
    0.001047,
    0.00106,
    0.001019,
    0.001022,
    0.00102,
    0.001018,
    0.001007,
    0.001009,
    0.001017,
    0.001037,
    0.001035,
    0.001036,
    0.001035,
    0.00102,
    0.001005,
    0.00102,
    0.001003,
    0.001013,
    0.001064,
    0.001017,
    0.001018,
    0.000997,
    0.000996,
    0.001024,
    0.001034,
    0.001017,
    0.001032,
    0.001015,
    0.001028,
    0.001017,
    0.001046,
    0.001006,
    0.001033,
    0.001025,
    0.001003,
    0.001009,
    0.00102,
    0.000997,
    0.001033,
    0.001004,
    0.001009,
    0.001006,
    0.001029,
    0.001028,
    0.001016,
    0.001016,
    0.00104,
    0.00103,
    0.001019,
    0.001034,
    0.001045,
    0.001006,
    0.001015,
    0.001026,
    0.001027,
    0.001025,
    0.001017,
    0.001059,
    0.001048,
    0.001032,
    0.001004,
    0.001024,
    0.001045,
    0.001009,
    0.000998,
    0.001018,
    0.001047,
    0.001026,
    0.001013,
    0.001019,
    0.000991,
    0.001018,
    0.000993,
    0.001035,
    0.001013,
    0.000992,
    0.001014,
    0.001014,
    0.001029,
    0.001016,
    0.001002,
    0.001027,
    0.001036,
    0.001007,
    0.001028,
    0.001022,
    0.001034,
    0.001024,
    0.001026,
    0.001018,
    0.001036,
    0.001025,
    0.001022,
    0.001048,
    0.001016,
    0.001021,
    0.001024,
    0.001027,
    0.001024,
    0.001044,
    0.001017,
    0.001033
  ],
  "per_company_mape": {
    "C1015": 0.067059,
    "C1033": 0.064514,
    "C1068": 0.042702,
    "C1084": 0.070806,
    "C1156": 0.035831,
    "C1208": 0.027281,
    "C121": 0.095639,
    "C1218": 0.127177,
    "C1252": 0.03087,
    "C1280": 0.135942,
    "C1313": 0.075567,
    "C1401": 0.316202,
    "C1422": 0.063563,
    "C1475": 0.434675,
    "C151": 0.163111,
    "C1554": 0.089217,
    "C1590": 0.057828,
    "C1594": 0.023363,
    "C1617": 0.078106,
    "C1624": 0.040818,
    "C1635": 0.262845,
    "C1641": 0.038637,
    "C1662": 0.03131,
    "C1675": 0.051269,
    "C1691": 0.025103,
    "C1704": 0.052634,
    "C1706": 0.172119,
    "C1709": 0.038805,
    "C1712": 0.05654,
    "C1744": 0.049468,
    "C1768": 0.151931,
    "C1770": 0.055481,
    "C1783": 0.130435,
    "C1787": 0.080473,
    "C1814": 0.068973,
    "C1817": 0.084857,
    "C1841": 0.127483,
    "C1996": 0.042642,
    "C2033": 0.255615,
    "C2040": 0.100986,
    "C2043": 0.100532,
    "C212": 0.096185,
    "C223": 0.07439,
    "C229": 0.059681,
    "C246": 0.032304,
    "C260": 0.072007,
    "C267": 0.116989,
    "C288": 0.044212,
    "C294": 0.066215,
    "C296": 0.033629,
    "C2969": 0.045427,
    "C2973": 0.031027,
    "C3011": 0.027772,
    "C3012": 0.155506,
    "C3053": 0.030706,
    "C306": 0.051469,
    "C310": 0.03861,
    "C3102": 0.103881,
    "C3130": 0.117319,
    "C3219": 0.039753,
    "C3230": 0.042836,
    "C3251": 0.064086,
    "C3419": 0.045949,
    "C3630": 0.127865,
    "C3633": 0.046127,
    "C3767": 0.205741,
    "C3774": 0.037376,
    "C3776": 0.085539,
    "C379": 0.12055,
    "C3838": 0.039261,
    "C3854": 0.055193,
    "C3856": 0.059388,
    "C391": 0.049016,
    "C3923": 0.066869,
    "C3933": 0.038487,
    "C4071": 0.097695,
    "C409": 0.045622,