{
  "arch": "gru_baseline",
  "lob": "workers_compensation",
  "config_idx": 69,
  "dropout_rate": 0.08532,
  "learning_rate": 0.0002914,
  "batch_size": 256,
  "max_epochs": 1000,
  "gru_units": 256,
  "dense_units": 32,
  "mape": 0.08907524960081015,
  "rmspe": 0.18181564514870588,
  "n_companies": 234,
  "n_filtered": 0,
  "mape_std": 0.10568876422989733,
  "mape_p25": 0.03760758974356058,
  "mape_p75": 0.09449904016159982,
  "training_time": 101.17,
  "epochs_trained": 202,
  "best_val_loss": 0.001066484733850562,
  "train_loss_curve": [
    0.00399,
    0.001852,
    0.001523,
    0.001407,
    0.001373,
    0.001317,
    0.001336,
    0.001311,
    0.001245,
    0.001234,
    0.00124,
    0.001191,
    0.001213,
    0.001192,
    0.001152,
    0.001145,
    0.001137,
    0.001136,
    0.00112,
    0.001132,
    0.001099,
    0.001107,
    0.001117,
    0.001122,
    0.001116,
    0.001096,
    0.001332,
    0.001212,
    0.001118,
    0.001078,
    0.001065,
    0.001091,
    0.00108,
    0.001081,
    0.001073,
    0.001052,
    0.001073,
    0.001049,
    0.001045,
    0.001043,
    0.001076,
    0.001053,
    0.001045,
    0.001063,
    0.001032,
    0.001041,
    0.001029,
    0.001035,
    0.001015,
    0.001025,
    0.00105,
    0.001015,
    0.001018,
    0.001009,
    0.001026,
    0.001041,
    0.001097,
    0.001062,
    0.001043,
    0.00104,
    0.001051,
    0.001014,
    0.001007,
    0.001019,
    0.000997,
    0.000995,
    0.000992,
    0.000993,
    0.00098,
    0.00101,
    0.00099,
    0.000992,
    0.000986,
    0.000991,
    0.000978,
    0.00106,
    0.001054,
    0.001013,
    0.000984,
    0.000974,
    0.00097,
    0.000971,
    0.000978,
    0.000973,
    0.000973,
    0.00096,
    0.000976,
    0.000979,
    0.000959,
    0.00096,
    0.000947,
    0.001056,
    0.000971,
    0.000973,
    0.000976,
    0.000964,
    0.000974,
    0.000951,
    0.00097,
    0.000956,
    0.000948,
    0.000963,
    0.000969,
    0.00096,
    0.000951,
    0.000957,
    0.000951,
    0.000952,
    0.000951,
    0.000953,
    0.000984,
    0.000975,
    0.000956,
    0.000956,
    0.000968,
    0.001009,
    0.000949,
    0.000935,
    0.000938,
    0.000951,
    0.000953,
    0.000974,
    0.000981,
    0.000953,
    0.000944,
    0.00095,
    0.000936,
    0.000963,
    0.000943,
    0.00094,
    0.000947,
    0.000941,
    0.000944,
    0.000948,
    0.000938,
    0.000941,
    0.000951,
    0.000945,
    0.000931,
    0.000927,
    0.000938,
    0.000925,
    0.000942,
    0.000926,
    0.000931,
    0.001079,
    0.000944,
    0.000949,
    0.000947,
    0.000977,
    0.000989,
    0.000954,
    0.000935,
    0.000945,
    0.00094,
    0.000959,
    0.000969,
    0.000938,
    0.000947,
    0.000954,
    0.000957,
    0.000932,
    0.000953,
    0.000938,
    0.000946,
    0.000927,
    0.000929,
    0.000943,
    0.000921,
    0.000946,
    0.000937,
    0.000934,
    0.00095,
    0.000954,
    0.000939,
    0.000947,
    0.000967,
    0.000929,
    0.000947,
    0.000947,
    0.000936,
    0.00095,
    0.000935,
    0.000925,
    0.000934,
    0.00095,
    0.000927,
    0.000931,
    0.000926,
    0.000943,
    0.000965,
    0.000933,
    0.00093,
    0.000925,
    0.000943,
    0.00099,
    0.000924,
    0.000929,
    0.000941,
    0.000927,
    0.000943,
    0.00093
  ],
  "val_loss_curve": [
    0.002501,
    0.001409,
    0.001292,
    0.001216,
    0.001232,
    0.001283,
    0.001318,
    0.001222,
    0.001202,
    0.001144,
    0.001217,
    0.001289,
    0.001196,
    0.001182,
    0.001198,
    0.001257,
    0.001191,
    0.001259,
    0.001321,
    0.001212,
    0.001126,
    0.001179,
    0.001076,
    0.001358,
    0.001168,
    0.001185,
    0.001066,
    0.00121,
    0.001266,
    0.001241,
    0.001214,
    0.001192,
    0.001178,
    0.001237,
    0.001175,
    0.001126,
    0.001225,
    0.001124,
    0.001162,
    0.001109,
    0.001215,
    0.001202,
    0.001147,
    0.001151,
    0.001121,
    0.001158,
    0.001216,
    0.001226,
    0.00119,
    0.001259,
    0.001202,
    0.001165,
    0.001156,
    0.001227,
    0.001139,
    0.001104,
    0.001266,
    0.001108,
    0.001184,
    0.001101,
    0.001177,
    0.001171,
    0.001173,
    0.001171,
    0.00118,
    0.001283,
    0.00119,
    0.001142,
    0.001151,
    0.001158,
    0.00115,
    0.001151,
    0.001155,
    0.001162,
    0.001168,
    0.001081,
    0.001162,
    0.001141,
    0.001157,
    0.001139,
    0.001177,
    0.00114,
    0.001152,
    0.001149,
    0.001178,
    0.001177,
    0.001171,
    0.001173,
    0.001168,
    0.001166,
    0.001187,
    0.001181,
    0.001164,
    0.001172,
    0.001188,
    0.001122,
    0.001181,
    0.001197,
    0.001153,
    0.001164,
    0.001161,
    0.001163,
    0.00116,
    0.001197,
    0.001171,
    0.001169,
    0.001165,
    0.00114,
    0.001163,
    0.001226,
    0.001181,
    0.001196,
    0.00116,
    0.001191,
    0.001181,
    0.001113,
    0.001184,
    0.00116,
    0.001156,
    0.001127,
    0.001193,
    0.00115,
    0.001116,
    0.001171,
    0.001169,
    0.001163,
    0.001162,
    0.001249,
    0.001173,
    0.001137,
    0.00116,
    0.001139,
    0.001178,
    0.001167,
    0.001171,
    0.001155,
    0.001183,
    0.001138,
    0.001171,
    0.001159,
    0.001154,
    0.001163,
    0.001171,
    0.001149,
    0.001147,
    0.001165,
    0.001148,
    0.001177,
    0.001186,
    0.001172,
    0.001182,
    0.001157,
    0.001163,
    0.001134,
    0.001149,
    0.001166,
    0.001159,
    0.001167,
    0.001174,
    0.001151,
    0.001183,
    0.001169,
    0.001154,
    0.001181,
    0.001162,
    0.001175,
    0.001144,
    0.001175,
    0.001128,
    0.001172,
    0.001166,
    0.00116,
    0.001162,
    0.001144,
    0.001163,
    0.001181,
    0.001164,
    0.001149,
    0.001168,
    0.001136,
    0.001162,
    0.001147,
    0.001153,
    0.001155,
    0.001152,
    0.001166,
    0.001146,
    0.001168,
    0.001152,
    0.00116,
    0.001152,
    0.001162,
    0.00115,
    0.001162,
    0.001131,
    0.001153,
    0.001159,
    0.001155,
    0.001155,
    0.001164,
    0.001145,
    0.00115
  ],
  "per_company_mape": {
    "C1015": 0.064497,
    "C1033": 0.07759,
    "C1068": 0.097083,
    "C1084": 0.03402,
    "C1156": 0.068175,
    "C1208": 0.04261,
    "C121": 0.086631,
    "C1218": 0.124807,
    "C1252": 0.018004,
    "C1280": 0.079793,
    "C1313": 0.02122,
    "C1401": 0.238792,
    "C1422": 0.055551,
    "C1475": 0.451966,
    "C151": 0.248013,
    "C1554": 0.112049,
    "C1590": 0.055436,
    "C1594": 0.029431,
    "C1617": 0.205647,
    "C1624": 0.033379,
    "C1635": 0.692532,
    "C1641": 0.067432,
    "C1662": 0.071485,
    "C1675": 0.056386,
    "C1691": 0.02534,
    "C1704": 0.053709,
    "C1706": 0.14523,
    "C1709": 0.085995,
    "C1712": 0.19742,
    "C1744": 0.056572,
    "C1768": 0.082738,
    "C1770": 0.053605,
    "C1783": 0.226239,
    "C1787": 0.094742,
    "C1814": 0.144093,
    "C1817": 0.084093,
    "C1841": 0.101058,
    "C1996": 0.039654,
    "C2033": 0.400637,
    "C2040": 0.093351,
    "C2043": 0.092505,
    "C212": 0.168565,
    "C223": 0.092821,
    "C229": 0.053562,
    "C246": 0.033052,
    "C260": 0.052848,
    "C267": 0.09377,
    "C288": 0.023384,
    "C294": 0.077713,
    "C296": 0.024733,
    "C2969": 0.044567,
    "C2973": 0.038754,
    "C3011": 0.046262,
    "C3012": 0.120634,
    "C3053": 0.054499,
    "C306": 0.042664,
    "C310": 0.030054,
    "C3102": 0.064303,
    "C3130": 0.182736,
    "C3219": 0.045476,
    "C3230": 0.04306,
    "C3251": 0.047423,
    "C3419": 0.068963,
    "C3630": 0.091637,
    "C3633": 0.056775,
    "C3767": 0.079664,
    "C3774": 0.04248,
    "C3776": 0.072898,
    "C379": 0.086765,
    "C3838": 0.038892,
    "C3854": 0.104951,
    "C3856": 0.069102,
    "C391": 0.02045,
    "C3923": 0.102153,
    "C3933": 0.033187,
    "C4071": 0.075439,
    "C409": 0.043787,
    "C4102": 0.025706,