{
  "arch": "gru_attention_masked",
  "lob": "workers_compensation",
  "seed": 35,
  "mape": 0.24938916749720977,
  "rmspe": 0.35645206619428993,
  "n_companies": 234,
  "n_filtered": 0,
  "training_time": 157.73,
  "epochs_trained": 385,
  "best_val_loss": 0.004113855339320642
}