{
  "arch": "gru_attention_masked",
  "lob": "workers_compensation",
  "seed": 41,
  "mape": 0.24938916749720977,
  "rmspe": 0.35645206619428993,
  "n_companies": 234,
  "n_filtered": 0,
  "training_time": 67.47,
  "epochs_trained": 207,
  "best_val_loss": 0.0037975870072841644
}