{
  "arch": "gru_baseline",
  "lob": "private_passenger_auto",
  "config_idx": 39,
  "dropout_rate": 0.16006,
  "learning_rate": 0.0007388,
  "batch_size": 1024,
  "max_epochs": 1000,
  "gru_units": 256,
  "dense_units": 128,
  "mape": 0.06422732723938454,
  "rmspe": 0.11577936581322362,
  "n_companies": 121,
  "n_filtered": 8,
  "mape_std": 0.0718862813216001,
  "mape_p25": 0.0349206826903396,
  "mape_p75": 0.06947180510398311,
  "training_time": 20.9,
  "epochs_trained": 201,
  "best_val_loss": 0.006304469599854201,
  "train_loss_curve": [
    0.040324,
    0.038016,
    0.036063,
    0.035464,
    0.036755,
    0.035491,
    0.034374,
    0.034996,
    0.034511,
    0.033835,
    0.036575,
    0.033297,
    0.040098,
    0.032646,
    0.039264,
    0.033951,
    0.04637,
    0.032147,
    0.043633,
    0.035777,
    0.034482,
    0.038339,
    0.030755,
    0.044681,
    0.029962,
    0.030219,
    0.033692,
    0.028104,
    0.041739,
    0.032406,
    0.030596,
    0.02799,
    0.027048,
    0.033773,
    0.027187,
    0.027645,
    0.029857,
    0.027704,
    0.032718,
    0.027269,
    0.025916,
    0.025563,
    0.034455,
    0.025385,
    0.024817,
    0.024803,
    0.043007,
    0.024377,
    0.024216,
    0.024001,
    0.032731,
    0.023319,
    0.023202,
    0.02381,
    0.022923,
    0.024585,
    0.027616,
    0.02181,
    0.022353,
    0.043178,
    0.03761,
    0.03076,
    0.022959,
    0.027278,
    0.031762,
    0.030401,
    0.023483,
    0.02177,
    0.032831,
    0.023814,
    0.033845,
    0.022316,
    0.02808,
    0.021585,
    0.027487,
    0.0216,
    0.025895,
    0.022911,
    0.021084,
    0.030328,
    0.022349,
    0.02097,
    0.021092,
    0.020116,
    0.024408,
    0.027339,
    0.020158,
    0.02125,
    0.027046,
    0.022213,
    0.024525,
    0.020275,
    0.029101,
    0.020171,
    0.019986,
    0.020149,
    0.018974,
    0.028153,
    0.027642,
    0.026332,
    0.019943,
    0.025964,
    0.024837,
    0.026484,
    0.029606,
    0.020296,
    0.027828,
    0.01983,
    0.021079,
    0.019153,
    0.019975,
    0.025964,
    0.033936,
    0.02679,
    0.01855,
    0.018052,
    0.01824,
    0.025311,
    0.021651,
    0.01894,
    0.018034,
    0.0186,
    0.019707,
    0.019659,
    0.019465,
    0.018978,
    0.023739,
    0.017789,
    0.018265,
    0.026932,
    0.020408,
    0.024237,
    0.024743,
    0.017131,
    0.028835,
    0.024778,
    0.026284,
    0.019155,
    0.018169,
    0.017747,
    0.019171,
    0.019125,
    0.017394,
    0.017734,
    0.017518,
    0.039473,
    0.019845,
    0.018014,
    0.022048,
    0.030672,
    0.024635,
    0.029284,
    0.021209,
    0.025309,
    0.020191,
    0.015995,
    0.017176,
    0.024265,
    0.019468,
    0.017201,
    0.015969,
    0.018602,
    0.018348,
    0.025645,
    0.020394,
    0.022995,
    0.02571,
    0.019059,
    0.022563,
    0.018366,
    0.025722,
    0.016656,
    0.015887,
    0.026209,
    0.017759,
    0.018632,
    0.015672,
    0.017531,
    0.024864,
    0.016813,
    0.024462,
    0.0271,
    0.016639,
    0.015145,
    0.017967,
    0.020595,
    0.027624,
    0.026491,
    0.017014,
    0.021518,
    0.015212,
    0.016619,
    0.022685,
    0.014618,
    0.016221,
    0.03192,
    0.040326,
    0.019659,
    0.017942,
    0.019211,
    0.021926
  ],
  "val_loss_curve": [
    0.006511,
    0.006439,
    0.006384,
    0.006355,
    0.006763,
    0.006304,
    0.006418,
    0.007122,
    0.006973,
    0.007839,
    0.007461,
    0.008294,
    0.008644,
    0.008185,
    0.009737,
    0.009914,
    0.011149,
    0.014078,
    0.013977,
    0.012263,
    0.015526,
    0.016665,
    0.01747,
    0.016963,
    0.019826,
    0.025809,
    0.027858,
    0.030926,
    0.02373,
    0.022944,
    0.042015,
    0.048089,
    0.050335,
    0.043533,
    0.039874,
    0.049112,
    0.050354,
    0.05258,
    0.054547,
    0.062023,
    0.076607,
    0.096131,
    0.078915,
    0.076276,
    0.070726,
    0.088621,
    0.087205,
    0.084339,
    0.09555,
    0.102938,
    0.108956,
    0.112796,
    0.088762,
    0.0741,
    0.081395,
    0.096692,
    0.086987,
    0.076875,
    0.083465,
    0.069893,
    0.052912,
    0.042361,
    0.045803,
    0.060686,
    0.076637,
    0.075514,
    0.079853,
    0.09357,
    0.102525,
    0.09667,
    0.084715,
    0.07783,
    0.081048,
    0.091326,
    0.09602,
    0.095968,
    0.102612,
    0.099088,
    0.099664,
    0.099276,
    0.09195,
    0.095318,
    0.114413,
    0.12314,
    0.126343,
    0.1165,
    0.082437,
    0.079212,
    0.083071,
    0.092705,
    0.092262,
    0.093506,
    0.099386,
    0.114027,
    0.121414,
    0.123378,
    0.118724,
    0.119211,
    0.126524,
    0.125381,
    0.116858,
    0.092298,
    0.083622,
    0.08237,
    0.084411,
    0.09222,
    0.097362,
    0.103805,
    0.105954,
    0.105158,
    0.103906,
    0.104193,
    0.110494,
    0.116156,
    0.116493,
    0.114638,
    0.112001,
    0.107621,
    0.098936,
    0.094982,
    0.097755,
    0.099346,
    0.100263,
    0.103266,
    0.117144,
    0.120878,
    0.117881,
    0.114638,
    0.112945,
    0.112508,
    0.109704,
    0.110413,
    0.115405,
    0.112921,
    0.105273,
    0.098084,
    0.087214,
    0.082435,
    0.076773,
    0.074029,
    0.0751,
    0.079809,
    0.082055,
    0.085602,
    0.085202,
    0.084046,
    0.087277,
    0.090868,
    0.095155,
    0.09469,
    0.094528,
    0.090218,
    0.081984,
    0.075816,
    0.071947,
    0.069394,
    0.069671,
    0.068647,
    0.070501,
    0.070072,
    0.068837,
    0.067828,
    0.068638,
    0.070641,
    0.070797,
    0.070098,
    0.073844,
    0.076863,
    0.078782,
    0.079284,
    0.079101,
    0.078526,
    0.080128,
    0.081306,
    0.08259,
    0.082173,
    0.081119,
    0.079372,
    0.078598,
    0.076319,
    0.074459,
    0.074524,
    0.075455,
    0.077823,
    0.08005,
    0.081181,
    0.080786,
    0.081203,
    0.081893,
    0.081416,
    0.081024,
    0.08168,
    0.081934,
    0.081671,
    0.081509,
    0.081535,
    0.08195,
    0.083053,
    0.083892,
    0.083227,
    0.081145
  ],
  "per_company_mape": {
    "C10007": 0.069449,
    "C10019": 0.079734,
    "C10022": 0.033103,
    "C10204": 0.048257,
    "C10308": 0.00684,
    "C10336": 0.050288,
    "C1066": 0.058162,
    "C10783": 0.083273,
    "C10790": 0.035025,
    "C1090": 0.048123,
    "C11037": 0.073704,
    "C11126": 0.116733,
    "C11150": 0.002825,
    "C11231": 0.231789,
    "C12360": 0.063275,
    "C13420": 0.045016,
    "C13439": 0.026685,
    "C13501": 0.061762,
    "C13528": 0.155854,
    "C13587": 0.040169,
    "C13595": 0.081058,
    "C13641": 0.005259,
    "C13781": 0.050082,
    "C13889": 0.055117,
    "C13943": 0.066577,
    "C14044": 0.050487,
    "C14176": 0.053644,
    "C14257": 0.078442,
    "C14311": 0.018286,
    "C14370": 0.034105,
    "C14443": 0.039345,
    "C14550": 0.101535,
    "C14885": 0.252929,
    "C15024": 0.040822,
    "C15172": 0.048903,
    "C15199": 0.060771,
    "C15210": 0.03484,
    "C1538": 0.020572,
    "C15407": 0.043178,
    "C15997": 0.05872,
    "C16373": 0.03523,
    "C16799": 0.024306,
    "C1716": 0.04294,
    "C1767": 0.041422,
    "C17884": 0.630192,
    "C18163": 0.008797,
    "C18309": 0.064666,
    "C18380": 0.017485,
    "C18686": 0.052212,
    "C18791": 0.035011,
    "C19119": 0.169942,
    "C19780": 0.10903,
    "C2003": 0.026871,
    "C20430": 0.054057,
    "C20800": 0.068822,
    "C21172": 0.030716,
    "C2143": 0.075813,
    "C2208": 0.063774,
    "C22390": 0.0311,
    "C2259": 0.040207,
    "C23574": 0.03496,
    "C23663": 0.0,
    "C23876": 0.017612,
    "C25275": 0.038345,
    "C25755": 0.038961,
    "C26077": 0.042301,
    "C26808": 0.113333,
    "C26905": 0.014723,
    "C27022": 0.053115,
    "C27065": 0.087947,
    "C27499": 0.035105,
    "C27766": 0.131372,
    "C29297": 0.135054,
    "C29378": 0.006788,
    "C29440": 0.026955,
    "C31062": 0.057128,