{
  "arch": "gru_baseline",
  "lob": "private_passenger_auto",
  "config_idx": 28,
  "dropout_rate": 0.14308,
  "learning_rate": 0.0002549,
  "batch_size": 512,
  "max_epochs": 1000,
  "gru_units": 256,
  "dense_units": 64,
  "mape": 0.06540064491660029,
  "rmspe": 0.23406577726709105,
  "n_companies": 122,
  "n_filtered": 4,
  "mape_std": 0.15964562014336725,
  "mape_p25": 0.01595409371171223,
  "mape_p75": 0.06580852768457358,
  "training_time": 38.53,
  "epochs_trained": 201,
  "best_val_loss": 0.00601956550963223,
  "train_loss_curve": [
    0.041588,
    0.040333,
    0.039873,
    0.038856,
    0.039365,
    0.038259,
    0.038533,
    0.037732,
    0.037437,
    0.037577,
    0.037265,
    0.037471,
    0.036593,
    0.036929,
    0.036503,
    0.036797,
    0.036377,
    0.035928,
    0.037783,
    0.03559,
    0.03549,
    0.035729,
    0.035812,
    0.034551,
    0.034399,
    0.037078,
    0.036934,
    0.034961,
    0.034103,
    0.035264,
    0.033889,
    0.033566,
    0.034175,
    0.03298,
    0.032975,
    0.032849,
    0.032451,
    0.032116,
    0.03228,
    0.0322,
    0.031625,
    0.033018,
    0.033059,
    0.035505,
    0.035483,
    0.032114,
    0.032355,
    0.035771,
    0.033359,
    0.031135,
    0.031291,
    0.030682,
    0.03096,
    0.030444,
    0.029844,
    0.030598,
    0.035216,
    0.032717,
    0.029958,
    0.031456,
    0.029137,
    0.028684,
    0.030113,
    0.029319,
    0.030406,
    0.03405,
    0.028929,
    0.028536,
    0.028263,
    0.028908,
    0.028572,
    0.027955,
    0.028345,
    0.028205,
    0.028471,
    0.026829,
    0.031814,
    0.027502,
    0.034341,
    0.027281,
    0.028083,
    0.026875,
    0.033271,
    0.028357,
    0.033081,
    0.030461,
    0.032933,
    0.033286,
    0.028165,
    0.026459,
    0.02757,
    0.027925,
    0.0326,
    0.026352,
    0.027463,
    0.036913,
    0.030785,
    0.033005,
    0.02695,
    0.027279,
    0.032806,
    0.033241,
    0.027707,
    0.02709,
    0.026175,
    0.026761,
    0.026358,
    0.02662,
    0.025948,
    0.025572,
    0.02618,
    0.02524,
    0.025987,
    0.027933,
    0.027585,
    0.025655,
    0.026179,
    0.025489,
    0.02562,
    0.02618,
    0.025277,
    0.034913,
    0.025233,
    0.032833,
    0.026323,
    0.025732,
    0.025526,
    0.03339,
    0.025566,
    0.037333,
    0.032163,
    0.025225,
    0.033075,
    0.027874,
    0.025524,
    0.025612,
    0.025033,
    0.030276,
    0.024975,
    0.02507,
    0.034098,
    0.025441,
    0.026836,
    0.024972,
    0.032691,
    0.026091,
    0.02957,
    0.025272,
    0.029819,
    0.035656,
    0.024655,
    0.025254,
    0.024641,
    0.024918,
    0.025099,
    0.027536,
    0.024759,
    0.028804,
    0.028149,
    0.024735,
    0.027864,
    0.02508,
    0.026214,
    0.032147,
    0.025218,
    0.025142,
    0.025319,
    0.023908,
    0.023819,
    0.025334,
    0.027587,
    0.026674,
    0.024218,
    0.025319,
    0.024214,
    0.027982,
    0.024114,
    0.02762,
    0.024377,
    0.031722,
    0.024749,
    0.02419,
    0.024044,
    0.028406,
    0.023888,
    0.028277,
    0.024451,
    0.031591,
    0.031658,
    0.026086,
    0.026542,
    0.024586,
    0.031921,
    0.025193,
    0.024228,
    0.031333,
    0.028497,
    0.024422,
    0.028505,
    0.026734,
    0.031841
  ],
  "val_loss_curve": [
    0.006351,
    0.006307,
    0.006177,
    0.00602,
    0.006059,
    0.006318,
    0.00608,
    0.006094,
    0.006124,
    0.006102,
    0.006278,
    0.006154,
    0.00631,
    0.006311,
    0.006476,
    0.006634,
    0.006829,
    0.006997,
    0.007435,
    0.007265,
    0.007969,
    0.008914,
    0.008288,
    0.009224,
    0.00897,
    0.008433,
    0.009542,
    0.01034,
    0.009709,
    0.00915,
    0.010701,
    0.011436,
    0.011835,
    0.011811,
    0.012568,
    0.013271,
    0.016161,
    0.01742,
    0.018816,
    0.019241,
    0.0186,
    0.018035,
    0.020508,
    0.020114,
    0.019771,
    0.021889,
    0.021724,
    0.02092,
    0.02097,
    0.020416,
    0.025005,
    0.022437,
    0.027254,
    0.030202,
    0.028972,
    0.030313,
    0.028676,
    0.027993,
    0.028251,
    0.029744,
    0.032794,
    0.031985,
    0.031714,
    0.035015,
    0.034312,
    0.034663,
    0.034745,
    0.037381,
    0.040233,
    0.040379,
    0.040395,
    0.040111,
    0.040277,
    0.042572,
    0.04186,
    0.042381,
    0.042184,
    0.042147,
    0.040882,
    0.040619,
    0.043267,
    0.045573,
    0.045736,
    0.045983,
    0.045634,
    0.045466,
    0.041493,
    0.039497,
    0.040242,
    0.041569,
    0.045624,
    0.048861,
    0.046736,
    0.047124,
    0.050937,
    0.048824,
    0.041611,
    0.041565,
    0.044103,
    0.047667,
    0.047684,
    0.045476,
    0.047283,
    0.051149,
    0.051172,
    0.052607,
    0.053574,
    0.054696,
    0.055995,
    0.057806,
    0.057313,
    0.057087,
    0.057765,
    0.059501,
    0.059435,
    0.058825,
    0.060051,
    0.061051,
    0.061803,
    0.062009,
    0.064241,
    0.062476,
    0.059353,
    0.058849,
    0.058577,
    0.059675,
    0.05988,
    0.060972,
    0.059095,
    0.058072,
    0.057624,
    0.058992,
    0.059777,
    0.060849,
    0.064038,
    0.066092,
    0.067584,
    0.065069,
    0.066116,
    0.066229,
    0.0671,
    0.067524,
    0.068674,
    0.069072,
    0.0705,
    0.068495,
    0.069554,
    0.070793,
    0.069889,
    0.065675,
    0.064014,
    0.06371,
    0.065865,
    0.067413,
    0.069437,
    0.068589,
    0.069653,
    0.06954,
    0.069166,
    0.069827,
    0.069084,
    0.070093,
    0.070816,
    0.071322,
    0.071058,
    0.071931,
    0.071615,
    0.071348,
    0.07259,
    0.072729,
    0.071851,
    0.072905,
    0.073528,
    0.074081,
    0.073511,
    0.073105,
    0.073864,
    0.073693,
    0.073144,
    0.07289,
    0.073827,
    0.074421,
    0.075253,
    0.074437,
    0.073595,
    0.073362,
    0.071623,
    0.070853,
    0.070572,
    0.07091,
    0.071254,
    0.072621,
    0.073424,
    0.073941,
    0.074455,
    0.074423,
    0.074422,
    0.072926,
    0.072184,
    0.071371,
    0.071323
  ],
  "per_company_mape": {
    "C10007": 0.068988,
    "C10019": 0.066849,
    "C10022": 0.034253,
    "C10204": 0.016635,
    "C10308": 0.012269,
    "C10336": 0.014607,
    "C1066": 0.037209,
    "C10783": 0.009131,
    "C10790": 0.025114,
    "C1090": 0.009249,
    "C11037": 0.015503,
    "C11126": 0.037234,
    "C11150": 1.617701,
    "C11231": 0.398874,
    "C12360": 0.006272,
    "C13420": 0.062352,
    "C13439": 0.0812,
    "C13501": 0.018797,
    "C13528": 0.001441,
    "C13587": 0.028587,
    "C13595": 0.018821,
    "C13641": 0.051702,
    "C13781": 0.155507,
    "C13889": 0.028196,
    "C13943": 0.096629,
    "C14044": 0.061027,
    "C14176": 0.018039,
    "C14257": 0.020774,
    "C14311": 0.057436,
    "C14370": 0.016909,
    "C14443": 0.008661,
    "C14550": 0.061541,
    "C14885": 0.125833,
    "C15024": 0.024463,
    "C15172": 0.086961,
    "C15199": 0.024786,
    "C15210": 0.055755,
    "C1538": 0.037924,
    "C15407": 0.112014,
    "C15997": 0.039107,
    "C16373": 0.015165,
    "C16799": 0.03533,
    "C1716": 0.003624,
    "C1767": 0.018583,
    "C17884": 0.639366,
    "C18163": 0.032693,
    "C18309": 0.125038,
    "C18380": 0.005174,
    "C18686": 0.013989,
    "C18791": 0.066278,
    "C19119": 0.011914,
    "C19780": 0.059206,
    "C2003": 0.080541,
    "C20430": 0.078827,
    "C20800": 0.037221,
    "C21172": 0.038418,
    "C2143": 0.012582,
    "C2208": 0.009056,
    "C22390": 0.006012,
    "C2259": 0.001876,
    "C23574": 0.013878,
    "C23663": 0.005081,
    "C23876": 0.020293,
    "C25275": 0.017458,
    "C25755": 0.034272,
    "C26077": 0.043729,
    "C26808": 0.169397,
    "C26905": 0.007051,
    "C27022": 0.046595,
    "C27065": 0.057415,
    "C27499": 0.02778,
    "C27766": 0.109253,
    "C29297": 0.107547,
    "C29378": 0.006553,
    "C29440": 0.027217,
    "C31062": 0.064232,