{
  "arch": "gru_baseline",
  "lob": "private_passenger_auto",
  "config_idx": 41,
  "dropout_rate": 0.21901,
  "learning_rate": 0.0002024,
  "batch_size": 512,
  "max_epochs": 500,
  "gru_units": 64,
  "dense_units": 64,
  "mape": 0.06756008304625966,
  "rmspe": 0.4894514924522884,
  "n_companies": 122,
  "n_filtered": 2,
  "mape_std": 0.34298722800651993,
  "mape_p25": 0.00916124050493515,
  "mape_p75": 0.0414691301301928,
  "training_time": 20.29,
  "epochs_trained": 201,
  "best_val_loss": 0.00590266493964009,
  "train_loss_curve": [
    0.041894,
    0.041607,
    0.041198,
    0.041138,
    0.040678,
    0.040409,
    0.039962,
    0.039593,
    0.039465,
    0.039654,
    0.039018,
    0.038987,
    0.039112,
    0.038911,
    0.038836,
    0.038879,
    0.038802,
    0.038824,
    0.038381,
    0.038064,
    0.038571,
    0.038603,
    0.03834,
    0.038092,
    0.038232,
    0.03801,
    0.037874,
    0.03814,
    0.037867,
    0.038215,
    0.037895,
    0.037614,
    0.038038,
    0.037775,
    0.037783,
    0.037255,
    0.037561,
    0.037728,
    0.037292,
    0.037283,
    0.037073,
    0.037298,
    0.038014,
    0.03717,
    0.037137,
    0.037441,
    0.036902,
    0.037225,
    0.036845,
    0.03719,
    0.035913,
    0.03654,
    0.03688,
    0.036797,
    0.036573,
    0.035985,
    0.035849,
    0.03535,
    0.036481,
    0.036527,
    0.035618,
    0.037265,
    0.035521,
    0.035637,
    0.036531,
    0.035044,
    0.035693,
    0.036236,
    0.037012,
    0.034646,
    0.036289,
    0.03511,
    0.035272,
    0.035626,
    0.035432,
    0.036684,
    0.036927,
    0.035308,
    0.034939,
    0.034465,
    0.034945,
    0.036001,
    0.037038,
    0.03458,
    0.034498,
    0.034941,
    0.034217,
    0.033648,
    0.035045,
    0.035851,
    0.034902,
    0.034531,
    0.034593,
    0.03489,
    0.034741,
    0.035681,
    0.034351,
    0.034551,
    0.036029,
    0.034708,
    0.034243,
    0.034335,
    0.034212,
    0.035862,
    0.034193,
    0.033874,
    0.034404,
    0.034105,
    0.034613,
    0.0356,
    0.03446,
    0.034044,
    0.033456,
    0.033342,
    0.035141,
    0.033098,
    0.036058,
    0.034477,
    0.035664,
    0.035472,
    0.033144,
    0.035364,
    0.033327,
    0.033566,
    0.033285,
    0.035623,
    0.033737,
    0.035147,
    0.033868,
    0.034089,
    0.034024,
    0.034278,
    0.033531,
    0.03314,
    0.03452,
    0.034159,
    0.032753,
    0.033819,
    0.033994,
    0.033058,
    0.035329,
    0.033008,
    0.034592,
    0.033419,
    0.034303,
    0.034248,
    0.034783,
    0.033495,
    0.033694,
    0.033231,
    0.035762,
    0.032724,
    0.033443,
    0.03274,
    0.032723,
    0.033856,
    0.032751,
    0.035922,
    0.032951,
    0.033037,
    0.035136,
    0.032973,
    0.035598,
    0.032582,
    0.033672,
    0.036066,
    0.035055,
    0.03397,
    0.032551,
    0.032981,
    0.032614,
    0.032564,
    0.032244,
    0.032444,
    0.033307,
    0.032708,
    0.035247,
    0.032954,
    0.033221,
    0.03295,
    0.032527,
    0.032794,
    0.033765,
    0.032598,
    0.03571,
    0.035138,
    0.032465,
    0.032317,
    0.031682,
    0.033161,
    0.033896,
    0.033432,
    0.032148,
    0.033088,
    0.032438,
    0.031895,
    0.032819,
    0.033535,
    0.0322,
    0.03377,
    0.03567
  ],
  "val_loss_curve": [
    0.006755,
    0.006591,
    0.006521,
    0.006463,
    0.006489,
    0.006425,
    0.006312,
    0.006239,
    0.006203,
    0.006142,
    0.0061,
    0.006095,
    0.006016,
    0.005993,
    0.005965,
    0.005903,
    0.005997,
    0.006051,
    0.005925,
    0.005964,
    0.005958,
    0.005979,
    0.005995,
    0.005969,
    0.006006,
    0.006017,
    0.006074,
    0.005993,
    0.006057,
    0.006074,
    0.006096,
    0.006065,
    0.006076,
    0.006103,
    0.006142,
    0.006113,
    0.006114,
    0.006114,
    0.006097,
    0.006125,
    0.006115,
    0.006151,
    0.006139,
    0.006122,
    0.006174,
    0.006227,
    0.006259,
    0.006247,
    0.006181,
    0.006222,
    0.006248,
    0.006231,
    0.006259,
    0.006247,
    0.006356,
    0.006369,
    0.006329,
    0.006382,
    0.006439,
    0.00644,
    0.006442,
    0.006457,
    0.006484,
    0.006524,
    0.006497,
    0.006497,
    0.006531,
    0.006534,
    0.006534,
    0.006564,
    0.006563,
    0.006558,
    0.006582,
    0.006665,
    0.006667,
    0.006639,
    0.006617,
    0.006626,
    0.006666,
    0.006685,
    0.006707,
    0.006716,
    0.006702,
    0.006727,
    0.006789,
    0.006838,
    0.006829,
    0.006844,
    0.006861,
    0.006869,
    0.006855,
    0.00682,
    0.00689,
    0.006951,
    0.006997,
    0.007008,
    0.00702,
    0.007066,
    0.007067,
    0.007006,
    0.007028,
    0.00698,
    0.007004,
    0.007013,
    0.007044,
    0.007038,
    0.007088,
    0.007105,
    0.007205,
    0.007226,
    0.00731,
    0.007356,
    0.007372,
    0.007459,
    0.007501,
    0.007498,
    0.007529,
    0.007515,
    0.007503,
    0.007471,
    0.007477,
    0.007462,
    0.00744,
    0.007446,
    0.007495,
    0.007501,
    0.007499,
    0.007517,
    0.007547,
    0.007553,
    0.007575,
    0.007592,
    0.007609,
    0.007638,
    0.007672,
    0.007673,
    0.007664,
    0.007684,
    0.007702,
    0.00772,
    0.007773,
    0.007792,
    0.007773,
    0.00781,
    0.00784,
    0.00787,
    0.007892,
    0.00789,
    0.007886,
    0.007913,
    0.007936,
    0.007968,
    0.007985,
    0.008026,
    0.008018,
    0.008078,
    0.008105,
    0.008083,
    0.008097,
    0.008136,
    0.00813,
    0.008145,
    0.008167,
    0.008164,
    0.00819,
    0.008181,
    0.008163,
    0.008121,
    0.008123,
    0.00812,
    0.008146,
    0.008153,
    0.008174,
    0.00818,
    0.008178,
    0.008184,
    0.008197,
    0.008207,
    0.008231,
    0.008247,
    0.008265,
    0.008301,
    0.008306,
    0.008321,
    0.008327,
    0.008318,
    0.008331,
    0.008344,
    0.008333,
    0.008324,
    0.00833,
    0.008343,
    0.008363,
    0.008352,
    0.008346,
    0.008348,
    0.008349,
    0.008351,
    0.00835,
    0.008338,
    0.008345
  ],
  "per_company_mape": {
    "C10007": 0.049761,
    "C10019": 0.058927,
    "C10022": 0.034253,
    "C10204": 0.016635,
    "C10308": 0.082199,
    "C10336": 0.012372,
    "C1066": 0.036093,
    "C10783": 0.009131,
    "C10790": 0.01854,
    "C1090": 0.009251,
    "C11037": 0.010129,
    "C11126": 0.023589,
    "C11150": 3.734844,
    "C11231": 0.01599,
    "C12360": 0.005415,
    "C13420": 0.040997,
    "C13439": 0.016768,
    "C13501": 0.018797,
    "C13528": 0.07623,
    "C13587": 0.032033,
    "C13595": 0.012929,
    "C13641": 0.005745,
    "C13781": 0.086878,
    "C13889": 0.070208,
    "C13943": 0.028711,
    "C14044": 0.049048,
    "C14176": 0.017568,
    "C14257": 0.021043,
    "C14311": 0.031529,
    "C14370": 0.121853,
    "C14443": 0.008661,
    "C14550": 0.026776,
    "C14885": 0.005319,
    "C15024": 0.041626,
    "C15172": 0.056998,
    "C15199": 0.038564,
    "C15210": 0.03347,
    "C1538": 0.021558,
    "C15407": 0.059412,
    "C15997": 0.036393,
    "C16373": 0.028275,
    "C16799": 0.007868,
    "C1716": 0.003624,
    "C1767": 0.019082,
    "C17884": 0.760944,
    "C18163": 0.026585,
    "C18309": 0.024705,
    "C18380": 0.005174,
    "C18686": 0.202763,
    "C18791": 0.024871,
    "C19119": 0.006813,
    "C19780": 0.060817,
    "C2003": 0.013855,
    "C20430": 0.052641,
    "C20800": 0.0,
    "C21172": 0.023156,
    "C2143": 0.012791,
    "C2208": 0.007969,
    "C22390": 0.0,
    "C2259": 0.001876,
    "C23574": 0.017274,
    "C23663": 0.0,
    "C23876": 0.020293,
    "C25275": 0.020444,
    "C25755": 0.039184,
    "C26077": 0.045941,
    "C26808": 0.020777,
    "C26905": 0.001405,
    "C27022": 0.032121,
    "C27065": 0.012314,
    "C27499": 0.057117,
    "C27766": 0.01182,
    "C29297": 0.080137,
    "C29378": 0.0,
    "C29440": 0.016075,
    "C31062": 0.063906,
    "C3131": 0.074915,