{
  "arch": "gru_baseline",
  "lob": "private_passenger_auto",
  "config_idx": 72,
  "dropout_rate": 0.03215,
  "learning_rate": 0.0044315,
  "batch_size": 1024,
  "max_epochs": 1000,
  "gru_units": 64,
  "dense_units": 64,
  "mape": 0.05455367242308816,
  "rmspe": 0.2790110867550013,
  "n_companies": 121,
  "n_filtered": 7,
  "mape_std": 0.19408947126675288,
  "mape_p25": 0.017942034997221547,
  "mape_p75": 0.04139748420873173,
  "training_time": 16.7,
  "epochs_trained": 201,
  "best_val_loss": 0.006063061533495784,
  "train_loss_curve": [
    0.062004,
    0.036318,
    0.042489,
    0.041526,
    0.034383,
    0.033402,
    0.032949,
    0.03839,
    0.029976,
    0.028676,
    0.028661,
    0.026133,
    0.032407,
    0.027627,
    0.025197,
    0.02402,
    0.041017,
    0.024404,
    0.023892,
    0.023855,
    0.034104,
    0.026708,
    0.032003,
    0.033505,
    0.029086,
    0.022128,
    0.022596,
    0.020429,
    0.029304,
    0.02077,
    0.022241,
    0.016962,
    0.017524,
    0.02098,
    0.016314,
    0.016299,
    0.016851,
    0.019123,
    0.015192,
    0.01232,
    0.016721,
    0.013402,
    0.017435,
    0.026771,
    0.014838,
    0.029987,
    0.030722,
    0.029989,
    0.021011,
    0.025238,
    0.02202,
    0.02099,
    0.019123,
    0.017495,
    0.017033,
    0.017308,
    0.029798,
    0.02851,
    0.018316,
    0.017645,
    0.017472,
    0.017566,
    0.014459,
    0.008485,
    0.019505,
    0.016701,
    0.015255,
    0.012334,
    0.009065,
    0.008107,
    0.007846,
    0.007832,
    0.009368,
    0.008124,
    0.028119,
    0.007563,
    0.006948,
    0.007082,
    0.007867,
    0.013852,
    0.007424,
    0.007292,
    0.006756,
    0.007794,
    0.007576,
    0.00665,
    0.006628,
    0.00646,
    0.021404,
    0.007247,
    0.006703,
    0.006857,
    0.014047,
    0.007278,
    0.006715,
    0.008012,
    0.008829,
    0.006471,
    0.007914,
    0.006958,
    0.006907,
    0.007662,
    0.006411,
    0.006364,
    0.006379,
    0.006921,
    0.006374,
    0.006149,
    0.006274,
    0.006543,
    0.006006,
    0.017705,
    0.007148,
    0.013181,
    0.006875,
    0.00667,
    0.013706,
    0.006085,
    0.006495,
    0.00708,
    0.006199,
    0.006227,
    0.006619,
    0.006245,
    0.006594,
    0.0065,
    0.018841,
    0.007948,
    0.012845,
    0.007144,
    0.006674,
    0.006717,
    0.00656,
    0.006889,
    0.006376,
    0.006079,
    0.007501,
    0.006715,
    0.0135,
    0.005965,
    0.006321,
    0.006963,
    0.006405,
    0.006083,
    0.007105,
    0.007086,
    0.006311,
    0.007905,
    0.006078,
    0.005841,
    0.006802,
    0.006509,
    0.007102,
    0.00594,
    0.00657,
    0.006197,
    0.006321,
    0.006872,
    0.021735,
    0.006183,
    0.006701,
    0.006728,
    0.007176,
    0.005857,
    0.006284,
    0.012765,
    0.006267,
    0.00611,
    0.006228,
    0.013301,
    0.037612,
    0.007678,
    0.007872,
    0.007317,
    0.006026,
    0.006087,
    0.005971,
    0.006025,
    0.006716,
    0.00634,
    0.006612,
    0.013389,
    0.006533,
    0.006821,
    0.006546,
    0.006185,
    0.006063,
    0.006222,
    0.006057,
    0.006196,
    0.006284,
    0.006139,
    0.006125,
    0.005958,
    0.006051,
    0.00669,
    0.006516,
    0.006733,
    0.006398,
    0.013372,
    0.006262
  ],
  "val_loss_curve": [
    0.006426,
    0.006063,
    0.006253,
    0.006254,
    0.006481,
    0.006875,
    0.008829,
    0.010447,
    0.011417,
    0.018601,
    0.019294,
    0.029291,
    0.040174,
    0.056487,
    0.057073,
    0.084264,
    0.089088,
    0.068395,
    0.042876,
    0.047952,
    0.065401,
    0.058365,
    0.045435,
    0.048485,
    0.06355,
    0.062774,
    0.052754,
    0.042123,
    0.037035,
    0.047289,
    0.074457,
    0.043859,
    0.03846,
    0.051096,
    0.052756,
    0.030044,
    0.015959,
    0.024283,
    0.029712,
    0.031622,
    0.029827,
    0.022121,
    0.021567,
    0.015966,
    0.017733,
    0.02272,
    0.032965,
    0.026634,
    0.026976,
    0.030975,
    0.018199,
    0.018459,
    0.03297,
    0.033358,
    0.021548,
    0.015711,
    0.014619,
    0.014123,
    0.014881,
    0.018164,
    0.019341,
    0.012453,
    0.008121,
    0.007589,
    0.007539,
    0.007566,
    0.007608,
    0.007988,
    0.009245,
    0.01038,
    0.00997,
    0.008863,
    0.008781,
    0.007844,
    0.008168,
    0.009329,
    0.009292,
    0.007978,
    0.008537,
    0.008183,
    0.008506,
    0.008202,
    0.007763,
    0.007616,
    0.007549,
    0.007866,
    0.008514,
    0.008311,
    0.007771,
    0.00756,
    0.010238,
    0.012584,
    0.011593,
    0.006757,
    0.006925,
    0.008578,
    0.01086,
    0.011451,
    0.010669,
    0.0089,
    0.007717,
    0.007603,
    0.008072,
    0.010566,
    0.010442,
    0.009864,
    0.009204,
    0.008542,
    0.008812,
    0.008889,
    0.008941,
    0.008826,
    0.008474,
    0.008668,
    0.009097,
    0.010044,
    0.010717,
    0.011781,
    0.010906,
    0.010714,
    0.010897,
    0.010065,
    0.009631,
    0.009216,
    0.00937,
    0.009593,
    0.009382,
    0.008989,
    0.009323,
    0.010157,
    0.012132,
    0.012349,
    0.010893,
    0.01086,
    0.011054,
    0.010457,
    0.009824,
    0.009839,
    0.009788,
    0.010118,
    0.0102,
    0.009187,
    0.008564,
    0.008473,
    0.00848,
    0.008194,
    0.008989,
    0.010114,
    0.011162,
    0.012352,
    0.01233,
    0.01103,
    0.009696,
    0.009064,
    0.008346,
    0.008195,
    0.008127,
    0.008244,
    0.008391,
    0.009106,
    0.010516,
    0.011921,
    0.012072,
    0.012145,
    0.011934,
    0.011233,
    0.010147,
    0.009887,
    0.010028,
    0.010363,
    0.01039,
    0.009951,
    0.009857,
    0.010209,
    0.009982,
    0.009785,
    0.009533,
    0.009285,
    0.009222,
    0.009383,
    0.009815,
    0.010048,
    0.010942,
    0.011564,
    0.011491,
    0.009983,
    0.009284,
    0.008812,
    0.008642,
    0.008635,
    0.008726,
    0.009235,
    0.009678,
    0.010233,
    0.010525,
    0.010848,
    0.010857,
    0.010231,
    0.009281,
    0.008853,
    0.008562
  ],
  "per_company_mape": {
    "C10007": 0.022923,
    "C10019": 0.067069,
    "C10022": 0.027392,
    "C10204": 0.034957,
    "C10308": 0.040141,
    "C10336": 0.012176,
    "C1066": 0.035654,
    "C10783": 0.017613,
    "C10790": 0.045614,
    "C1090": 0.048021,
    "C11037": 0.043934,
    "C11126": 0.049206,
    "C11150": 2.065021,
    "C11231": 0.078096,
    "C12360": 0.031109,
    "C13420": 0.037814,
    "C13439": 0.037958,
    "C13501": 0.030704,
    "C13528": 0.019752,
    "C13587": 0.030491,
    "C13595": 0.025999,
    "C13641": 0.00098,
    "C13781": 0.032828,
    "C13889": 0.01973,
    "C13943": 0.050732,
    "C14044": 0.040851,
    "C14176": 0.032112,
    "C14257": 0.024895,
    "C14311": 0.085276,
    "C14370": 0.094328,
    "C14443": 0.031221,
    "C14550": 0.015649,
    "C14885": 0.023741,
    "C15024": 0.012298,
    "C15172": 0.031382,
    "C15199": 0.017942,
    "C15210": 0.041139,
    "C1538": 0.02215,
    "C15407": 0.023858,
    "C15997": 0.031039,
    "C16373": 0.017071,
    "C16799": 0.014808,
    "C1716": 0.014771,
    "C1767": 0.031578,
    "C17884": 0.654552,
    "C18163": 0.008271,
    "C18309": 0.018031,
    "C18380": 0.010328,
    "C18686": 0.043396,
    "C18791": 0.031827,
    "C19119": 0.067276,
    "C19780": 0.062413,
    "C2003": 0.026901,
    "C20430": 0.022668,
    "C20800": 0.0,
    "C21172": 0.061043,
    "C2143": 0.01831,
    "C2208": 0.012591,
    "C22390": 0.008912,
    "C2259": 0.034005,
    "C23574": 0.015865,
    "C23663": 0.0,
    "C23876": 0.038387,
    "C25275": 0.023667,
    "C25755": 0.007345,
    "C26077": 0.037349,
    "C26808": 0.045895,
    "C26905": 0.040396,
    "C27022": 0.018719,
    "C27065": 0.040082,
    "C27499": 0.046423,
    "C27766": 0.025725,
    "C29297": 0.008495,
    "C29378": 0.076986,
    "C29440": 0.01919,
    "C31062": 0.047607,