{
  "arch": "gru_baseline",
  "lob": "private_passenger_auto",
  "config_idx": 47,
  "dropout_rate": 0.0114,
  "learning_rate": 0.0003036,
  "batch_size": 1024,
  "max_epochs": 1000,
  "gru_units": 256,
  "dense_units": 64,
  "mape": 0.09151282380644611,
  "rmspe": 0.20075124569970879,
  "n_companies": 121,
  "n_filtered": 8,
  "mape_std": 0.12373255784376536,
  "mape_p25": 0.026032745938576757,
  "mape_p75": 0.1128670418863937,
  "training_time": 19.39,
  "epochs_trained": 201,
  "best_val_loss": 0.0062464362708851695,
  "train_loss_curve": [
    0.039556,
    0.038138,
    0.036773,
    0.037297,
    0.036067,
    0.035659,
    0.035697,
    0.034845,
    0.03492,
    0.035041,
    0.03446,
    0.034788,
    0.03454,
    0.034193,
    0.033809,
    0.033451,
    0.033406,
    0.03381,
    0.033015,
    0.048501,
    0.032841,
    0.03275,
    0.038645,
    0.047508,
    0.037941,
    0.032468,
    0.032369,
    0.031299,
    0.031416,
    0.031255,
    0.031669,
    0.031087,
    0.030411,
    0.030139,
    0.030362,
    0.030014,
    0.029682,
    0.033083,
    0.029564,
    0.03017,
    0.029323,
    0.029647,
    0.029005,
    0.033674,
    0.028556,
    0.028828,
    0.028217,
    0.037895,
    0.028639,
    0.034614,
    0.027558,
    0.031935,
    0.02937,
    0.02783,
    0.027159,
    0.027839,
    0.040817,
    0.026708,
    0.026337,
    0.026072,
    0.025966,
    0.026342,
    0.03318,
    0.02594,
    0.02586,
    0.025503,
    0.02518,
    0.038618,
    0.026054,
    0.025079,
    0.038041,
    0.025248,
    0.025919,
    0.025768,
    0.024992,
    0.030885,
    0.0248,
    0.024887,
    0.024177,
    0.024246,
    0.037244,
    0.023924,
    0.024306,
    0.023894,
    0.023806,
    0.03662,
    0.023709,
    0.023894,
    0.024699,
    0.023826,
    0.023668,
    0.023431,
    0.023321,
    0.035621,
    0.023818,
    0.023249,
    0.023209,
    0.023193,
    0.023547,
    0.022993,
    0.025614,
    0.035622,
    0.023189,
    0.022592,
    0.022763,
    0.02251,
    0.034363,
    0.026402,
    0.022497,
    0.02251,
    0.022841,
    0.033771,
    0.022299,
    0.022225,
    0.022136,
    0.022316,
    0.022825,
    0.028436,
    0.021927,
    0.021973,
    0.022395,
    0.022125,
    0.022113,
    0.021824,
    0.022367,
    0.021802,
    0.023181,
    0.02243,
    0.022068,
    0.022286,
    0.021649,
    0.021922,
    0.021981,
    0.033196,
    0.021775,
    0.029001,
    0.024689,
    0.021955,
    0.028577,
    0.032365,
    0.021922,
    0.022243,
    0.021951,
    0.021407,
    0.022433,
    0.021338,
    0.021529,
    0.021834,
    0.021931,
    0.021843,
    0.021595,
    0.021414,
    0.021729,
    0.027874,
    0.021209,
    0.021218,
    0.031899,
    0.021682,
    0.021452,
    0.021415,
    0.021331,
    0.021472,
    0.022003,
    0.02121,
    0.021182,
    0.021038,
    0.021548,
    0.021581,
    0.021985,
    0.021326,
    0.024372,
    0.022008,
    0.021048,
    0.021824,
    0.027359,
    0.020944,
    0.021503,
    0.02175,
    0.021874,
    0.021383,
    0.02811,
    0.021145,
    0.021068,
    0.020843,
    0.021274,
    0.027773,
    0.02138,
    0.021182,
    0.020974,
    0.021087,
    0.021079,
    0.036369,
    0.021545,
    0.021872,
    0.021271,
    0.027306,
    0.031249,
    0.020839,
    0.021273,
    0.021289,
    0.02203
  ],
  "val_loss_curve": [
    0.006549,
    0.006375,
    0.006525,
    0.006308,
    0.006372,
    0.006489,
    0.006472,
    0.006381,
    0.006488,
    0.006264,
    0.006331,
    0.006441,
    0.006246,
    0.006425,
    0.006459,
    0.006595,
    0.006708,
    0.006755,
    0.007083,
    0.007316,
    0.007504,
    0.007722,
    0.007926,
    0.009025,
    0.009475,
    0.010205,
    0.011087,
    0.01168,
    0.012256,
    0.013592,
    0.014187,
    0.015657,
    0.016124,
    0.015921,
    0.018169,
    0.018787,
    0.019735,
    0.020645,
    0.021377,
    0.022802,
    0.024495,
    0.025241,
    0.02477,
    0.026264,
    0.029238,
    0.031548,
    0.034279,
    0.035833,
    0.041303,
    0.043544,
    0.046661,
    0.046288,
    0.05104,
    0.061484,
    0.068545,
    0.062805,
    0.061045,
    0.060044,
    0.063263,
    0.063996,
    0.068592,
    0.069092,
    0.07667,
    0.08153,
    0.08259,
    0.083103,
    0.082084,
    0.086553,
    0.086863,
    0.093071,
    0.094746,
    0.094975,
    0.098913,
    0.098653,
    0.103631,
    0.106873,
    0.108316,
    0.110366,
    0.108069,
    0.10918,
    0.110351,
    0.111301,
    0.113313,
    0.111087,
    0.110724,
    0.115884,
    0.118078,
    0.120413,
    0.115334,
    0.113185,
    0.115045,
    0.120494,
    0.12399,
    0.125078,
    0.125902,
    0.134916,
    0.137811,
    0.139477,
    0.141947,
    0.143423,
    0.145455,
    0.144013,
    0.145576,
    0.144845,
    0.14385,
    0.144804,
    0.150415,
    0.141081,
    0.143021,
    0.146761,
    0.149898,
    0.157061,
    0.158664,
    0.159252,
    0.159121,
    0.159503,
    0.159677,
    0.163119,
    0.163881,
    0.164025,
    0.164177,
    0.163622,
    0.165406,
    0.165693,
    0.167101,
    0.168081,
    0.168223,
    0.171596,
    0.170944,
    0.171155,
    0.172408,
    0.172566,
    0.174501,
    0.17451,
    0.173714,
    0.172521,
    0.172056,
    0.172232,
    0.172579,
    0.172369,
    0.171831,
    0.174232,
    0.17759,
    0.179076,
    0.180415,
    0.180099,
    0.179782,
    0.178962,
    0.17679,
    0.175925,
    0.170112,
    0.168312,
    0.168912,
    0.168796,
    0.168568,
    0.16849,
    0.170665,
    0.172321,
    0.172925,
    0.17343,
    0.173128,
    0.17395,
    0.174407,
    0.175727,
    0.175886,
    0.176618,
    0.177222,
    0.177313,
    0.179654,
    0.181957,
    0.181179,
    0.1787,
    0.178347,
    0.178685,
    0.179196,
    0.180168,
    0.180825,
    0.181589,
    0.18205,
    0.1839,
    0.184444,
    0.185072,
    0.185567,
    0.185807,
    0.186161,
    0.186172,
    0.186064,
    0.187331,
    0.188695,
    0.189489,
    0.189729,
    0.188416,
    0.187573,
    0.187491,
    0.188479,
    0.188623,
    0.188626,
    0.188825,
    0.188823,
    0.18878,
    0.188179
  ],
  "per_company_mape": {
    "C10007": 0.093101,
    "C10019": 0.058927,
    "C10022": 0.015314,
    "C10204": 0.084737,
    "C10308": 0.859757,
    "C10336": 0.09178,
    "C1066": 0.147767,
    "C10783": 0.016281,
    "C10790": 0.017642,
    "C1090": 0.041591,
    "C11037": 0.014602,
    "C11126": 0.097397,
    "C11150": 0.005251,
    "C11231": 0.741582,
    "C12360": 0.026033,
    "C13420": 0.049809,
    "C13439": 0.148601,
    "C13501": 0.039082,
    "C13528": 0.089677,
    "C13587": 0.028208,
    "C13595": 0.066309,
    "C13641": 0.039342,
    "C13781": 0.005942,
    "C13889": 0.014544,
    "C13943": 0.034223,
    "C14044": 0.078774,
    "C14176": 0.025717,
    "C14257": 0.019331,
    "C14311": 0.140611,
    "C14370": 0.330001,
    "C14443": 0.008143,
    "C14550": 0.149549,
    "C14885": 0.127692,
    "C15024": 0.010424,
    "C15172": 0.083406,
    "C15199": 0.112867,
    "C15210": 0.247194,
    "C1538": 0.042304,
    "C15407": 0.051081,
    "C15997": 0.062839,
    "C16373": 0.159444,
    "C16799": 0.055076,
    "C1716": 0.071867,
    "C1767": 0.079388,
    "C17884": 0.643911,
    "C18163": 0.070485,
    "C18309": 0.089651,
    "C18380": 0.085604,
    "C18686": 0.076268,
    "C18791": 0.018556,
    "C19119": 0.135929,
    "C19780": 0.041054,
    "C2003": 0.094652,
    "C20430": 0.005819,
    "C20800": 0.13851,
    "C21172": 0.086002,
    "C2143": 0.012582,
    "C2208": 0.067547,
    "C22390": 0.0,
    "C2259": 0.001876,
    "C23574": 0.04295,
    "C23663": 0.024075,
    "C23876": 0.039916,
    "C25275": 0.058179,
    "C25755": 0.135933,
    "C26077": 0.129904,
    "C26808": 0.050411,
    "C26905": 0.037126,
    "C27022": 0.093567,
    "C27065": 0.052164,
    "C27499": 0.059393,
    "C27766": 0.082323,
    "C29297": 0.165068,
    "C29378": 0.031593,
    "C29440": 0.016858,
    "C31062": 0.016894,