{
  "arch": "gru_baseline",
  "lob": "private_passenger_auto",
  "config_idx": 70,
  "dropout_rate": 0.05197,
  "learning_rate": 0.0007741,
  "batch_size": 512,
  "max_epochs": 500,
  "gru_units": 128,
  "dense_units": 32,
  "mape": 0.035133880216186346,
  "rmspe": 0.08508741755747633,
  "n_companies": 121,
  "n_filtered": 4,
  "mape_std": 0.060531668780852844,
  "mape_p25": 0.015190505684129654,
  "mape_p75": 0.03719114081339036,
  "training_time": 22.47,
  "epochs_trained": 201,
  "best_val_loss": 0.005927907302975655,
  "train_loss_curve": [
    0.041316,
    0.039424,
    0.038428,
    0.037892,
    0.037381,
    0.037056,
    0.037245,
    0.036801,
    0.03645,
    0.0366,
    0.036284,
    0.037257,
    0.035327,
    0.035158,
    0.034842,
    0.034517,
    0.033816,
    0.033283,
    0.032983,
    0.032082,
    0.032025,
    0.031844,
    0.031637,
    0.030651,
    0.030147,
    0.030394,
    0.029606,
    0.03012,
    0.028673,
    0.03077,
    0.029919,
    0.028022,
    0.026872,
    0.026719,
    0.027114,
    0.026627,
    0.025859,
    0.027926,
    0.026037,
    0.025538,
    0.02418,
    0.024264,
    0.024421,
    0.024508,
    0.023455,
    0.022972,
    0.02327,
    0.023633,
    0.023732,
    0.023018,
    0.022947,
    0.0219,
    0.021937,
    0.02158,
    0.021709,
    0.020771,
    0.021704,
    0.021389,
    0.020314,
    0.021307,
    0.020955,
    0.020781,
    0.021679,
    0.028252,
    0.02436,
    0.019886,
    0.023435,
    0.020957,
    0.019825,
    0.018976,
    0.019266,
    0.020066,
    0.020739,
    0.027222,
    0.018509,
    0.03034,
    0.019506,
    0.018584,
    0.019241,
    0.018505,
    0.021995,
    0.020366,
    0.018467,
    0.017818,
    0.01771,
    0.020697,
    0.018695,
    0.01789,
    0.01832,
    0.020035,
    0.020455,
    0.026849,
    0.025426,
    0.018875,
    0.017274,
    0.017156,
    0.019313,
    0.016111,
    0.016882,
    0.01495,
    0.016673,
    0.015786,
    0.016063,
    0.017199,
    0.016524,
    0.015786,
    0.016614,
    0.017322,
    0.015271,
    0.016909,
    0.016569,
    0.017615,
    0.0132,
    0.016604,
    0.01531,
    0.015448,
    0.014811,
    0.019477,
    0.01571,
    0.014946,
    0.014422,
    0.015044,
    0.014145,
    0.016081,
    0.014896,
    0.013129,
    0.015276,
    0.015017,
    0.015805,
    0.016207,
    0.016013,
    0.014604,
    0.014466,
    0.013749,
    0.025812,
    0.021775,
    0.016589,
    0.014743,
    0.026229,
    0.013182,
    0.014696,
    0.016637,
    0.030455,
    0.016215,
    0.012978,
    0.014539,
    0.015178,
    0.013159,
    0.014024,
    0.012995,
    0.013818,
    0.034255,
    0.025965,
    0.015065,
    0.014333,
    0.014412,
    0.013568,
    0.012812,
    0.011442,
    0.020949,
    0.015366,
    0.012837,
    0.017447,
    0.011457,
    0.01294,
    0.012648,
    0.014052,
    0.013658,
    0.01247,
    0.013425,
    0.013109,
    0.012759,
    0.012288,
    0.012022,
    0.013387,
    0.01248,
    0.01581,
    0.01158,
    0.011475,
    0.025924,
    0.011671,
    0.012086,
    0.015519,
    0.021648,
    0.012292,
    0.022244,
    0.013075,
    0.012946,
    0.01198,
    0.012816,
    0.011315,
    0.015512,
    0.014554,
    0.012408,
    0.011719,
    0.014634,
    0.013067,
    0.015095,
    0.023268,
    0.012612,
    0.011859
  ],
  "val_loss_curve": [
    0.006164,
    0.006216,
    0.006159,
    0.005979,
    0.005928,
    0.006011,
    0.005981,
    0.005983,
    0.005942,
    0.006061,
    0.006362,
    0.006743,
    0.00717,
    0.010742,
    0.008378,
    0.010034,
    0.010058,
    0.010673,
    0.013562,
    0.014847,
    0.013497,
    0.015439,
    0.014709,
    0.014424,
    0.017405,
    0.019066,
    0.02496,
    0.026344,
    0.027177,
    0.041092,
    0.02825,
    0.026381,
    0.03156,
    0.035158,
    0.036039,
    0.034878,
    0.042889,
    0.043485,
    0.047388,
    0.05596,
    0.052815,
    0.061034,
    0.061999,
    0.054827,
    0.059253,
    0.061241,
    0.07013,
    0.070549,
    0.070943,
    0.074877,
    0.080751,
    0.08181,
    0.081567,
    0.080909,
    0.08006,
    0.085411,
    0.089625,
    0.088107,
    0.088215,
    0.088946,
    0.088013,
    0.089406,
    0.091204,
    0.088677,
    0.085208,
    0.074869,
    0.075451,
    0.071834,
    0.075254,
    0.07928,
    0.084294,
    0.087334,
    0.083787,
    0.087375,
    0.089029,
    0.089606,
    0.090041,
    0.090241,
    0.088954,
    0.090466,
    0.09502,
    0.105675,
    0.100756,
    0.09781,
    0.097882,
    0.094818,
    0.09551,
    0.095963,
    0.09767,
    0.096857,
    0.098996,
    0.100162,
    0.097966,
    0.106079,
    0.105333,
    0.103798,
    0.101215,
    0.10102,
    0.106503,
    0.108866,
    0.106888,
    0.106746,
    0.107505,
    0.105244,
    0.104558,
    0.110051,
    0.110998,
    0.106975,
    0.1056,
    0.107296,
    0.109203,
    0.107988,
    0.108183,
    0.109969,
    0.109365,
    0.107989,
    0.108789,
    0.108409,
    0.109621,
    0.11343,
    0.116514,
    0.117385,
    0.120723,
    0.120849,
    0.120652,
    0.123966,
    0.121828,
    0.11869,
    0.119561,
    0.120812,
    0.119985,
    0.121484,
    0.120049,
    0.119661,
    0.121492,
    0.1231,
    0.1237,
    0.124141,
    0.125966,
    0.124408,
    0.124535,
    0.122933,
    0.121695,
    0.123076,
    0.125695,
    0.124567,
    0.126776,
    0.12636,
    0.127131,
    0.129017,
    0.132629,
    0.13245,
    0.128541,
    0.12816,
    0.132569,
    0.130779,
    0.129253,
    0.12699,
    0.126963,
    0.127092,
    0.128374,
    0.130067,
    0.131207,
    0.131671,
    0.133297,
    0.136045,
    0.138028,
    0.139659,
    0.138083,
    0.137243,
    0.136594,
    0.135707,
    0.135593,
    0.134293,
    0.134516,
    0.134721,
    0.136479,
    0.136762,
    0.136392,
    0.135536,
    0.135965,
    0.136814,
    0.138056,
    0.138323,
    0.139387,
    0.138867,
    0.140822,
    0.140625,
    0.138555,
    0.138947,
    0.139548,
    0.139047,
    0.139956,
    0.139488,
    0.139539,
    0.138909,
    0.140283,
    0.139068,
    0.137005,
    0.13715,
    0.138249
  ],
  "per_company_mape": {
    "C10007": 0.043342,
    "C10019": 0.06241,
    "C10022": 0.032291,
    "C10204": 0.014242,
    "C10308": 0.023312,
    "C10336": 0.011537,
    "C1066": 0.036723,
    "C10783": 0.045252,
    "C10790": 0.040159,
    "C1090": 0.013985,
    "C11037": 0.047934,
    "C11126": 0.074096,
    "C11150": 0.0,
    "C11231": 0.090276,
    "C12360": 0.00367,
    "C13420": 0.030572,
    "C13439": 0.012538,
    "C13501": 0.021016,
    "C13528": 0.021964,
    "C13587": 0.03592,
    "C13595": 0.011264,
    "C13641": 0.000817,
    "C13781": 0.081282,
    "C13889": 0.037191,
    "C13943": 0.041019,
    "C14044": 0.045796,
    "C14176": 0.025658,
    "C14257": 0.01623,
    "C14311": 0.066619,
    "C14370": 0.030027,
    "C14443": 0.010791,
    "C14550": 0.027845,
    "C14885": 0.121032,
    "C15024": 0.11425,
    "C15172": 0.024466,
    "C15199": 0.019019,
    "C15210": 0.054547,
    "C1538": 0.013975,
    "C15407": 0.031897,
    "C15997": 0.020999,
    "C16373": 0.043858,
    "C16799": 0.029268,
    "C1716": 0.062818,
    "C1767": 0.013404,
    "C17884": 0.645238,
    "C18163": 0.008463,
    "C18309": 0.03094,
    "C18380": 0.01549,
    "C18686": 0.016452,
    "C18791": 0.021375,
    "C19119": 0.056942,
    "C19780": 0.098417,
    "C2003": 0.011548,
    "C20430": 0.011458,
    "C20800": 0.0,
    "C21172": 0.022888,
    "C2143": 0.011666,
    "C2208": 0.008986,
    "C22390": 0.0,
    "C2259": 0.023713,
    "C23574": 0.019011,
    "C23663": 0.0,
    "C23876": 0.015846,
    "C25275": 0.015191,
    "C25755": 0.036613,
    "C26077": 0.033222,
    "C26808": 0.033982,
    "C26905": 0.013968,
    "C27022": 0.026727,
    "C27065": 0.015578,
    "C27499": 0.036245,
    "C27766": 0.024666,
    "C29297": 0.028978,
    "C29378": 0.015404,
    "C29440": 0.009805,
    "C31062": 0.04698,
    "C3131": 0.002277,