{
  "arch": "gru_baseline",
  "lob": "private_passenger_auto",
  "config_idx": 0,
  "dropout_rate": 0.09961,
  "learning_rate": 0.0002313,
  "batch_size": 256,
  "max_epochs": 500,
  "gru_units": 256,
  "dense_units": 128,
  "mape": 0.0760344181097281,
  "rmspe": 0.29168457594725383,
  "n_companies": 121,
  "n_filtered": 7,
  "mape_std": 0.1992699023683843,
  "mape_p25": 0.029962816920263504,
  "mape_p75": 0.06649360047810228,
  "training_time": 38.42,
  "epochs_trained": 201,
  "best_val_loss": 0.006712230616748067,
  "train_loss_curve": [
    0.041016,
    0.039665,
    0.038624,
    0.038543,
    0.038408,
    0.037608,
    0.037461,
    0.037754,
    0.037241,
    0.037752,
    0.036581,
    0.036483,
    0.03647,
    0.036162,
    0.035906,
    0.035037,
    0.035439,
    0.034813,
    0.036215,
    0.034413,
    0.034197,
    0.034589,
    0.034705,
    0.033197,
    0.033311,
    0.033528,
    0.032985,
    0.033844,
    0.032648,
    0.03195,
    0.031212,
    0.031127,
    0.031184,
    0.032,
    0.030823,
    0.030734,
    0.03092,
    0.031179,
    0.029177,
    0.029904,
    0.028955,
    0.028448,
    0.028783,
    0.028407,
    0.027708,
    0.028997,
    0.027946,
    0.027665,
    0.029725,
    0.026718,
    0.027139,
    0.027129,
    0.02595,
    0.032169,
    0.02688,
    0.027049,
    0.025256,
    0.025888,
    0.02933,
    0.025869,
    0.033657,
    0.025353,
    0.028369,
    0.025291,
    0.024719,
    0.024723,
    0.025041,
    0.024931,
    0.024915,
    0.029772,
    0.024249,
    0.026035,
    0.02931,
    0.023836,
    0.028283,
    0.02449,
    0.023642,
    0.028261,
    0.024235,
    0.024312,
    0.031348,
    0.024387,
    0.023822,
    0.023763,
    0.03128,
    0.023766,
    0.023976,
    0.02354,
    0.023069,
    0.023403,
    0.031599,
    0.030794,
    0.025293,
    0.023761,
    0.022997,
    0.023542,
    0.023034,
    0.022855,
    0.022963,
    0.02293,
    0.023288,
    0.027072,
    0.02822,
    0.023376,
    0.02245,
    0.026871,
    0.02314,
    0.022856,
    0.02656,
    0.022835,
    0.021976,
    0.022057,
    0.026753,
    0.032571,
    0.022764,
    0.022933,
    0.02517,
    0.023007,
    0.030469,
    0.022399,
    0.021786,
    0.022117,
    0.023117,
    0.023045,
    0.021967,
    0.029461,
    0.023075,
    0.027018,
    0.026938,
    0.026392,
    0.024011,
    0.023253,
    0.021635,
    0.023225,
    0.022956,
    0.021912,
    0.021643,
    0.02285,
    0.021998,
    0.022104,
    0.020984,
    0.021324,
    0.022207,
    0.022243,
    0.025137,
    0.022766,
    0.022109,
    0.021179,
    0.021396,
    0.021756,
    0.022248,
    0.022958,
    0.021602,
    0.02611,
    0.021093,
    0.02192,
    0.0214,
    0.02162,
    0.021323,
    0.021457,
    0.030063,
    0.020166,
    0.029173,
    0.021047,
    0.020585,
    0.029554,
    0.021225,
    0.02129,
    0.020704,
    0.025736,
    0.020645,
    0.02092,
    0.03086,
    0.02907,
    0.020521,
    0.022989,
    0.021576,
    0.020447,
    0.029086,
    0.029968,
    0.021476,
    0.020822,
    0.020917,
    0.020655,
    0.02123,
    0.020971,
    0.020964,
    0.033702,
    0.021687,
    0.024182,
    0.021827,
    0.036744,
    0.020722,
    0.021415,
    0.02072,
    0.020473,
    0.021274,
    0.025744,
    0.021532,
    0.020884,
    0.021105
  ],
  "val_loss_curve": [
    0.007123,
    0.006719,
    0.006958,
    0.006938,
    0.006712,
    0.006914,
    0.00675,
    0.006889,
    0.006771,
    0.006956,
    0.007212,
    0.007119,
    0.007731,
    0.007477,
    0.008321,
    0.009392,
    0.009669,
    0.009627,
    0.009853,
    0.009139,
    0.011445,
    0.012256,
    0.012888,
    0.013599,
    0.015571,
    0.01671,
    0.016714,
    0.021043,
    0.020792,
    0.025146,
    0.02274,
    0.027336,
    0.031807,
    0.031757,
    0.035038,
    0.035785,
    0.035287,
    0.03775,
    0.040395,
    0.048094,
    0.042898,
    0.056831,
    0.050395,
    0.056433,
    0.058657,
    0.066183,
    0.058927,
    0.055649,
    0.060239,
    0.068551,
    0.067839,
    0.078129,
    0.077753,
    0.076882,
    0.062526,
    0.075141,
    0.075914,
    0.077806,
    0.06992,
    0.072801,
    0.073505,
    0.075491,
    0.081353,
    0.088623,
    0.087697,
    0.090235,
    0.09665,
    0.100401,
    0.103843,
    0.083645,
    0.089299,
    0.090096,
    0.092463,
    0.09038,
    0.085883,
    0.094747,
    0.098121,
    0.095775,
    0.092963,
    0.101558,
    0.095208,
    0.099103,
    0.108432,
    0.112202,
    0.113529,
    0.106504,
    0.115203,
    0.121887,
    0.125275,
    0.124638,
    0.127752,
    0.11425,
    0.117582,
    0.121332,
    0.127795,
    0.123869,
    0.13021,
    0.127554,
    0.127468,
    0.14098,
    0.137998,
    0.132137,
    0.129286,
    0.135355,
    0.137588,
    0.134486,
    0.121778,
    0.125779,
    0.120965,
    0.125433,
    0.126421,
    0.130205,
    0.131784,
    0.12077,
    0.120589,
    0.12741,
    0.122203,
    0.121424,
    0.123891,
    0.131771,
    0.132014,
    0.13764,
    0.139787,
    0.142401,
    0.146758,
    0.141301,
    0.135386,
    0.136792,
    0.143391,
    0.146187,
    0.147059,
    0.147397,
    0.156217,
    0.159166,
    0.157776,
    0.160941,
    0.158654,
    0.15659,
    0.158375,
    0.159313,
    0.163304,
    0.165903,
    0.164083,
    0.163733,
    0.164674,
    0.170878,
    0.169371,
    0.167806,
    0.172157,
    0.171851,
    0.159147,
    0.156579,
    0.163871,
    0.161738,
    0.161516,
    0.163972,
    0.16152,
    0.158019,
    0.15656,
    0.157894,
    0.156897,
    0.1587,
    0.15881,
    0.158799,
    0.160427,
    0.160695,
    0.162615,
    0.161553,
    0.159965,
    0.148454,
    0.147397,
    0.145901,
    0.141183,
    0.141332,
    0.144766,
    0.14639,
    0.146288,
    0.147573,
    0.147224,
    0.146062,
    0.145501,
    0.145588,
    0.147271,
    0.150243,
    0.149757,
    0.14909,
    0.15071,
    0.144212,
    0.140034,
    0.136959,
    0.137294,
    0.137152,
    0.139679,
    0.140776,
    0.143875,
    0.143681,
    0.144946,
    0.143293,
    0.14108,
    0.142789,
    0.145004
  ],
  "per_company_mape": {
    "C10007": 0.031867,
    "C10019": 0.066444,
    "C10022": 0.034227,
    "C10204": 0.068403,
    "C10308": 0.000287,
    "C10336": 0.051407,
    "C1066": 0.052559,
    "C10783": 0.044769,
    "C10790": 0.028764,
    "C1090": 0.049727,
    "C11037": 0.053707,
    "C11126": 0.12963,
    "C11150": 2.08731,
    "C11231": 0.420971,
    "C12360": 0.039261,
    "C13420": 0.073216,
    "C13439": 0.040272,
    "C13501": 0.039279,
    "C13528": 0.025599,
    "C13587": 0.029542,
    "C13595": 0.067405,
    "C13641": 0.009056,
    "C13781": 0.1046,
    "C13889": 0.05206,
    "C13943": 0.031727,
    "C14044": 0.042457,
    "C14176": 0.060211,
    "C14257": 0.017096,
    "C14311": 0.081335,
    "C14370": 0.127423,
    "C14443": 0.05641,
    "C14550": 0.063984,
    "C14885": 0.114113,
    "C15024": 0.050084,
    "C15172": 0.043513,
    "C15199": 0.021612,
    "C15210": 0.090506,
    "C1538": 0.037584,
    "C15407": 0.04677,
    "C15997": 0.048328,
    "C16373": 0.075748,
    "C16799": 0.011461,
    "C1716": 0.039033,
    "C1767": 0.053032,
    "C17884": 0.650476,
    "C18163": 0.00795,
    "C18309": 0.050099,
    "C18380": 0.027789,
    "C18686": 0.039785,
    "C18791": 0.044718,
    "C19119": 0.295163,
    "C19780": 0.073653,
    "C2003": 0.066494,
    "C20430": 0.039807,
    "C20800": 0.03442,
    "C21172": 0.083064,
    "C2143": 0.041284,
    "C2208": 0.016278,
    "C22390": 0.038016,
    "C2259": 0.014358,
    "C23574": 0.025822,
    "C23663": 0.0,
    "C23876": 0.013643,
    "C25275": 0.069133,
    "C25755": 0.020122,
    "C26077": 0.037807,
    "C26808": 0.130093,
    "C26905": 0.034903,
    "C27022": 0.040907,
    "C27065": 0.101194,
    "C27499": 0.058021,
    "C27766": 0.077125,
    "C29297": 0.027903,
    "C29378": 0.012935,
    "C29440": 0.012379,
    "C31062": 0.052394,
    "C3131": 0.061624,