{
  "arch": "gru_baseline",
  "lob": "private_passenger_auto",
  "config_idx": 51,
  "dropout_rate": 0.18935,
  "learning_rate": 0.0002931,
  "batch_size": 512,
  "max_epochs": 1000,
  "gru_units": 256,
  "dense_units": 32,
  "mape": 0.05999361823713426,
  "rmspe": 0.3349746996801979,
  "n_companies": 121,
  "n_filtered": 7,
  "mape_std": 0.23300338765555664,
  "mape_p25": 0.015664487858478002,
  "mape_p75": 0.044467573186516555,
  "training_time": 42.29,
  "epochs_trained": 201,
  "best_val_loss": 0.006087371824833099,
  "train_loss_curve": [
    0.041458,
    0.040514,
    0.039928,
    0.039529,
    0.038504,
    0.038192,
    0.038874,
    0.037931,
    0.038117,
    0.037993,
    0.037742,
    0.037271,
    0.036908,
    0.037345,
    0.036254,
    0.036313,
    0.036185,
    0.036494,
    0.03686,
    0.034938,
    0.035501,
    0.035331,
    0.034524,
    0.035303,
    0.034403,
    0.034055,
    0.034489,
    0.037364,
    0.034106,
    0.033053,
    0.033127,
    0.034187,
    0.036184,
    0.032719,
    0.033226,
    0.031936,
    0.031727,
    0.03759,
    0.032543,
    0.033454,
    0.032576,
    0.036235,
    0.036257,
    0.031581,
    0.035574,
    0.035732,
    0.031289,
    0.031264,
    0.031995,
    0.036314,
    0.033203,
    0.031915,
    0.031448,
    0.03137,
    0.031518,
    0.035031,
    0.029829,
    0.03566,
    0.030719,
    0.032381,
    0.031363,
    0.029552,
    0.036504,
    0.029441,
    0.028715,
    0.02954,
    0.02918,
    0.029114,
    0.030221,
    0.029599,
    0.028464,
    0.028546,
    0.029365,
    0.028289,
    0.029186,
    0.030696,
    0.029431,
    0.029377,
    0.035062,
    0.028685,
    0.027717,
    0.0283,
    0.030192,
    0.034399,
    0.033975,
    0.027728,
    0.028648,
    0.031148,
    0.033497,
    0.028865,
    0.033064,
    0.030253,
    0.029217,
    0.028636,
    0.02919,
    0.028716,
    0.034936,
    0.026893,
    0.028042,
    0.026859,
    0.027237,
    0.027604,
    0.03781,
    0.027698,
    0.032835,
    0.027672,
    0.02777,
    0.029214,
    0.026757,
    0.032664,
    0.032552,
    0.027225,
    0.032761,
    0.025577,
    0.026705,
    0.026688,
    0.026045,
    0.026812,
    0.026089,
    0.026114,
    0.029213,
    0.029721,
    0.029213,
    0.027526,
    0.031681,
    0.026033,
    0.028003,
    0.026477,
    0.02641,
    0.027997,
    0.026471,
    0.026588,
    0.025527,
    0.035499,
    0.026421,
    0.028111,
    0.027404,
    0.035126,
    0.032423,
    0.026299,
    0.027867,
    0.027766,
    0.028408,
    0.025528,
    0.028573,
    0.024787,
    0.025426,
    0.025928,
    0.028805,
    0.03214,
    0.025899,
    0.025425,
    0.026564,
    0.026253,
    0.032898,
    0.02555,
    0.024365,
    0.026388,
    0.032697,
    0.028422,
    0.024764,
    0.02716,
    0.033422,
    0.024539,
    0.034612,
    0.026961,
    0.032922,
    0.025381,
    0.033068,
    0.028583,
    0.024587,
    0.025018,
    0.026947,
    0.027949,
    0.025688,
    0.024663,
    0.025212,
    0.032905,
    0.02594,
    0.024996,
    0.025083,
    0.025287,
    0.02496,
    0.025456,
    0.032139,
    0.025377,
    0.02876,
    0.027013,
    0.024538,
    0.025313,
    0.027645,
    0.025756,
    0.025203,
    0.029382,
    0.025141,
    0.034772,
    0.024394,
    0.026243,
    0.028844,
    0.026528,
    0.027969
  ],
  "val_loss_curve": [
    0.00635,
    0.006495,
    0.006087,
    0.006155,
    0.006097,
    0.006133,
    0.006165,
    0.006112,
    0.006289,
    0.006237,
    0.006218,
    0.006468,
    0.00638,
    0.006717,
    0.006936,
    0.006995,
    0.006895,
    0.006962,
    0.006825,
    0.007205,
    0.007463,
    0.008329,
    0.008235,
    0.009952,
    0.010399,
    0.009287,
    0.010132,
    0.011432,
    0.010791,
    0.010154,
    0.010919,
    0.011627,
    0.011229,
    0.012817,
    0.013543,
    0.01488,
    0.016209,
    0.015573,
    0.013895,
    0.01507,
    0.015957,
    0.014008,
    0.012928,
    0.014883,
    0.014399,
    0.012393,
    0.012486,
    0.014556,
    0.017191,
    0.015726,
    0.016834,
    0.015886,
    0.017748,
    0.020105,
    0.020637,
    0.020495,
    0.020681,
    0.019518,
    0.01933,
    0.018978,
    0.019959,
    0.02121,
    0.021156,
    0.021283,
    0.02172,
    0.021876,
    0.023823,
    0.024948,
    0.025754,
    0.024708,
    0.025867,
    0.02741,
    0.028003,
    0.028408,
    0.029015,
    0.028143,
    0.029133,
    0.028609,
    0.028307,
    0.029055,
    0.029967,
    0.03041,
    0.030109,
    0.02782,
    0.026932,
    0.027282,
    0.027567,
    0.027271,
    0.028764,
    0.028995,
    0.028872,
    0.028416,
    0.027302,
    0.028577,
    0.029495,
    0.030843,
    0.029122,
    0.030338,
    0.033123,
    0.032382,
    0.034859,
    0.034043,
    0.032013,
    0.029521,
    0.030631,
    0.030906,
    0.031264,
    0.031107,
    0.031896,
    0.032234,
    0.032158,
    0.032966,
    0.032986,
    0.032709,
    0.034324,
    0.035143,
    0.035921,
    0.036765,
    0.036984,
    0.038292,
    0.03867,
    0.038966,
    0.039733,
    0.03997,
    0.038906,
    0.03859,
    0.04018,
    0.040223,
    0.040985,
    0.041882,
    0.043434,
    0.044088,
    0.045641,
    0.045255,
    0.044395,
    0.044582,
    0.045518,
    0.043715,
    0.043131,
    0.043852,
    0.044422,
    0.046143,
    0.046922,
    0.047178,
    0.047994,
    0.049572,
    0.049184,
    0.049428,
    0.049897,
    0.047581,
    0.046662,
    0.046939,
    0.046798,
    0.046861,
    0.047041,
    0.047118,
    0.047566,
    0.048198,
    0.0486,
    0.048935,
    0.04902,
    0.049682,
    0.04871,
    0.048205,
    0.048097,
    0.047964,
    0.047721,
    0.047824,
    0.048244,
    0.047667,
    0.047462,
    0.048386,
    0.049247,
    0.050161,
    0.050153,
    0.049869,
    0.050194,
    0.049857,
    0.049729,
    0.050738,
    0.051006,
    0.05232,
    0.052823,
    0.053798,
    0.054021,
    0.054135,
    0.053569,
    0.054306,
    0.054403,
    0.053764,
    0.053652,
    0.053581,
    0.054394,
    0.054451,
    0.053203,
    0.053181,
    0.052855,
    0.052838,
    0.052229,
    0.052884,
    0.052467
  ],
  "per_company_mape": {
    "C10007": 0.013642,
    "C10019": 0.06572,
    "C10022": 0.036759,
    "C10204": 0.061599,
    "C10308": 0.014329,
    "C10336": 0.012372,
    "C1066": 0.046263,
    "C10783": 0.054992,
    "C10790": 0.019619,
    "C1090": 0.009995,
    "C11037": 0.051085,
    "C11126": 0.027173,
    "C11150": 2.510992,
    "C11231": 0.161341,
    "C12360": 0.00966,
    "C13420": 0.041495,
    "C13439": 0.025716,
    "C13501": 0.020938,
    "C13528": 0.007157,
    "C13587": 0.039518,
    "C13595": 0.014874,
    "C13641": 0.034446,
    "C13781": 0.087314,
    "C13889": 0.026262,
    "C13943": 0.037533,
    "C14044": 0.057157,
    "C14176": 0.025328,
    "C14257": 0.037733,
    "C14311": 0.053022,
    "C14370": 0.036921,
    "C14443": 0.073835,
    "C14550": 0.018334,
    "C14885": 0.150047,
    "C15024": 0.015927,
    "C15172": 0.030562,
    "C15199": 0.029515,
    "C15210": 0.072959,
    "C1538": 0.015664,
    "C15407": 0.027719,
    "C15997": 0.027183,
    "C16373": 0.002808,
    "C16799": 0.007868,
    "C1716": 0.035268,
    "C1767": 0.097047,
    "C17884": 0.637221,
    "C18163": 0.015532,
    "C18309": 0.024727,
    "C18380": 0.021816,
    "C18686": 0.013989,
    "C18791": 0.021777,
    "C19119": 0.116952,
    "C19780": 0.056381,
    "C2003": 0.016631,
    "C20430": 0.006993,
    "C20800": 0.0,
    "C21172": 0.026783,
    "C2143": 0.021848,
    "C2208": 0.025824,
    "C22390": 0.079876,
    "C2259": 0.038919,
    "C23574": 0.019697,
    "C23663": 0.0,
    "C23876": 0.018852,
    "C25275": 0.064567,
    "C25755": 0.010449,
    "C26077": 0.03233,
    "C26808": 0.020777,
    "C26905": 0.017712,
    "C27022": 0.022266,
    "C27065": 0.083817,
    "C27499": 0.024133,
    "C27766": 0.003025,
    "C29297": 0.077819,
    "C29378": 0.001814,
    "C29440": 0.020145,
    "C31062": 0.057426,