{
  "arch": "gru_baseline",
  "lob": "private_passenger_auto",
  "config_idx": 17,
  "dropout_rate": 0.01155,
  "learning_rate": 0.000257,
  "batch_size": 1024,
  "max_epochs": 500,
  "gru_units": 128,
  "dense_units": 32,
  "mape": 0.08112131920595601,
  "rmspe": 0.3518507747748602,
  "n_companies": 122,
  "n_filtered": 2,
  "mape_std": 0.2416237548973305,
  "mape_p25": 0.012149841445663744,
  "mape_p75": 0.0888088225703188,
  "training_time": 16.45,
  "epochs_trained": 201,
  "best_val_loss": 0.006033998972270638,
  "train_loss_curve": [
    0.038834,
    0.046199,
    0.038741,
    0.037701,
    0.036746,
    0.038101,
    0.036595,
    0.036867,
    0.043399,
    0.035565,
    0.035507,
    0.03526,
    0.035194,
    0.043372,
    0.035773,
    0.051076,
    0.034858,
    0.034605,
    0.034632,
    0.034919,
    0.034459,
    0.034739,
    0.035029,
    0.034337,
    0.034197,
    0.034849,
    0.034459,
    0.042581,
    0.034434,
    0.035151,
    0.034284,
    0.033799,
    0.033848,
    0.04221,
    0.033676,
    0.03367,
    0.033664,
    0.034287,
    0.034086,
    0.033412,
    0.03385,
    0.033987,
    0.033921,
    0.033818,
    0.033314,
    0.033705,
    0.041056,
    0.03337,
    0.033077,
    0.03465,
    0.033183,
    0.033705,
    0.032797,
    0.033149,
    0.032918,
    0.032727,
    0.032622,
    0.048021,
    0.032496,
    0.032614,
    0.032347,
    0.032381,
    0.032286,
    0.031886,
    0.031985,
    0.031958,
    0.031832,
    0.031703,
    0.032575,
    0.03215,
    0.031728,
    0.031818,
    0.031354,
    0.031557,
    0.03157,
    0.031354,
    0.04564,
    0.031604,
    0.031126,
    0.031085,
    0.044839,
    0.031577,
    0.031498,
    0.031397,
    0.031185,
    0.030934,
    0.030743,
    0.044777,
    0.030753,
    0.031194,
    0.03082,
    0.031536,
    0.030737,
    0.030327,
    0.030332,
    0.030676,
    0.030184,
    0.037332,
    0.044193,
    0.030114,
    0.030252,
    0.036988,
    0.030002,
    0.030437,
    0.030339,
    0.03044,
    0.030008,
    0.036608,
    0.029825,
    0.030016,
    0.029607,
    0.030149,
    0.036555,
    0.035815,
    0.030055,
    0.043263,
    0.029386,
    0.029426,
    0.029619,
    0.029563,
    0.029201,
    0.036235,
    0.029451,
    0.029403,
    0.029665,
    0.029447,
    0.029179,
    0.029106,
    0.029151,
    0.043042,
    0.029038,
    0.029229,
    0.029109,
    0.029093,
    0.029507,
    0.029026,
    0.02881,
    0.036018,
    0.029331,
    0.042761,
    0.029325,
    0.049185,
    0.028791,
    0.028727,
    0.029306,
    0.028788,
    0.028766,
    0.028704,
    0.028651,
    0.029101,
    0.028853,
    0.042675,
    0.028786,
    0.028619,
    0.028806,
    0.028485,
    0.02896,
    0.028412,
    0.028642,
    0.035437,
    0.028951,
    0.028128,
    0.028667,
    0.028249,
    0.028299,
    0.028645,
    0.041501,
    0.033052,
    0.02828,
    0.029285,
    0.028418,
    0.028135,
    0.028262,
    0.028159,
    0.028225,
    0.028098,
    0.027943,
    0.027926,
    0.028071,
    0.028377,
    0.028061,
    0.028365,
    0.02845,
    0.028964,
    0.029053,
    0.027927,
    0.034777,
    0.028915,
    0.028033,
    0.041227,
    0.027881,
    0.028419,
    0.027876,
    0.028197,
    0.027956,
    0.028026,
    0.034749,
    0.028111,
    0.027824,
    0.028302,
    0.027779
  ],
  "val_loss_curve": [
    0.006669,
    0.006421,
    0.006298,
    0.006233,
    0.00619,
    0.006124,
    0.006129,
    0.006134,
    0.006165,
    0.006089,
    0.006109,
    0.006133,
    0.006034,
    0.006139,
    0.006101,
    0.006173,
    0.00618,
    0.006104,
    0.006135,
    0.00608,
    0.006105,
    0.006094,
    0.006061,
    0.006074,
    0.006055,
    0.006253,
    0.00609,
    0.006146,
    0.006281,
    0.006405,
    0.006392,
    0.006392,
    0.006364,
    0.006452,
    0.006377,
    0.006251,
    0.006214,
    0.006246,
    0.006314,
    0.006512,
    0.006613,
    0.006489,
    0.006527,
    0.006309,
    0.006551,
    0.006404,
    0.006623,
    0.006369,
    0.006334,
    0.006314,
    0.006476,
    0.006522,
    0.006532,
    0.006417,
    0.00647,
    0.006579,
    0.006484,
    0.006467,
    0.006467,
    0.006588,
    0.006859,
    0.006964,
    0.006988,
    0.007,
    0.007082,
    0.007162,
    0.007286,
    0.007305,
    0.007469,
    0.007652,
    0.007686,
    0.007685,
    0.007809,
    0.008011,
    0.008113,
    0.008208,
    0.008289,
    0.008401,
    0.008433,
    0.008403,
    0.008421,
    0.008658,
    0.00873,
    0.008745,
    0.008747,
    0.008806,
    0.008911,
    0.009062,
    0.009543,
    0.009297,
    0.009353,
    0.009578,
    0.00971,
    0.009452,
    0.009314,
    0.009527,
    0.009926,
    0.010308,
    0.010253,
    0.010356,
    0.010233,
    0.010077,
    0.01007,
    0.010304,
    0.010535,
    0.010443,
    0.010205,
    0.010113,
    0.010766,
    0.011059,
    0.011241,
    0.011459,
    0.011683,
    0.011267,
    0.011332,
    0.011432,
    0.011619,
    0.011739,
    0.011778,
    0.011777,
    0.011791,
    0.011878,
    0.011851,
    0.01168,
    0.011622,
    0.011676,
    0.011794,
    0.01204,
    0.01201,
    0.012098,
    0.012155,
    0.012164,
    0.012178,
    0.012325,
    0.01231,
    0.012259,
    0.012344,
    0.012537,
    0.012658,
    0.012618,
    0.012696,
    0.012621,
    0.012573,
    0.012549,
    0.012486,
    0.012483,
    0.012531,
    0.012575,
    0.01257,
    0.012701,
    0.012814,
    0.012838,
    0.012979,
    0.013046,
    0.013002,
    0.01305,
    0.013273,
    0.013217,
    0.013117,
    0.013156,
    0.013091,
    0.013011,
    0.01313,
    0.013148,
    0.013166,
    0.013253,
    0.013312,
    0.013368,
    0.013431,
    0.013536,
    0.01361,
    0.013574,
    0.013532,
    0.013541,
    0.013594,
    0.013599,
    0.013614,
    0.013618,
    0.013652,
    0.013696,
    0.013779,
    0.01385,
    0.013864,
    0.013806,
    0.01388,
    0.013869,
    0.013803,
    0.013824,
    0.013891,
    0.013933,
    0.013986,
    0.014027,
    0.014055,
    0.014117,
    0.014158,
    0.014119,
    0.014142,
    0.014126,
    0.014101,
    0.01409,
    0.014128
  ],
  "per_company_mape": {
    "C10007": 0.078697,
    "C10019": 0.062873,
    "C10022": 0.017849,
    "C10204": 0.016635,
    "C10308": 0.0,
    "C10336": 0.012372,
    "C1066": 0.071002,
    "C10783": 0.002704,
    "C10790": 0.071037,
    "C1090": 0.046438,
    "C11037": 0.01191,
    "C11126": 0.044733,
    "C11150": 2.589699,
    "C11231": 0.0,
    "C12360": 0.004935,
    "C13420": 0.01559,
    "C13439": 0.188504,
    "C13501": 0.123458,
    "C13528": 0.0,
    "C13587": 0.035412,
    "C13595": 0.012929,
    "C13641": 0.090912,
    "C13781": 0.212518,
    "C13889": 0.148013,
    "C13943": 0.06402,
    "C14044": 0.127064,
    "C14176": 0.04843,
    "C14257": 0.013578,
    "C14311": 0.192498,
    "C14370": 0.070108,
    "C14443": 0.008532,
    "C14550": 0.136872,
    "C14885": 0.207644,
    "C15024": 0.024333,
    "C15172": 0.000125,
    "C15199": 0.128766,
    "C15210": 0.030998,
    "C1538": 0.056715,
    "C15407": 0.183216,
    "C15997": 0.012076,
    "C16373": 0.098991,
    "C16799": 0.007868,
    "C1716": 0.003624,
    "C1767": 0.014988,
    "C17884": 0.629472,
    "C18163": 0.008797,
    "C18309": 0.158639,
    "C18380": 0.040393,
    "C18686": 0.013989,
    "C18791": 0.024871,
    "C19119": 0.053494,
    "C19780": 0.096316,
    "C2003": 0.066085,
    "C20430": 0.006685,
    "C20800": 0.054738,
    "C21172": 0.195016,
    "C2143": 0.132052,
    "C2208": 0.140166,
    "C22390": 0.013387,
    "C2259": 0.118658,
    "C23574": 0.017274,
    "C23663": 0.0,
    "C23876": 0.020293,
    "C25275": 0.160188,
    "C25755": 0.202069,
    "C26077": 0.090129,
    "C26808": 0.015296,
    "C26905": 0.074105,
    "C27022": 0.017703,
    "C27065": 0.069284,
    "C27499": 0.034248,
    "C27766": 0.104719,
    "C29297": 0.058989,
    "C29378": 0.003193,
    "C29440": 0.024412,
    "C31062": 0.030575,