{
  "arch": "gru_baseline",
  "lob": "private_passenger_auto",
  "config_idx": 38,
  "dropout_rate": 0.02154,
  "learning_rate": 0.0009016,
  "batch_size": 1024,
  "max_epochs": 1000,
  "gru_units": 256,
  "dense_units": 128,
  "mape": 0.12325588779902162,
  "rmspe": 0.4251836001063779,
  "n_companies": 121,
  "n_filtered": 7,
  "mape_std": 0.2823915907384396,
  "mape_p25": 0.057855984826093304,
  "mape_p75": 0.10961524041689095,
  "training_time": 19.8,
  "epochs_trained": 201,
  "best_val_loss": 0.00580243777949363,
  "train_loss_curve": [
    0.054537,
    0.036371,
    0.036005,
    0.035638,
    0.035426,
    0.034575,
    0.034291,
    0.034253,
    0.034328,
    0.040808,
    0.041205,
    0.033606,
    0.03352,
    0.034266,
    0.048435,
    0.032983,
    0.03306,
    0.033504,
    0.032334,
    0.032136,
    0.032401,
    0.031886,
    0.031734,
    0.040783,
    0.03161,
    0.031166,
    0.030941,
    0.031059,
    0.030751,
    0.030988,
    0.030578,
    0.030041,
    0.029787,
    0.029552,
    0.029593,
    0.029536,
    0.030367,
    0.029023,
    0.037408,
    0.030253,
    0.028661,
    0.028625,
    0.034758,
    0.037915,
    0.028726,
    0.027184,
    0.041755,
    0.027139,
    0.02685,
    0.026431,
    0.026437,
    0.033031,
    0.032961,
    0.025048,
    0.0249,
    0.035427,
    0.030094,
    0.025696,
    0.032691,
    0.024931,
    0.023167,
    0.023396,
    0.022352,
    0.021452,
    0.034058,
    0.020736,
    0.020845,
    0.01978,
    0.025746,
    0.019577,
    0.020299,
    0.018304,
    0.018033,
    0.017574,
    0.016735,
    0.015379,
    0.016393,
    0.015729,
    0.015584,
    0.023529,
    0.015286,
    0.029324,
    0.020823,
    0.015046,
    0.014225,
    0.014147,
    0.017225,
    0.013712,
    0.01845,
    0.015034,
    0.014849,
    0.013628,
    0.013261,
    0.013582,
    0.013213,
    0.014167,
    0.013239,
    0.013385,
    0.013466,
    0.019433,
    0.013039,
    0.013484,
    0.013238,
    0.013317,
    0.019598,
    0.013263,
    0.018752,
    0.013182,
    0.013074,
    0.013113,
    0.01248,
    0.012465,
    0.013108,
    0.01222,
    0.012736,
    0.012421,
    0.013045,
    0.012397,
    0.012208,
    0.013404,
    0.012436,
    0.012406,
    0.012458,
    0.012182,
    0.012413,
    0.012664,
    0.012993,
    0.020446,
    0.01214,
    0.01203,
    0.012246,
    0.018436,
    0.01216,
    0.013136,
    0.012432,
    0.012895,
    0.012232,
    0.012614,
    0.011935,
    0.020422,
    0.012037,
    0.020215,
    0.024338,
    0.013327,
    0.013705,
    0.013848,
    0.013492,
    0.012978,
    0.012214,
    0.01224,
    0.012328,
    0.013059,
    0.012402,
    0.026567,
    0.013306,
    0.019795,
    0.012069,
    0.012052,
    0.021087,
    0.012102,
    0.01204,
    0.01235,
    0.012486,
    0.011881,
    0.011992,
    0.012043,
    0.012295,
    0.011971,
    0.020204,
    0.011914,
    0.018409,
    0.01185,
    0.011881,
    0.012405,
    0.011931,
    0.011975,
    0.012437,
    0.027203,
    0.012075,
    0.012316,
    0.012316,
    0.012196,
    0.011954,
    0.011911,
    0.012011,
    0.012801,
    0.012743,
    0.012609,
    0.011907,
    0.012188,
    0.012745,
    0.012009,
    0.01192,
    0.012155,
    0.012771,
    0.012172,
    0.011955,
    0.012393,
    0.012508,
    0.012922,
    0.012246
  ],
  "val_loss_curve": [
    0.006603,
    0.006859,
    0.006328,
    0.006496,
    0.006113,
    0.006235,
    0.00638,
    0.005918,
    0.005933,
    0.006006,
    0.005923,
    0.005983,
    0.005946,
    0.006216,
    0.006141,
    0.006001,
    0.005964,
    0.006313,
    0.006075,
    0.005822,
    0.005947,
    0.00603,
    0.005833,
    0.005843,
    0.005845,
    0.005802,
    0.005876,
    0.005821,
    0.005831,
    0.005856,
    0.005813,
    0.005813,
    0.005816,
    0.005821,
    0.005943,
    0.006011,
    0.006129,
    0.006116,
    0.006112,
    0.005986,
    0.006522,
    0.005997,
    0.006075,
    0.006112,
    0.006,
    0.006162,
    0.006239,
    0.006131,
    0.006307,
    0.006134,
    0.006267,
    0.006262,
    0.006237,
    0.00634,
    0.006307,
    0.006222,
    0.006198,
    0.006452,
    0.006286,
    0.007292,
    0.006679,
    0.006302,
    0.006511,
    0.006409,
    0.006373,
    0.006339,
    0.006175,
    0.006255,
    0.006295,
    0.006267,
    0.00609,
    0.006188,
    0.006217,
    0.006114,
    0.006152,
    0.006112,
    0.006273,
    0.006196,
    0.006151,
    0.006115,
    0.006095,
    0.006142,
    0.006235,
    0.006474,
    0.006506,
    0.006349,
    0.00631,
    0.006276,
    0.006298,
    0.006342,
    0.006187,
    0.006338,
    0.006217,
    0.006303,
    0.006227,
    0.006192,
    0.006326,
    0.006419,
    0.00644,
    0.006487,
    0.006358,
    0.006351,
    0.006291,
    0.006326,
    0.006207,
    0.006443,
    0.006338,
    0.006352,
    0.006316,
    0.006313,
    0.006318,
    0.006288,
    0.006314,
    0.006229,
    0.0063,
    0.006264,
    0.006287,
    0.006314,
    0.006263,
    0.006672,
    0.006341,
    0.006273,
    0.00623,
    0.006339,
    0.006418,
    0.006277,
    0.006313,
    0.006278,
    0.006275,
    0.0063,
    0.00629,
    0.006334,
    0.006322,
    0.006468,
    0.006528,
    0.006465,
    0.006402,
    0.006347,
    0.00631,
    0.006327,
    0.00631,
    0.0063,
    0.006289,
    0.006297,
    0.006305,
    0.006307,
    0.006315,
    0.006379,
    0.006342,
    0.006338,
    0.006373,
    0.006403,
    0.006391,
    0.006412,
    0.006456,
    0.006398,
    0.006339,
    0.006349,
    0.006381,
    0.006392,
    0.006357,
    0.00642,
    0.006415,
    0.006443,
    0.006445,
    0.006378,
    0.006378,
    0.006297,
    0.006249,
    0.006298,
    0.006321,
    0.006363,
    0.006392,
    0.006355,
    0.006399,
    0.006405,
    0.006417,
    0.006421,
    0.006395,
    0.006405,
    0.006383,
    0.00639,
    0.006389,
    0.006384,
    0.006402,
    0.006432,
    0.006459,
    0.006472,
    0.00646,
    0.006471,
    0.006499,
    0.006453,
    0.006449,
    0.006478,
    0.006425,
    0.006433,
    0.006439,
    0.006436,
    0.006439,
    0.006459,
    0.006457
  ],
  "per_company_mape": {
    "C10007": 0.049314,
    "C10019": 0.070575,
    "C10022": 0.047874,
    "C10204": 0.08239,
    "C10308": 0.142604,
    "C10336": 0.048697,
    "C1066": 0.151845,
    "C10783": 0.068578,
    "C10790": 0.024592,
    "C1090": 0.095709,
    "C11037": 0.109603,
    "C11126": 0.054953,
    "C11150": 3.034694,
    "C11231": 0.744557,
    "C12360": 0.024114,
    "C13420": 0.05971,
    "C13439": 0.046531,
    "C13501": 0.062165,
    "C13528": 0.116502,
    "C13587": 0.155733,
    "C13595": 0.085858,
    "C13641": 0.03663,
    "C13781": 0.154915,
    "C13889": 0.060098,
    "C13943": 0.106548,
    "C14044": 0.070073,
    "C14176": 0.095059,
    "C14257": 0.068185,
    "C14311": 0.081211,
    "C14370": 0.376348,
    "C14443": 0.102066,
    "C14550": 0.115926,
    "C14885": 0.158147,
    "C15024": 0.107669,
    "C15172": 0.079867,
    "C15199": 0.087513,
    "C15210": 0.17349,
    "C1538": 0.05997,
    "C15407": 0.122117,
    "C15997": 0.082881,
    "C16373": 0.082865,
    "C16799": 0.08825,
    "C1716": 0.075458,
    "C1767": 0.128446,
    "C17884": 0.648764,
    "C18163": 0.059657,
    "C18309": 0.129681,
    "C18380": 0.029665,
    "C18686": 0.109615,
    "C18791": 0.064027,
    "C19119": 0.202593,
    "C19780": 0.094884,
    "C2003": 0.078729,
    "C20430": 0.07286,
    "C20800": 0.092837,
    "C21172": 0.117691,
    "C2143": 0.080222,
    "C2208": 0.05277,
    "C22390": 0.050734,
    "C2259": 0.060817,
    "C23574": 0.017535,
    "C23663": 0.000575,
    "C23876": 0.082695,
    "C25275": 0.104172,
    "C25755": 0.0877,
    "C26077": 0.123557,
    "C26808": 0.108985,
    "C26905": 0.051536,
    "C27022": 0.064488,
    "C27065": 0.117401,
    "C27499": 0.043921,
    "C27766": 0.14116,
    "C29297": 0.087862,
    "C29378": 0.040939,
    "C29440": 0.020599,
    "C31062": 0.046615,