{
  "arch": "gru_baseline",
  "lob": "private_passenger_auto",
  "config_idx": 97,
  "dropout_rate": 0.05837,
  "learning_rate": 0.0001221,
  "batch_size": 512,
  "max_epochs": 500,
  "gru_units": 128,
  "dense_units": 128,
  "mape": 0.040613913234056165,
  "rmspe": 0.2669969754648011,
  "n_companies": 121,
  "n_filtered": 7,
  "mape_std": 0.18705379007673084,
  "mape_p25": 0.009958560472429306,
  "mape_p75": 0.02539691516252422,
  "training_time": 21.6,
  "epochs_trained": 208,
  "best_val_loss": 0.005885265803954098,
  "train_loss_curve": [
    0.042295,
    0.042112,
    0.041677,
    0.040851,
    0.04036,
    0.039838,
    0.039379,
    0.039197,
    0.038898,
    0.038947,
    0.038697,
    0.038277,
    0.038148,
    0.03879,
    0.038466,
    0.038023,
    0.037826,
    0.03812,
    0.037595,
    0.037728,
    0.037498,
    0.037466,
    0.037349,
    0.03704,
    0.03779,
    0.036959,
    0.037318,
    0.03702,
    0.036904,
    0.0374,
    0.03664,
    0.036645,
    0.037289,
    0.036727,
    0.036196,
    0.036736,
    0.03666,
    0.036027,
    0.03639,
    0.036071,
    0.035728,
    0.035708,
    0.035735,
    0.035593,
    0.036374,
    0.036062,
    0.035465,
    0.035676,
    0.035252,
    0.035223,
    0.035183,
    0.03514,
    0.035016,
    0.034737,
    0.035114,
    0.034605,
    0.034438,
    0.034389,
    0.034886,
    0.034252,
    0.034557,
    0.03405,
    0.034145,
    0.034222,
    0.034943,
    0.034222,
    0.033996,
    0.033764,
    0.033977,
    0.035438,
    0.033553,
    0.033964,
    0.033426,
    0.033637,
    0.033751,
    0.033711,
    0.033857,
    0.033305,
    0.03376,
    0.033887,
    0.035469,
    0.033502,
    0.033141,
    0.033394,
    0.033041,
    0.033345,
    0.033495,
    0.033063,
    0.033026,
    0.0333,
    0.035238,
    0.032895,
    0.032678,
    0.032593,
    0.03352,
    0.03316,
    0.032605,
    0.032532,
    0.032719,
    0.033374,
    0.032749,
    0.033254,
    0.032517,
    0.032862,
    0.035516,
    0.033266,
    0.033275,
    0.032229,
    0.032319,
    0.035107,
    0.032302,
    0.032189,
    0.032209,
    0.032295,
    0.031954,
    0.031667,
    0.035182,
    0.031967,
    0.032519,
    0.031758,
    0.032074,
    0.031735,
    0.031893,
    0.03173,
    0.032059,
    0.032603,
    0.031707,
    0.031705,
    0.031917,
    0.032675,
    0.031798,
    0.031722,
    0.031994,
    0.031995,
    0.03148,
    0.031368,
    0.032207,
    0.031603,
    0.031622,
    0.030873,
    0.031436,
    0.032016,
    0.034887,
    0.031189,
    0.031095,
    0.031459,
    0.031103,
    0.032718,
    0.032255,
    0.030806,
    0.031482,
    0.031698,
    0.03091,
    0.031664,
    0.035365,
    0.031012,
    0.034715,
    0.030754,
    0.031079,
    0.030731,
    0.03114,
    0.030775,
    0.03083,
    0.030973,
    0.030653,
    0.031375,
    0.030885,
    0.03069,
    0.030701,
    0.030922,
    0.030989,
    0.030629,
    0.031539,
    0.031629,
    0.03117,
    0.030708,
    0.031596,
    0.032373,
    0.031541,
    0.031054,
    0.030487,
    0.030954,
    0.031019,
    0.031756,
    0.031872,
    0.030948,
    0.030736,
    0.031466,
    0.031559,
    0.030995,
    0.03013,
    0.030597,
    0.030522,
    0.030742,
    0.03044,
    0.031247,
    0.03113,
    0.030781,
    0.030161,
    0.03109,
    0.030984,
    0.030458,
    0.030836,
    0.030811,
    0.030884,
    0.030669,
    0.03063,
    0.031313
  ],
  "val_loss_curve": [
    0.006996,
    0.00687,
    0.006539,
    0.006286,
    0.006124,
    0.006149,
    0.006002,
    0.005951,
    0.005935,
    0.005923,
    0.005963,
    0.005885,
    0.005964,
    0.00594,
    0.005928,
    0.00591,
    0.005908,
    0.005949,
    0.005919,
    0.005961,
    0.005939,
    0.006026,
    0.005994,
    0.005989,
    0.006078,
    0.006027,
    0.006059,
    0.006108,
    0.006076,
    0.006156,
    0.006143,
    0.006266,
    0.006219,
    0.006263,
    0.006252,
    0.006306,
    0.006357,
    0.006425,
    0.006472,
    0.00638,
    0.006484,
    0.006627,
    0.006693,
    0.006838,
    0.006758,
    0.006883,
    0.006877,
    0.007058,
    0.007259,
    0.007266,
    0.007457,
    0.007386,
    0.007558,
    0.007725,
    0.007881,
    0.007781,
    0.007907,
    0.007987,
    0.008311,
    0.008396,
    0.008514,
    0.008256,
    0.008552,
    0.00881,
    0.008855,
    0.008925,
    0.008937,
    0.009007,
    0.009117,
    0.009213,
    0.009266,
    0.009198,
    0.009308,
    0.009401,
    0.009668,
    0.009546,
    0.009552,
    0.009651,
    0.009855,
    0.009909,
    0.010124,
    0.01011,
    0.010224,
    0.010312,
    0.010558,
    0.0104,
    0.010447,
    0.010604,
    0.010662,
    0.010999,
    0.010907,
    0.010766,
    0.010868,
    0.011128,
    0.01139,
    0.011382,
    0.011734,
    0.011656,
    0.011828,
    0.012125,
    0.012037,
    0.011973,
    0.012454,
    0.012623,
    0.012526,
    0.012522,
    0.012547,
    0.012644,
    0.012868,
    0.012891,
    0.012957,
    0.013102,
    0.012885,
    0.013053,
    0.013125,
    0.013177,
    0.013065,
    0.013107,
    0.01334,
    0.013411,
    0.013535,
    0.013712,
    0.01384,
    0.013958,
    0.013893,
    0.013941,
    0.013989,
    0.014158,
    0.014284,
    0.014236,
    0.014252,
    0.014259,
    0.014244,
    0.014274,
    0.014299,
    0.01445,
    0.014523,
    0.014721,
    0.014883,
    0.015092,
    0.01523,
    0.015176,
    0.015108,
    0.015018,
    0.015049,
    0.015119,
    0.015168,
    0.015334,
    0.015389,
    0.015641,
    0.015904,
    0.015961,
    0.015967,
    0.015974,
    0.015947,
    0.016113,
    0.015999,
    0.016021,
    0.015984,
    0.016117,
    0.016163,
    0.016206,
    0.016165,
    0.016414,
    0.016506,
    0.016599,
    0.016766,
    0.016914,
    0.016958,
    0.017021,
    0.017045,
    0.017106,
    0.017132,
    0.017139,
    0.017175,
    0.01722,
    0.017256,
    0.017163,
    0.017197,
    0.017269,
    0.017331,
    0.017288,
    0.017404,
    0.017439,
    0.017457,
    0.017464,
    0.017481,
    0.017517,
    0.017565,
    0.017509,
    0.017517,
    0.017576,
    0.017586,
    0.017702,
    0.017607,
    0.017658,
    0.017821,
    0.017897,
    0.017977,
    0.01801,
    0.01813,
    0.018102,
    0.018224,
    0.018344,
    0.018337,
    0.018482,
    0.018467,
    0.018507
  ],
  "per_company_mape": {
    "C10007": 0.010849,
    "C10019": 0.058927,
    "C10022": 0.020875,
    "C10204": 0.009171,
    "C10308": 0.024765,
    "C10336": 0.00594,
    "C1066": 0.020162,
    "C10783": 0.019175,
    "C10790": 0.033032,
    "C1090": 0.004404,
    "C11037": 0.006759,
    "C11126": 0.013676,
    "C11150": 1.978397,
    "C11231": 0.130398,
    "C12360": 0.0151,
    "C13420": 0.026276,
    "C13439": 0.005047,
    "C13501": 0.020627,
    "C13528": 0.022417,
    "C13587": 0.03655,
    "C13595": 0.004002,
    "C13641": 0.013448,
    "C13781": 0.030427,
    "C13889": 0.013488,
    "C13943": 0.015755,
    "C14044": 0.042008,
    "C14176": 0.017148,
    "C14257": 0.010404,
    "C14311": 0.021748,
    "C14370": 0.06751,
    "C14443": 0.005713,
    "C14550": 0.01642,
    "C14885": 0.024198,
    "C15024": 0.014819,
    "C15172": 0.02908,
    "C15199": 0.015754,
    "C15210": 0.026744,
    "C1538": 0.017945,
    "C15407": 0.019215,
    "C15997": 0.033698,
    "C16373": 0.02763,
    "C16799": 0.014377,
    "C1716": 0.016659,
    "C1767": 0.018751,
    "C17884": 0.637828,
    "C18163": 0.005885,
    "C18309": 0.00857,
    "C18380": 0.005174,
    "C18686": 0.010122,
    "C18791": 0.020021,
    "C19119": 0.010613,
    "C19780": 0.047364,
    "C2003": 0.016643,
    "C20430": 0.013144,
    "C20800": 0.0,
    "C21172": 0.017175,
    "C2143": 0.010123,
    "C2208": 0.003075,
    "C22390": 0.025397,
    "C2259": 0.015486,
    "C23574": 0.017457,
    "C23663": 0.0,
    "C23876": 0.010567,
    "C25275": 0.00951,
    "C25755": 0.007519,
    "C26077": 0.024722,
    "C26808": 0.016105,
    "C26905": 0.015681,