{
  "arch": "gru_baseline",
  "lob": "private_passenger_auto",
  "config_idx": 4,
  "dropout_rate": 0.27613,
  "learning_rate": 0.0022814,
  "batch_size": 512,
  "max_epochs": 1000,
  "gru_units": 128,
  "dense_units": 32,
  "mape": 0.022420355374162867,
  "rmspe": 0.0913534019600909,
  "n_companies": 122,
  "n_filtered": 0,
  "mape_std": 0.06357322382879911,
  "mape_p25": 0.005323222451120115,
  "mape_p75": 0.024380194026333936,
  "training_time": 48.34,
  "epochs_trained": 201,
  "best_val_loss": 0.006126453197794035,
  "train_loss_curve": [
    0.041624,
    0.040319,
    0.039581,
    0.039332,
    0.039452,
    0.037648,
    0.038228,
    0.040127,
    0.040171,
    0.035451,
    0.035707,
    0.035994,
    0.034357,
    0.034362,
    0.032391,
    0.032576,
    0.032197,
    0.031068,
    0.03816,
    0.031507,
    0.031645,
    0.029519,
    0.038042,
    0.029746,
    0.035034,
    0.030156,
    0.033556,
    0.034662,
    0.038235,
    0.031211,
    0.033062,
    0.030666,
    0.035531,
    0.028711,
    0.028207,
    0.032221,
    0.034876,
    0.027857,
    0.027432,
    0.028445,
    0.026655,
    0.027464,
    0.028735,
    0.03425,
    0.028935,
    0.027575,
    0.027868,
    0.025593,
    0.032147,
    0.027358,
    0.028749,
    0.029159,
    0.029789,
    0.026906,
    0.024706,
    0.028756,
    0.02766,
    0.02622,
    0.031657,
    0.03442,
    0.025746,
    0.027465,
    0.028544,
    0.023346,
    0.022111,
    0.026739,
    0.022165,
    0.026708,
    0.023922,
    0.032457,
    0.023852,
    0.028134,
    0.02279,
    0.019956,
    0.029626,
    0.02441,
    0.022502,
    0.029557,
    0.021612,
    0.02111,
    0.018128,
    0.017573,
    0.016955,
    0.018877,
    0.021111,
    0.01728,
    0.021069,
    0.021426,
    0.016027,
    0.020908,
    0.031634,
    0.026713,
    0.020596,
    0.023368,
    0.027177,
    0.029158,
    0.018083,
    0.019533,
    0.036005,
    0.039117,
    0.035559,
    0.028866,
    0.021236,
    0.02178,
    0.020818,
    0.025636,
    0.030841,
    0.019839,
    0.020582,
    0.019624,
    0.020702,
    0.019946,
    0.032868,
    0.024731,
    0.020223,
    0.022235,
    0.020995,
    0.023017,
    0.020132,
    0.019425,
    0.016731,
    0.030537,
    0.016377,
    0.014931,
    0.016146,
    0.029931,
    0.020832,
    0.013971,
    0.031581,
    0.02776,
    0.022923,
    0.016657,
    0.019086,
    0.015471,
    0.02329,
    0.027976,
    0.011046,
    0.022422,
    0.025868,
    0.018049,
    0.021055,
    0.01673,
    0.015178,
    0.019692,
    0.037439,
    0.020335,
    0.018752,
    0.01604,
    0.025705,
    0.014254,
    0.027873,
    0.017046,
    0.017092,
    0.019767,
    0.016772,
    0.014238,
    0.01926,
    0.01503,
    0.016932,
    0.012983,
    0.026163,
    0.01973,
    0.014601,
    0.015698,
    0.01753,
    0.017097,
    0.016298,
    0.020628,
    0.019422,
    0.009555,
    0.018234,
    0.025795,
    0.011545,
    0.011048,
    0.025581,
    0.024627,
    0.020226,
    0.027045,
    0.015079,
    0.015511,
    0.016325,
    0.02668,
    0.01754,
    0.017592,
    0.011708,
    0.028635,
    0.025591,
    0.014783,
    0.015581,
    0.012882,
    0.013214,
    0.022865,
    0.018833,
    0.024149,
    0.012478,
    0.026293,
    0.029249,
    0.013139,
    0.018567,
    0.025711,
    0.024176
  ],
  "val_loss_curve": [
    0.006674,
    0.006242,
    0.006689,
    0.006518,
    0.007176,
    0.010734,
    0.010706,
    0.013633,
    0.010668,
    0.014413,
    0.018353,
    0.010357,
    0.01638,
    0.017008,
    0.028395,
    0.028902,
    0.030057,
    0.046568,
    0.045311,
    0.047966,
    0.025219,
    0.031198,
    0.036559,
    0.025317,
    0.027043,
    0.035963,
    0.055781,
    0.053594,
    0.008522,
    0.006196,
    0.006269,
    0.011798,
    0.019268,
    0.018841,
    0.020274,
    0.028742,
    0.027787,
    0.019963,
    0.029069,
    0.021309,
    0.019793,
    0.025552,
    0.036427,
    0.032529,
    0.026069,
    0.02047,
    0.021521,
    0.017564,
    0.007375,
    0.016708,
    0.03072,
    0.028305,
    0.023958,
    0.034267,
    0.045235,
    0.045804,
    0.022269,
    0.012896,
    0.012704,
    0.01944,
    0.018028,
    0.025923,
    0.022742,
    0.021658,
    0.012943,
    0.010704,
    0.013663,
    0.020604,
    0.019522,
    0.012789,
    0.010027,
    0.011132,
    0.012739,
    0.007354,
    0.010613,
    0.01084,
    0.009623,
    0.009923,
    0.011521,
    0.011386,
    0.00988,
    0.007329,
    0.007163,
    0.007396,
    0.008709,
    0.009636,
    0.010253,
    0.010785,
    0.011503,
    0.014639,
    0.015269,
    0.015468,
    0.016719,
    0.015594,
    0.013646,
    0.010987,
    0.010445,
    0.010123,
    0.008165,
    0.00782,
    0.007964,
    0.007988,
    0.008056,
    0.007923,
    0.008083,
    0.007535,
    0.007434,
    0.006988,
    0.006797,
    0.009891,
    0.010579,
    0.010664,
    0.008722,
    0.007716,
    0.007301,
    0.007269,
    0.007413,
    0.007433,
    0.007424,
    0.009522,
    0.010487,
    0.011143,
    0.012625,
    0.013184,
    0.014136,
    0.014955,
    0.015117,
    0.012431,
    0.012353,
    0.014087,
    0.01003,
    0.007293,
    0.006923,
    0.006926,
    0.007177,
    0.007422,
    0.007193,
    0.007046,
    0.007306,
    0.00752,
    0.007425,
    0.007868,
    0.008092,
    0.008362,
    0.008437,
    0.00832,
    0.008035,
    0.007679,
    0.007459,
    0.007312,
    0.007186,
    0.007004,
    0.00686,
    0.006704,
    0.006529,
    0.006453,
    0.006198,
    0.006245,
    0.00637,
    0.006445,
    0.006566,
    0.006639,
    0.006636,
    0.006651,
    0.006769,
    0.006677,
    0.006785,
    0.006701,
    0.006516,
    0.006464,
    0.006279,
    0.006169,
    0.006147,
    0.006126,
    0.006143,
    0.006178,
    0.006149,
    0.006207,
    0.006456,
    0.00638,
    0.006339,
    0.006352,
    0.006415,
    0.006366,
    0.006224,
    0.006256,
    0.006229,
    0.00633,
    0.006313,
    0.006338,
    0.006405,
    0.006837,
    0.007249,
    0.007313,
    0.007197,
    0.006689,
    0.006698,
    0.006787,
    0.006941,
    0.006946,
    0.006698
  ],
  "per_company_mape": {
    "C10007": 0.020737,
    "C10019": 0.058927,
    "C10022": 0.034253,
    "C10204": 0.016635,
    "C10308": 0.0,
    "C10336": 0.012372,
    "C1066": 0.036093,
    "C10783": 0.009131,
    "C10790": 0.01854,
    "C1090": 0.009251,
    "C11037": 0.01191,
    "C11126": 0.027173,
    "C11150": 0.0,
    "C11231": 0.0,
    "C12360": 0.006609,
    "C13420": 0.041495,
    "C13439": 0.016768,
    "C13501": 0.018797,
    "C13528": 0.0,
    "C13587": 0.035023,
    "C13595": 0.012929,
    "C13641": 0.000817,
    "C13781": 0.006166,
    "C13889": 0.028272,
    "C13943": 0.037533,
    "C14044": 0.049048,
    "C14176": 0.017568,
    "C14257": 0.021043,
    "C14311": 0.031529,
    "C14370": 0.0,
    "C14443": 0.008661,
    "C14550": 0.026776,
    "C14885": 0.005319,
    "C15024": 0.024463,
    "C15172": 7.4e-05,
    "C15199": 0.022327,
    "C15210": 0.03347,
    "C1538": 0.021558,
    "C15407": 0.015482,
    "C15997": 0.024827,
    "C16373": 0.002643,
    "C16799": 0.007868,
    "C1716": 0.003624,
    "C1767": 0.025784,
    "C17884": 0.6905,
    "C18163": 0.008797,
    "C18309": 0.024727,
    "C18380": 0.005174,
    "C18686": 0.013989,
    "C18791": 0.024871,
    "C19119": 0.006813,
    "C19780": 0.102972,
    "C2003": 0.017388,
    "C20430": 0.005819,
    "C20800": 0.0,
    "C21172": 0.026783,
    "C2143": 0.012582,
    "C2208": 0.008986,
    "C22390": 0.0,
    "C2259": 0.001876,
    "C23574": 0.017274,
    "C23663": 0.0,
    "C23876": 0.020293,
    "C25275": 0.020444,
    "C25755": 0.010086,
    "C26077": 0.045941,
    "C26808": 0.020777,
    "C26905": 0.001405,
    "C27022": 0.032121,
    "C27065": 0.006738,
    "C27499": 0.024133,
    "C27766": 0.003025,
    "C29297": 0.001066,
    "C29378": 0.0,
    "C29440": 0.030602,
    "C31062": 0.064232,
    "C3131": 0.002277,