{
  "arch": "gru_baseline",
  "lob": "private_passenger_auto",
  "config_idx": 26,
  "dropout_rate": 0.08051,
  "learning_rate": 0.0007224,
  "batch_size": 256,
  "max_epochs": 500,
  "gru_units": 256,
  "dense_units": 128,
  "mape": 0.057864167797719995,
  "rmspe": 0.57191398368404,
  "n_companies": 121,
  "n_filtered": 7,
  "mape_std": 0.402592937287512,
  "mape_p25": 0.006420859419698252,
  "mape_p75": 0.02293543277514253,
  "training_time": 34.73,
  "epochs_trained": 201,
  "best_val_loss": 0.006895107969674947,
  "train_loss_curve": [
    0.040318,
    0.038854,
    0.037812,
    0.037776,
    0.036601,
    0.037349,
    0.036374,
    0.035787,
    0.034708,
    0.035106,
    0.034429,
    0.033791,
    0.033176,
    0.032555,
    0.036111,
    0.030741,
    0.030254,
    0.035478,
    0.030809,
    0.033611,
    0.029435,
    0.027701,
    0.028083,
    0.036168,
    0.028171,
    0.027451,
    0.025914,
    0.025657,
    0.024657,
    0.024999,
    0.024485,
    0.023968,
    0.024995,
    0.02565,
    0.024468,
    0.023749,
    0.023876,
    0.023876,
    0.021563,
    0.030291,
    0.028536,
    0.022712,
    0.035147,
    0.030503,
    0.023581,
    0.023811,
    0.029033,
    0.020931,
    0.020455,
    0.018282,
    0.02207,
    0.020281,
    0.019967,
    0.017422,
    0.016561,
    0.018218,
    0.024763,
    0.024391,
    0.019865,
    0.017473,
    0.025036,
    0.017756,
    0.016969,
    0.016226,
    0.017875,
    0.015502,
    0.017484,
    0.025407,
    0.033224,
    0.01745,
    0.022183,
    0.014598,
    0.015044,
    0.013663,
    0.017679,
    0.013707,
    0.013236,
    0.020251,
    0.012747,
    0.0257,
    0.012413,
    0.011667,
    0.012872,
    0.020395,
    0.010198,
    0.028314,
    0.01623,
    0.016526,
    0.01079,
    0.01306,
    0.010551,
    0.009365,
    0.015683,
    0.012548,
    0.010663,
    0.008959,
    0.023644,
    0.009838,
    0.009112,
    0.009119,
    0.009162,
    0.009222,
    0.008335,
    0.007909,
    0.008978,
    0.008071,
    0.006804,
    0.009136,
    0.007771,
    0.007126,
    0.013566,
    0.028216,
    0.00744,
    0.013517,
    0.007605,
    0.006263,
    0.007522,
    0.007208,
    0.012708,
    0.014799,
    0.007315,
    0.006312,
    0.007079,
    0.021262,
    0.006157,
    0.005997,
    0.005598,
    0.005787,
    0.005851,
    0.021461,
    0.00555,
    0.012139,
    0.021221,
    0.006135,
    0.012911,
    0.022158,
    0.021009,
    0.005807,
    0.005592,
    0.011061,
    0.005656,
    0.005274,
    0.005863,
    0.012705,
    0.006819,
    0.012501,
    0.011848,
    0.005138,
    0.005206,
    0.011159,
    0.005866,
    0.006066,
    0.005555,
    0.016359,
    0.005219,
    0.00493,
    0.005187,
    0.004878,
    0.004783,
    0.004905,
    0.005044,
    0.004576,
    0.004925,
    0.011936,
    0.020815,
    0.00468,
    0.005023,
    0.005044,
    0.009487,
    0.004886,
    0.0231,
    0.005497,
    0.004711,
    0.005693,
    0.010789,
    0.012255,
    0.011738,
    0.004608,
    0.004393,
    0.010168,
    0.032708,
    0.02066,
    0.005351,
    0.004603,
    0.010787,
    0.004669,
    0.004797,
    0.004993,
    0.004775,
    0.005639,
    0.010175,
    0.005221,
    0.006457,
    0.011855,
    0.027616,
    0.005033,
    0.004806,
    0.005591,
    0.004531,
    0.004563,
    0.004889
  ],
  "val_loss_curve": [
    0.006962,
    0.006895,
    0.007113,
    0.007172,
    0.00726,
    0.007234,
    0.007797,
    0.009441,
    0.010084,
    0.01036,
    0.013854,
    0.015949,
    0.019085,
    0.021627,
    0.020955,
    0.032185,
    0.052142,
    0.018482,
    0.035381,
    0.029379,
    0.050518,
    0.066676,
    0.075542,
    0.030626,
    0.04312,
    0.111788,
    0.121715,
    0.152071,
    0.151087,
    0.20693,
    0.175046,
    0.158863,
    0.212627,
    0.241217,
    0.148747,
    0.204502,
    0.248534,
    0.233908,
    0.25493,
    0.266415,
    0.219451,
    0.143718,
    0.008635,
    0.032821,
    0.064629,
    0.052936,
    0.019985,
    0.035808,
    0.028749,
    0.025154,
    0.01119,
    0.020281,
    0.031021,
    0.025161,
    0.023092,
    0.026932,
    0.029485,
    0.024297,
    0.023196,
    0.020184,
    0.011179,
    0.012562,
    0.013157,
    0.014325,
    0.013989,
    0.015473,
    0.016069,
    0.024108,
    0.024727,
    0.016201,
    0.014983,
    0.01292,
    0.012226,
    0.024395,
    0.030627,
    0.030976,
    0.021793,
    0.039302,
    0.034987,
    0.027941,
    0.024956,
    0.024212,
    0.03044,
    0.026279,
    0.026013,
    0.027355,
    0.030247,
    0.025311,
    0.025364,
    0.025408,
    0.024687,
    0.02658,
    0.026358,
    0.021388,
    0.02158,
    0.023021,
    0.020834,
    0.018586,
    0.015127,
    0.021869,
    0.023305,
    0.01965,
    0.022105,
    0.028256,
    0.030275,
    0.02542,
    0.024863,
    0.025784,
    0.027215,
    0.027602,
    0.028451,
    0.023907,
    0.021923,
    0.023401,
    0.018826,
    0.018776,
    0.019191,
    0.018817,
    0.018671,
    0.018302,
    0.020946,
    0.020841,
    0.018036,
    0.018868,
    0.019564,
    0.020106,
    0.020512,
    0.022757,
    0.019203,
    0.011715,
    0.010256,
    0.010261,
    0.010744,
    0.00883,
    0.009349,
    0.00987,
    0.011036,
    0.010204,
    0.009289,
    0.010818,
    0.010987,
    0.012737,
    0.011458,
    0.011934,
    0.012227,
    0.009562,
    0.010271,
    0.010104,
    0.009448,
    0.011531,
    0.014774,
    0.014426,
    0.011453,
    0.01222,
    0.014628,
    0.020141,
    0.020224,
    0.017266,
    0.01623,
    0.016813,
    0.017789,
    0.019305,
    0.02,
    0.023638,
    0.025607,
    0.02304,
    0.022838,
    0.02345,
    0.024211,
    0.020544,
    0.019973,
    0.021559,
    0.021215,
    0.022208,
    0.020648,
    0.020563,
    0.021412,
    0.023426,
    0.023701,
    0.025052,
    0.025507,
    0.023861,
    0.023737,
    0.021296,
    0.021346,
    0.021903,
    0.020256,
    0.021009,
    0.01832,
    0.018971,
    0.018221,
    0.018488,
    0.019544,
    0.023307,
    0.019832,
    0.019425,
    0.018948,
    0.018483,
    0.018061,
    0.017135,
    0.015999
  ],
  "per_company_mape": {
    "C10007": 0.022351,
    "C10019": 0.058753,
    "C10022": 0.020054,
    "C10204": 0.011304,
    "C10308": 0.0,
    "C10336": 0.006174,
    "C1066": 0.021935,
    "C10783": 0.004262,
    "C10790": 0.022291,
    "C1090": 0.014221,
    "C11037": 0.004387,
    "C11126": 0.015148,
    "C11150": 4.402135,
    "C11231": 0.177893,
    "C12360": 0.004882,
    "C13420": 0.023426,
    "C13439": 0.003613,
    "C13501": 0.01137,
    "C13528": 0.011092,
    "C13587": 0.034529,
    "C13595": 0.008419,
    "C13641": 0.010441,
    "C13781": 0.028706,
    "C13889": 0.010591,
    "C13943": 0.013278,
    "C14044": 0.048186,
    "C14176": 0.008244,
    "C14257": 0.006421,
    "C14311": 0.027416,
    "C14370": 0.074722,
    "C14443": 0.007067,
    "C14550": 0.014247,
    "C14885": 0.019538,
    "C15024": 0.009395,
    "C15172": 0.008347,
    "C15199": 0.006613,
    "C15210": 0.022935,
    "C1538": 0.00924,
    "C15407": 0.008255,
    "C15997": 0.011024,
    "C16373": 0.006706,
    "C16799": 0.00288,
    "C1716": 0.007306,
    "C1767": 0.009366,
    "C17884": 0.627503,
    "C18163": 0.010674,
    "C18309": 0.01104,
    "C18380": 0.007945,
    "C18686": 0.003123,
    "C18791": 0.024159,
    "C19119": 0.006655,
    "C19780": 0.038625,
    "C2003": 0.005912,
    "C20430": 0.006276,
    "C20800": 0.02431,
    "C21172": 0.01954,
    "C2143": 0.012805,
    "C2208": 0.017231,
    "C22390": 0.00592,
    "C2259": 0.00812,
    "C23574": 0.02358,
    "C23663": 0.0,
    "C23876": 0.014455,
    "C25275": 0.017177,
    "C25755": 0.007948,
    "C26077": 0.01495,
    "C26808": 0.031858,
    "C26905": 0.006455,
    "C27022": 0.022961,
    "C27065": 0.016332,
    "C27499": 0.03013,
    "C27766": 0.009055,
    "C29297": 0.002546,
    "C29378": 0.0,
    "C29440": 0.013428,
    "C31062": 0.043154,