{
  "arch": "gru_baseline",
  "lob": "private_passenger_auto",
  "config_idx": 1,
  "dropout_rate": 0.29575,
  "learning_rate": 0.0001744,
  "batch_size": 1024,
  "max_epochs": 500,
  "gru_units": 64,
  "dense_units": 32,
  "mape": 0.023064144915658048,
  "rmspe": 0.08713136311764917,
  "n_companies": 122,
  "n_filtered": 0,
  "mape_std": 0.05983363585630604,
  "mape_p25": 0.0059446102720835114,
  "mape_p75": 0.023995963253777924,
  "training_time": 16.05,
  "epochs_trained": 201,
  "best_val_loss": 0.006070958625059575,
  "train_loss_curve": [
    0.063309,
    0.04112,
    0.055399,
    0.040959,
    0.054746,
    0.039969,
    0.038775,
    0.03897,
    0.054272,
    0.038631,
    0.03834,
    0.038196,
    0.038209,
    0.037888,
    0.038159,
    0.054102,
    0.037668,
    0.061342,
    0.037407,
    0.03766,
    0.03732,
    0.045589,
    0.037394,
    0.037655,
    0.053026,
    0.036745,
    0.03715,
    0.037608,
    0.044637,
    0.036951,
    0.036752,
    0.036789,
    0.037031,
    0.03818,
    0.038016,
    0.036903,
    0.037486,
    0.036627,
    0.037658,
    0.036552,
    0.037353,
    0.043521,
    0.044599,
    0.036363,
    0.036416,
    0.036063,
    0.037561,
    0.036211,
    0.051412,
    0.035916,
    0.035816,
    0.036704,
    0.036078,
    0.035897,
    0.03672,
    0.036514,
    0.035794,
    0.037459,
    0.035582,
    0.035632,
    0.042448,
    0.036842,
    0.035927,
    0.037003,
    0.035969,
    0.035607,
    0.035643,
    0.035798,
    0.035968,
    0.03693,
    0.035175,
    0.035872,
    0.035994,
    0.035538,
    0.043758,
    0.042253,
    0.036047,
    0.035759,
    0.034736,
    0.035226,
    0.035277,
    0.042391,
    0.042175,
    0.03519,
    0.034794,
    0.051322,
    0.035674,
    0.036768,
    0.050128,
    0.035778,
    0.035424,
    0.035032,
    0.034428,
    0.043186,
    0.035118,
    0.034578,
    0.035373,
    0.034485,
    0.035039,
    0.035018,
    0.035004,
    0.043011,
    0.034884,
    0.043377,
    0.034112,
    0.033898,
    0.04196,
    0.034568,
    0.034536,
    0.034898,
    0.035223,
    0.035643,
    0.03521,
    0.042152,
    0.034291,
    0.035328,
    0.034201,
    0.034279,
    0.049925,
    0.035081,
    0.035113,
    0.03498,
    0.034672,
    0.035999,
    0.035024,
    0.03513,
    0.035132,
    0.035421,
    0.034679,
    0.034402,
    0.034337,
    0.034087,
    0.03455,
    0.04052,
    0.034133,
    0.034653,
    0.034818,
    0.035112,
    0.035602,
    0.033626,
    0.034432,
    0.034011,
    0.034904,
    0.035237,
    0.034398,
    0.034895,
    0.033404,
    0.033675,
    0.048487,
    0.034784,
    0.034094,
    0.042392,
    0.049203,
    0.035034,
    0.034201,
    0.033989,
    0.048896,
    0.033405,
    0.034386,
    0.034233,
    0.033648,
    0.034743,
    0.042881,
    0.034542,
    0.033091,
    0.033788,
    0.033993,
    0.033457,
    0.034481,
    0.033927,
    0.035569,
    0.033245,
    0.033659,
    0.033488,
    0.033245,
    0.034141,
    0.035158,
    0.04947,
    0.034336,
    0.033211,
    0.033605,
    0.033552,
    0.033933,
    0.033547,
    0.035445,
    0.034437,
    0.033584,
    0.041019,
    0.034642,
    0.033415,
    0.033745,
    0.034214,
    0.033927,
    0.040745,
    0.033973,
    0.033468,
    0.033311,
    0.033893,
    0.04109,
    0.033522,
    0.033038
  ],
  "val_loss_curve": [
    0.007038,
    0.006997,
    0.00692,
    0.006838,
    0.006743,
    0.006657,
    0.006582,
    0.006536,
    0.006511,
    0.006485,
    0.006464,
    0.006441,
    0.006449,
    0.006445,
    0.006446,
    0.006459,
    0.006469,
    0.006397,
    0.006323,
    0.006297,
    0.006344,
    0.006329,
    0.006271,
    0.006262,
    0.006268,
    0.0063,
    0.006275,
    0.006209,
    0.006192,
    0.006283,
    0.006294,
    0.006231,
    0.006184,
    0.006152,
    0.006156,
    0.006162,
    0.006157,
    0.006141,
    0.006124,
    0.006135,
    0.006114,
    0.006114,
    0.006082,
    0.006071,
    0.006094,
    0.006138,
    0.006123,
    0.006094,
    0.006099,
    0.006175,
    0.006175,
    0.006131,
    0.006144,
    0.00617,
    0.006168,
    0.006156,
    0.006146,
    0.006161,
    0.006172,
    0.006167,
    0.006151,
    0.006131,
    0.006137,
    0.006176,
    0.006207,
    0.006204,
    0.006184,
    0.00617,
    0.006172,
    0.006192,
    0.006206,
    0.00619,
    0.006192,
    0.006199,
    0.006201,
    0.006219,
    0.00625,
    0.006264,
    0.006222,
    0.006202,
    0.006217,
    0.006221,
    0.006238,
    0.006267,
    0.006256,
    0.006238,
    0.00624,
    0.006239,
    0.006246,
    0.006259,
    0.006249,
    0.006233,
    0.006219,
    0.006224,
    0.00625,
    0.006249,
    0.006238,
    0.006229,
    0.006222,
    0.006216,
    0.006215,
    0.006216,
    0.006224,
    0.006234,
    0.006244,
    0.006249,
    0.006252,
    0.006267,
    0.006275,
    0.006279,
    0.006276,
    0.006278,
    0.006291,
    0.006298,
    0.0063,
    0.006306,
    0.006309,
    0.006305,
    0.006302,
    0.006318,
    0.006329,
    0.006335,
    0.00633,
    0.00633,
    0.006347,
    0.006343,
    0.00635,
    0.006336,
    0.006323,
    0.006323,
    0.006347,
    0.006355,
    0.006365,
    0.006362,
    0.006373,
    0.006368,
    0.006361,
    0.006356,
    0.006361,
    0.006363,
    0.006362,
    0.006361,
    0.006366,
    0.006385,
    0.006385,
    0.006394,
    0.006396,
    0.006395,
    0.006397,
    0.006404,
    0.00641,
    0.006411,
    0.006417,
    0.006426,
    0.006432,
    0.006433,
    0.006431,
    0.006428,
    0.00643,
    0.006433,
    0.006433,
    0.006433,
    0.006433,
    0.006436,
    0.00644,
    0.006442,
    0.006441,
    0.006446,
    0.006445,
    0.006447,
    0.006445,
    0.006448,
    0.006449,
    0.00645,
    0.006453,
    0.006454,
    0.006456,
    0.006457,
    0.006461,
    0.006463,
    0.006466,
    0.006473,
    0.006483,
    0.006487,
    0.006489,
    0.006487,
    0.00649,
    0.006494,
    0.006496,
    0.00649,
    0.00649,
    0.006488,
    0.006487,
    0.006485,
    0.006485,
    0.006483,
    0.006478,
    0.006476,
    0.006474,
    0.006476,
    0.006478
  ],
  "per_company_mape": {
    "C10007": 0.020737,
    "C10019": 0.058927,
    "C10022": 0.034253,
    "C10204": 0.016635,
    "C10308": 0.007707,
    "C10336": 0.012372,
    "C1066": 0.036093,
    "C10783": 0.009131,
    "C10790": 0.01854,
    "C1090": 0.009251,
    "C11037": 0.01191,
    "C11126": 0.013822,
    "C11150": 0.0,
    "C11231": 0.0,
    "C12360": 0.006609,
    "C13420": 0.041495,
    "C13439": 0.016768,
    "C13501": 0.018762,
    "C13528": 0.0,
    "C13587": 0.035023,
    "C13595": 0.012929,
    "C13641": 0.000817,
    "C13781": 0.006166,
    "C13889": 0.015138,
    "C13943": 0.024197,
    "C14044": 0.049908,
    "C14176": 0.017568,
    "C14257": 0.021043,
    "C14311": 0.031529,
    "C14370": 0.200446,
    "C14443": 0.034534,
    "C14550": 0.026776,
    "C14885": 0.005319,
    "C15024": 0.024463,
    "C15172": 7.4e-05,
    "C15199": 0.022327,
    "C15210": 0.03347,
    "C1538": 0.021558,
    "C15407": 0.015482,
    "C15997": 0.02702,
    "C16373": 0.002643,
    "C16799": 0.007868,
    "C1716": 0.003624,
    "C1767": 0.020475,
    "C17884": 0.627503,
    "C18163": 0.008797,
    "C18309": 0.024727,
    "C18380": 0.005174,
    "C18686": 0.013989,
    "C18791": 0.024871,
    "C19119": 0.006813,
    "C19780": 0.057078,
    "C2003": 0.017388,
    "C20430": 0.005819,
    "C20800": 0.0,
    "C21172": 0.015347,
    "C2143": 0.012582,
    "C2208": 0.008986,
    "C22390": 0.0,
    "C2259": 0.001876,
    "C23574": 0.021298,
    "C23663": 0.0,
    "C23876": 0.020206,
    "C25275": 0.020444,
    "C25755": 0.010086,
    "C26077": 0.045941,
    "C26808": 0.020777,
    "C26905": 0.001405,
    "C27022": 0.032121,
    "C27065": 0.006738,
    "C27499": 0.024133,
    "C27766": 0.014005,
    "C29297": 0.001066,
    "C29378": 0.0,
    "C29440": 0.030602,
    "C31062": 0.035679,
    "C3131": 0.002277,