{
  "arch": "gru_baseline",
  "lob": "private_passenger_auto",
  "config_idx": 77,
  "dropout_rate": 0.01324,
  "learning_rate": 0.0007048,
  "batch_size": 512,
  "max_epochs": 500,
  "gru_units": 128,
  "dense_units": 64,
  "mape": 0.06455080799383543,
  "rmspe": 0.27228994655461186,
  "n_companies": 121,
  "n_filtered": 6,
  "mape_std": 0.18724603998369121,
  "mape_p25": 0.024871209939205385,
  "mape_p75": 0.05824026512246869,
  "training_time": 42.54,
  "epochs_trained": 201,
  "best_val_loss": 0.005882436060346663,
  "train_loss_curve": [
    0.041006,
    0.039047,
    0.038083,
    0.037854,
    0.0373,
    0.036978,
    0.036934,
    0.036748,
    0.036724,
    0.036205,
    0.03572,
    0.035425,
    0.03465,
    0.034346,
    0.033954,
    0.033868,
    0.033609,
    0.032849,
    0.032101,
    0.03221,
    0.031761,
    0.031478,
    0.030707,
    0.030511,
    0.034052,
    0.029625,
    0.028949,
    0.028522,
    0.027704,
    0.027226,
    0.026558,
    0.026171,
    0.025525,
    0.02524,
    0.024675,
    0.02426,
    0.023697,
    0.023867,
    0.023758,
    0.022918,
    0.022535,
    0.022728,
    0.022222,
    0.02227,
    0.021489,
    0.022048,
    0.021352,
    0.020719,
    0.020969,
    0.020464,
    0.020715,
    0.02005,
    0.020232,
    0.019011,
    0.019922,
    0.019285,
    0.018895,
    0.019193,
    0.018574,
    0.018229,
    0.017795,
    0.01851,
    0.0186,
    0.018794,
    0.018398,
    0.017637,
    0.018014,
    0.017486,
    0.017641,
    0.017432,
    0.018388,
    0.016467,
    0.01717,
    0.016791,
    0.016679,
    0.016468,
    0.016253,
    0.016726,
    0.016722,
    0.027282,
    0.016051,
    0.016518,
    0.016239,
    0.014746,
    0.016034,
    0.017245,
    0.015027,
    0.015978,
    0.015032,
    0.014892,
    0.015261,
    0.022332,
    0.015097,
    0.015413,
    0.015677,
    0.015441,
    0.013929,
    0.014566,
    0.013968,
    0.014276,
    0.014824,
    0.015405,
    0.013677,
    0.013083,
    0.012546,
    0.013082,
    0.012609,
    0.01258,
    0.011182,
    0.012284,
    0.012015,
    0.012026,
    0.011846,
    0.012182,
    0.011863,
    0.011825,
    0.012533,
    0.013217,
    0.011699,
    0.011322,
    0.011226,
    0.012453,
    0.011494,
    0.011262,
    0.011198,
    0.010808,
    0.010941,
    0.012372,
    0.010933,
    0.01054,
    0.010853,
    0.011112,
    0.010708,
    0.010442,
    0.011633,
    0.010429,
    0.010383,
    0.010538,
    0.011079,
    0.009988,
    0.010562,
    0.010099,
    0.009729,
    0.010085,
    0.010289,
    0.00941,
    0.023848,
    0.017333,
    0.009412,
    0.009464,
    0.01021,
    0.009939,
    0.009342,
    0.009287,
    0.009986,
    0.008839,
    0.009171,
    0.009006,
    0.008408,
    0.008582,
    0.009328,
    0.00907,
    0.009939,
    0.008665,
    0.008745,
    0.008767,
    0.008074,
    0.008435,
    0.008645,
    0.008254,
    0.016676,
    0.00866,
    0.008685,
    0.008237,
    0.008474,
    0.007802,
    0.008245,
    0.008473,
    0.00783,
    0.009003,
    0.008227,
    0.009095,
    0.007619,
    0.00853,
    0.008842,
    0.007772,
    0.007695,
    0.00783,
    0.00839,
    0.008403,
    0.008196,
    0.015791,
    0.008897,
    0.007822,
    0.007313,
    0.00775,
    0.02332,
    0.00722,
    0.007964,
    0.007689,
    0.007266
  ],
  "val_loss_curve": [
    0.006162,
    0.005916,
    0.006061,
    0.006076,
    0.005882,
    0.005902,
    0.006024,
    0.005983,
    0.005987,
    0.006208,
    0.006687,
    0.007277,
    0.007659,
    0.009082,
    0.010269,
    0.009644,
    0.012275,
    0.013743,
    0.01564,
    0.014551,
    0.013062,
    0.019671,
    0.018203,
    0.02436,
    0.018867,
    0.023177,
    0.025159,
    0.031558,
    0.039921,
    0.043425,
    0.049027,
    0.060582,
    0.059253,
    0.064092,
    0.080947,
    0.080303,
    0.084656,
    0.088361,
    0.095624,
    0.100224,
    0.099705,
    0.107953,
    0.098399,
    0.104129,
    0.113853,
    0.109659,
    0.10964,
    0.112141,
    0.115125,
    0.115047,
    0.113557,
    0.117553,
    0.112014,
    0.122029,
    0.114361,
    0.124648,
    0.117751,
    0.114474,
    0.120419,
    0.119548,
    0.12057,
    0.122066,
    0.119602,
    0.120504,
    0.12307,
    0.112209,
    0.115793,
    0.124336,
    0.12299,
    0.121969,
    0.127046,
    0.126876,
    0.12512,
    0.123941,
    0.12882,
    0.128894,
    0.125491,
    0.128487,
    0.126443,
    0.126855,
    0.12496,
    0.128878,
    0.127168,
    0.131901,
    0.128478,
    0.131371,
    0.131548,
    0.134369,
    0.1264,
    0.130897,
    0.136245,
    0.129328,
    0.130893,
    0.137492,
    0.13205,
    0.130846,
    0.135818,
    0.138751,
    0.128654,
    0.138978,
    0.13353,
    0.128331,
    0.13234,
    0.134047,
    0.126665,
    0.132896,
    0.137346,
    0.133179,
    0.13361,
    0.132632,
    0.13314,
    0.13246,
    0.129658,
    0.130228,
    0.130267,
    0.132126,
    0.13438,
    0.126838,
    0.123062,
    0.123991,
    0.123404,
    0.127432,
    0.125599,
    0.124955,
    0.125391,
    0.125896,
    0.125885,
    0.126826,
    0.127011,
    0.131246,
    0.133994,
    0.134086,
    0.13139,
    0.131354,
    0.128891,
    0.125145,
    0.125894,
    0.12369,
    0.126052,
    0.125457,
    0.12894,
    0.135778,
    0.133319,
    0.131495,
    0.129984,
    0.128765,
    0.125222,
    0.123879,
    0.130424,
    0.129337,
    0.126944,
    0.125593,
    0.125734,
    0.126683,
    0.125773,
    0.126673,
    0.129411,
    0.129443,
    0.128836,
    0.130993,
    0.130976,
    0.131208,
    0.132085,
    0.131406,
    0.130136,
    0.12536,
    0.125361,
    0.126545,
    0.129316,
    0.130924,
    0.131768,
    0.131998,
    0.130704,
    0.129904,
    0.129179,
    0.128531,
    0.127174,
    0.128673,
    0.130163,
    0.129818,
    0.129962,
    0.131975,
    0.131716,
    0.129972,
    0.129716,
    0.128496,
    0.129375,
    0.129429,
    0.127462,
    0.12724,
    0.127323,
    0.128328,
    0.128751,
    0.128533,
    0.130052,
    0.130125,
    0.12955,
    0.128772,
    0.130013,
    0.130768,
    0.129773
  ],
  "per_company_mape": {
    "C10007": 0.077626,
    "C10019": 0.071723,
    "C10022": 0.031063,
    "C10204": 0.044586,
    "C10308": 0.035759,
    "C10336": 0.033207,
    "C1066": 0.033396,
    "C10783": 0.016889,
    "C10790": 0.043266,
    "C1090": 0.008761,
    "C11037": 0.078284,
    "C11126": 0.023521,
    "C11150": 1.978427,
    "C11231": 0.253995,
    "C12360": 0.022703,
    "C13420": 0.035977,
    "C13439": 0.024205,
    "C13501": 0.030029,
    "C13528": 0.0,
    "C13587": 0.03262,
    "C13595": 0.019083,
    "C13641": 0.027915,
    "C13781": 0.069405,
    "C13889": 0.070263,
    "C13943": 0.022725,
    "C14044": 0.042763,
    "C14176": 0.032892,
    "C14257": 0.047301,
    "C14311": 0.069624,
    "C14370": 0.086657,
    "C14443": 0.060008,
    "C14550": 0.083646,
    "C14885": 0.05824,
    "C15024": 0.020808,
    "C15172": 0.042773,
    "C15199": 0.018021,
    "C15210": 0.070691,
    "C1538": 0.037694,
    "C15407": 0.014718,
    "C15997": 0.041577,
    "C16373": 0.027251,
    "C16799": 0.023647,
    "C1716": 0.054834,
    "C1767": 0.0457,
    "C17884": 0.681523,
    "C18163": 0.034933,
    "C18309": 0.07859,
    "C18380": 0.027165,
    "C18686": 0.012191,
    "C18791": 0.024871,
    "C19119": 0.027643,
    "C19780": 0.092812,
    "C2003": 0.045719,
    "C20430": 0.038874,
    "C20800": 0.080132,
    "C21172": 0.065209,
    "C2143": 0.032297,
    "C2208": 0.006122,
    "C22390": 0.01089,
    "C2259": 0.038551,
    "C23574": 0.029704,
    "C23663": 0.0,
    "C23876": 0.036506,
    "C25275": 0.056859,
    "C25755": 0.053933,
    "C26077": 0.043489,
    "C26808": 0.078511,
    "C26905": 0.025746,
    "C27022": 0.04078,
    "C27065": 0.034953,
    "C27499": 0.041828,
    "C27766": 0.028703,
    "C29297": 0.032443,
    "C29378": 0.023915,
    "C29440": 0.011901,
    "C31062": 0.045177,