{
  "arch": "gru_baseline",
  "lob": "private_passenger_auto",
  "config_idx": 90,
  "dropout_rate": 0.13997,
  "learning_rate": 0.0001145,
  "batch_size": 256,
  "max_epochs": 500,
  "gru_units": 256,
  "dense_units": 64,
  "mape": 0.09630921903404506,
  "rmspe": 0.5400448504768123,
  "n_companies": 122,
  "n_filtered": 5,
  "mape_std": 0.37410042873453336,
  "mape_p25": 0.023702517536647736,
  "mape_p75": 0.0846431701212371,
  "training_time": 34.69,
  "epochs_trained": 201,
  "best_val_loss": 0.006716584649568956,
  "train_loss_curve": [
    0.041331,
    0.040316,
    0.039939,
    0.039231,
    0.03936,
    0.03887,
    0.038421,
    0.038776,
    0.038464,
    0.037937,
    0.037886,
    0.037974,
    0.037513,
    0.038281,
    0.037582,
    0.037243,
    0.03802,
    0.037814,
    0.037047,
    0.036464,
    0.036992,
    0.036685,
    0.037045,
    0.036015,
    0.036448,
    0.036315,
    0.036062,
    0.036515,
    0.036232,
    0.03599,
    0.036481,
    0.035489,
    0.035546,
    0.036437,
    0.037646,
    0.035353,
    0.035437,
    0.0349,
    0.036066,
    0.03683,
    0.036905,
    0.036249,
    0.035159,
    0.034621,
    0.034103,
    0.033715,
    0.033521,
    0.034653,
    0.035174,
    0.034352,
    0.034551,
    0.034753,
    0.033975,
    0.033874,
    0.033116,
    0.03307,
    0.032645,
    0.032495,
    0.032752,
    0.036777,
    0.033618,
    0.031813,
    0.032112,
    0.03355,
    0.032009,
    0.032989,
    0.032438,
    0.032346,
    0.0318,
    0.031924,
    0.031918,
    0.031512,
    0.032733,
    0.032615,
    0.032622,
    0.032816,
    0.032108,
    0.031283,
    0.033349,
    0.030912,
    0.03263,
    0.035601,
    0.033011,
    0.031068,
    0.031025,
    0.03105,
    0.031874,
    0.03197,
    0.031191,
    0.031661,
    0.03085,
    0.032861,
    0.033626,
    0.030989,
    0.031967,
    0.03178,
    0.031936,
    0.030985,
    0.031454,
    0.031302,
    0.030818,
    0.035612,
    0.031393,
    0.031992,
    0.032353,
    0.030205,
    0.032575,
    0.031013,
    0.030423,
    0.029766,
    0.029933,
    0.029746,
    0.035996,
    0.031691,
    0.035828,
    0.029843,
    0.029713,
    0.030027,
    0.030567,
    0.029719,
    0.031722,
    0.030337,
    0.029893,
    0.030969,
    0.030573,
    0.031767,
    0.035218,
    0.03069,
    0.029586,
    0.02998,
    0.029508,
    0.031479,
    0.030515,
    0.029397,
    0.028909,
    0.029872,
    0.029534,
    0.030486,
    0.029821,
    0.030346,
    0.030361,
    0.030148,
    0.029374,
    0.030031,
    0.032575,
    0.030138,
    0.029785,
    0.029547,
    0.029672,
    0.029404,
    0.030121,
    0.030507,
    0.035109,
    0.029036,
    0.030514,
    0.034314,
    0.035102,
    0.029915,
    0.030594,
    0.029008,
    0.028724,
    0.029676,
    0.028544,
    0.029252,
    0.03473,
    0.028762,
    0.029558,
    0.029522,
    0.028818,
    0.036455,
    0.031176,
    0.029298,
    0.028397,
    0.034445,
    0.029568,
    0.030123,
    0.029029,
    0.029184,
    0.027967,
    0.029175,
    0.029025,
    0.028697,
    0.030308,
    0.029928,
    0.034479,
    0.029807,
    0.034546,
    0.028954,
    0.028994,
    0.028513,
    0.030646,
    0.030191,
    0.034669,
    0.028962,
    0.028573,
    0.031114,
    0.030462,
    0.028505,
    0.028761,
    0.030373,
    0.030049
  ],
  "val_loss_curve": [
    0.00709,
    0.006932,
    0.006858,
    0.006854,
    0.006814,
    0.006841,
    0.006751,
    0.006849,
    0.006717,
    0.006819,
    0.006768,
    0.006733,
    0.006986,
    0.006825,
    0.006775,
    0.006823,
    0.006839,
    0.006978,
    0.006914,
    0.007054,
    0.007174,
    0.007087,
    0.007116,
    0.007196,
    0.007327,
    0.007361,
    0.007533,
    0.007606,
    0.007612,
    0.00767,
    0.007915,
    0.008139,
    0.008023,
    0.008166,
    0.007937,
    0.008311,
    0.008487,
    0.008871,
    0.008836,
    0.008577,
    0.008448,
    0.008435,
    0.008821,
    0.008777,
    0.009149,
    0.009658,
    0.010356,
    0.01026,
    0.010469,
    0.011356,
    0.010698,
    0.011098,
    0.011723,
    0.011794,
    0.01259,
    0.012473,
    0.014034,
    0.01423,
    0.014969,
    0.013501,
    0.013399,
    0.014031,
    0.01474,
    0.015064,
    0.01525,
    0.015575,
    0.015881,
    0.016408,
    0.016131,
    0.016266,
    0.016729,
    0.017361,
    0.016881,
    0.017986,
    0.018171,
    0.019089,
    0.020452,
    0.019543,
    0.02004,
    0.01968,
    0.019749,
    0.019468,
    0.020154,
    0.020511,
    0.020866,
    0.021476,
    0.021877,
    0.022558,
    0.022286,
    0.023397,
    0.02287,
    0.02282,
    0.023063,
    0.022989,
    0.023055,
    0.022112,
    0.023297,
    0.022904,
    0.023419,
    0.02285,
    0.023432,
    0.023904,
    0.024642,
    0.024856,
    0.024957,
    0.024438,
    0.02514,
    0.025729,
    0.025453,
    0.025631,
    0.027199,
    0.027137,
    0.026984,
    0.026853,
    0.026304,
    0.026457,
    0.026696,
    0.027167,
    0.026993,
    0.02751,
    0.027231,
    0.027724,
    0.027854,
    0.027954,
    0.028224,
    0.027763,
    0.027939,
    0.028003,
    0.02802,
    0.028822,
    0.028997,
    0.029044,
    0.029004,
    0.028868,
    0.029249,
    0.029124,
    0.029557,
    0.029541,
    0.029584,
    0.029668,
    0.029866,
    0.030042,
    0.03017,
    0.030784,
    0.030962,
    0.03082,
    0.030914,
    0.031504,
    0.03148,
    0.031105,
    0.03145,
    0.032015,
    0.031161,
    0.030993,
    0.030571,
    0.031271,
    0.030893,
    0.030991,
    0.031373,
    0.031927,
    0.032158,
    0.032234,
    0.032295,
    0.032138,
    0.031952,
    0.031741,
    0.03207,
    0.032296,
    0.032273,
    0.032026,
    0.032066,
    0.032116,
    0.032198,
    0.032156,
    0.032457,
    0.032547,
    0.032573,
    0.03248,
    0.032978,
    0.033147,
    0.033249,
    0.033337,
    0.033519,
    0.033734,
    0.033385,
    0.033366,
    0.033278,
    0.033234,
    0.033677,
    0.033786,
    0.033857,
    0.034182,
    0.033925,
    0.034108,
    0.034142,
    0.03413,
    0.033894,
    0.03418,
    0.034085,
    0.034367,
    0.034352
  ],
  "per_company_mape": {
    "C10007": 0.066389,
    "C10019": 0.068443,
    "C10022": 0.030381,
    "C10204": 0.091123,
    "C10308": 0.053845,
    "C10336": 0.046362,
    "C1066": 0.068882,
    "C10783": 0.024704,
    "C10790": 0.057458,
    "C1090": 0.021279,
    "C11037": 0.008469,
    "C11126": 0.024804,
    "C11150": 4.116941,
    "C11231": 0.354797,
    "C12360": 0.065274,
    "C13420": 0.041404,
    "C13439": 0.044165,
    "C13501": 0.018797,
    "C13528": 0.145565,
    "C13587": 0.032413,
    "C13595": 0.010599,
    "C13641": 0.00098,
    "C13781": 0.11938,
    "C13889": 0.140305,
    "C13943": 0.108378,
    "C14044": 0.049239,
    "C14176": 0.055038,
    "C14257": 0.05711,
    "C14311": 0.104254,
    "C14370": 0.166291,
    "C14443": 0.121119,
    "C14550": 0.024053,
    "C14885": 0.167545,
    "C15024": 0.024463,
    "C15172": 0.011842,
    "C15199": 0.038942,
    "C15210": 0.12128,
    "C1538": 0.023366,
    "C15407": 0.014792,
    "C15997": 0.020186,
    "C16373": 0.116692,
    "C16799": 0.160372,
    "C1716": 0.086484,
    "C1767": 0.022548,
    "C17884": 0.630299,
    "C18163": 0.0585,
    "C18309": 0.096482,
    "C18380": 0.019292,
    "C18686": 0.040176,
    "C18791": 0.028322,
    "C19119": 0.263584,
    "C19780": 0.063511,
    "C2003": 0.017388,
    "C20430": 0.037988,
    "C20800": 0.092387,
    "C21172": 0.050522,
    "C2143": 0.075576,
    "C2208": 0.049613,
    "C22390": 0.055092,
    "C2259": 0.046507,
    "C23574": 0.113535,
    "C23663": 0.002757,
    "C23876": 0.041334,
    "C25275": 0.032077,
    "C25755": 0.074394,
    "C26077": 0.074923,
    "C26808": 0.104173,
    "C26905": 0.001405,
    "C27022": 0.021518,
    "C27065": 0.106069,
    "C27499": 0.081249,
    "C27766": 0.040396,
    "C29297": 0.0849,
    "C29378": 0.004973,
    "C29440": 0.030602,
    "C31062": 0.049628,