{
  "arch": "gru_baseline",
  "lob": "private_passenger_auto",
  "config_idx": 86,
  "dropout_rate": 0.05912,
  "learning_rate": 0.0018111,
  "batch_size": 512,
  "max_epochs": 500,
  "gru_units": 256,
  "dense_units": 64,
  "mape": 0.02304947572326485,
  "rmspe": 0.08446082427749299,
  "n_companies": 122,
  "n_filtered": 3,
  "mape_std": 0.059549947454411514,
  "mape_p25": 0.00619084070055798,
  "mape_p75": 0.02412983502333018,
  "training_time": 25.03,
  "epochs_trained": 201,
  "best_val_loss": 0.00606715283356607,
  "train_loss_curve": [
    0.041971,
    0.039651,
    0.038659,
    0.038062,
    0.037284,
    0.038262,
    0.037459,
    0.037658,
    0.036198,
    0.035642,
    0.034244,
    0.032847,
    0.032742,
    0.031739,
    0.030415,
    0.029625,
    0.030211,
    0.030654,
    0.0282,
    0.032446,
    0.028536,
    0.027785,
    0.025389,
    0.025539,
    0.025221,
    0.024136,
    0.02441,
    0.024796,
    0.023514,
    0.023005,
    0.023001,
    0.024451,
    0.023193,
    0.031081,
    0.023718,
    0.024161,
    0.026287,
    0.022485,
    0.023097,
    0.022406,
    0.020594,
    0.021177,
    0.020405,
    0.019358,
    0.020208,
    0.021586,
    0.020031,
    0.025779,
    0.017992,
    0.017271,
    0.017701,
    0.016774,
    0.018985,
    0.024888,
    0.018846,
    0.015552,
    0.01399,
    0.021586,
    0.013155,
    0.020399,
    0.012431,
    0.02989,
    0.013972,
    0.012088,
    0.012225,
    0.012536,
    0.013106,
    0.011859,
    0.012289,
    0.01177,
    0.012491,
    0.02781,
    0.011748,
    0.01165,
    0.011084,
    0.018506,
    0.011177,
    0.011732,
    0.010255,
    0.012407,
    0.011097,
    0.029378,
    0.011726,
    0.011295,
    0.010357,
    0.011321,
    0.011648,
    0.010566,
    0.01,
    0.013078,
    0.01004,
    0.008685,
    0.025652,
    0.011953,
    0.01159,
    0.0121,
    0.011778,
    0.011499,
    0.01232,
    0.011383,
    0.011538,
    0.012485,
    0.019335,
    0.028071,
    0.012271,
    0.011596,
    0.019274,
    0.012355,
    0.011325,
    0.011295,
    0.011263,
    0.013888,
    0.011892,
    0.011257,
    0.01277,
    0.012241,
    0.01139,
    0.011289,
    0.011216,
    0.011349,
    0.011485,
    0.011624,
    0.011352,
    0.011236,
    0.01126,
    0.011239,
    0.027491,
    0.011163,
    0.011675,
    0.019239,
    0.011427,
    0.011125,
    0.011334,
    0.019241,
    0.011161,
    0.011297,
    0.011153,
    0.011274,
    0.011274,
    0.011199,
    0.012249,
    0.011034,
    0.011039,
    0.011191,
    0.011248,
    0.01122,
    0.011257,
    0.011487,
    0.011231,
    0.011095,
    0.01145,
    0.010989,
    0.011085,
    0.013785,
    0.011931,
    0.011378,
    0.01124,
    0.011244,
    0.027453,
    0.011375,
    0.019868,
    0.011206,
    0.011165,
    0.011124,
    0.011141,
    0.011133,
    0.011751,
    0.011326,
    0.027633,
    0.011265,
    0.011009,
    0.011204,
    0.027505,
    0.011497,
    0.012932,
    0.011237,
    0.011381,
    0.011431,
    0.01114,
    0.011084,
    0.027513,
    0.011832,
    0.011181,
    0.011215,
    0.011575,
    0.011065,
    0.019198,
    0.011262,
    0.01119,
    0.011205,
    0.011314,
    0.011189,
    0.011283,
    0.011193,
    0.011166,
    0.011251,
    0.011256,
    0.011142,
    0.011105,
    0.027549,
    0.028196
  ],
  "val_loss_curve": [
    0.006121,
    0.006598,
    0.006454,
    0.006264,
    0.006067,
    0.006281,
    0.006177,
    0.006808,
    0.007446,
    0.012836,
    0.015537,
    0.011103,
    0.020584,
    0.028746,
    0.032118,
    0.042178,
    0.020077,
    0.041972,
    0.048205,
    0.089811,
    0.046451,
    0.071004,
    0.079189,
    0.096026,
    0.121153,
    0.097871,
    0.134969,
    0.146207,
    0.150679,
    0.141759,
    0.167779,
    0.136847,
    0.126958,
    0.118425,
    0.125581,
    0.097463,
    0.075771,
    0.084619,
    0.068306,
    0.081013,
    0.080819,
    0.078497,
    0.089649,
    0.106586,
    0.041708,
    0.088156,
    0.087205,
    0.08298,
    0.089896,
    0.103153,
    0.113549,
    0.074905,
    0.052545,
    0.042314,
    0.112624,
    0.104562,
    0.090133,
    0.099167,
    0.081604,
    0.060226,
    0.099926,
    0.111249,
    0.069691,
    0.097694,
    0.09295,
    0.068356,
    0.068531,
    0.112157,
    0.098632,
    0.090019,
    0.093875,
    0.084805,
    0.077893,
    0.097722,
    0.097229,
    0.090234,
    0.084675,
    0.070762,
    0.076672,
    0.059673,
    0.058582,
    0.030008,
    0.044565,
    0.054134,
    0.03161,
    0.030383,
    0.023754,
    0.039283,
    0.047593,
    0.041187,
    0.034424,
    0.016664,
    0.039071,
    0.042533,
    0.043953,
    0.048449,
    0.033193,
    0.029794,
    0.039043,
    0.040047,
    0.028394,
    0.028675,
    0.03624,
    0.044197,
    0.047779,
    0.038655,
    0.033003,
    0.033638,
    0.036945,
    0.036968,
    0.039288,
    0.044754,
    0.04899,
    0.054472,
    0.049905,
    0.052627,
    0.049607,
    0.050804,
    0.050843,
    0.046083,
    0.047146,
    0.047765,
    0.047664,
    0.049378,
    0.047874,
    0.046032,
    0.046505,
    0.0464,
    0.047888,
    0.048532,
    0.047755,
    0.048591,
    0.04843,
    0.048128,
    0.047817,
    0.047879,
    0.047821,
    0.046008,
    0.041611,
    0.039361,
    0.040333,
    0.044227,
    0.045348,
    0.04805,
    0.045673,
    0.046193,
    0.045875,
    0.048015,
    0.053412,
    0.05163,
    0.045927,
    0.041349,
    0.042354,
    0.04195,
    0.047749,
    0.050507,
    0.048892,
    0.045925,
    0.043634,
    0.041494,
    0.041239,
    0.042056,
    0.041803,
    0.043447,
    0.043362,
    0.043066,
    0.047059,
    0.052156,
    0.053018,
    0.052483,
    0.051336,
    0.04761,
    0.045831,
    0.046306,
    0.048556,
    0.048153,
    0.04811,
    0.047,
    0.04751,
    0.048252,
    0.047782,
    0.047512,
    0.044343,
    0.042959,
    0.042015,
    0.043317,
    0.044052,
    0.044667,
    0.043899,
    0.042208,
    0.042389,
    0.042686,
    0.046744,
    0.047119,
    0.045733,
    0.044729,
    0.04428,
    0.046418,
    0.045882,
    0.04646,
    0.046413
  ],
  "per_company_mape": {
    "C10007": 0.020737,
    "C10019": 0.058927,
    "C10022": 0.034253,
    "C10204": 0.016635,
    "C10308": 0.0,
    "C10336": 0.012372,
    "C1066": 0.033573,
    "C10783": 0.008651,
    "C10790": 0.014679,
    "C1090": 0.007063,
    "C11037": 0.01191,
    "C11126": 0.018153,
    "C11150": 0.194555,
    "C11231": 0.019616,
    "C12360": 0.006609,
    "C13420": 0.041495,
    "C13439": 0.014451,
    "C13501": 0.018797,
    "C13528": 0.000705,
    "C13587": 0.032512,
    "C13595": 0.012929,
    "C13641": 0.00098,
    "C13781": 0.006166,
    "C13889": 0.028272,
    "C13943": 0.025664,
    "C14044": 0.044864,
    "C14176": 0.017568,
    "C14257": 0.021043,
    "C14311": 0.018342,
    "C14370": 0.021999,
    "C14443": 0.008661,
    "C14550": 0.026528,
    "C14885": 0.016387,
    "C15024": 0.024463,
    "C15172": 7.4e-05,
    "C15199": 0.022327,
    "C15210": 0.03347,
    "C1538": 0.021558,
    "C15407": 0.014167,
    "C15997": 0.024296,
    "C16373": 0.002643,
    "C16799": 0.007868,
    "C1716": 0.003624,
    "C1767": 0.024121,
    "C17884": 0.629372,
    "C18163": 0.008485,
    "C18309": 0.024699,
    "C18380": 0.005174,
    "C18686": 0.013989,
    "C18791": 0.023177,
    "C19119": 0.006813,
    "C19780": 0.054066,
    "C2003": 0.017388,
    "C20430": 0.005819,
    "C20800": 0.0,
    "C21172": 0.02578,
    "C2143": 0.012582,
    "C2208": 0.008986,
    "C22390": 0.006264,
    "C2259": 0.001876,
    "C23574": 0.017456,
    "C23663": 0.0,
    "C23876": 0.024352,
    "C25275": 0.019092,
    "C25755": 0.010086,
    "C26077": 0.037171,
    "C26808": 0.020777,
    "C26905": 0.001405,
    "C27022": 0.028291,
    "C27065": 0.007775,
    "C27499": 0.024133,
    "C27766": 0.003025,
    "C29297": 0.001066,
    "C29378": 0.0,
    "C29440": 0.029316,
    "C31062": 0.063399,
    "C3131": 0.002277,