{
  "arch": "gru_baseline",
  "lob": "private_passenger_auto",
  "config_idx": 92,
  "dropout_rate": 0.08727,
  "learning_rate": 0.0001188,
  "batch_size": 256,
  "max_epochs": 1000,
  "gru_units": 64,
  "dense_units": 32,
  "mape": 0.061484248717312576,
  "rmspe": 0.12922892580209314,
  "n_companies": 121,
  "n_filtered": 6,
  "mape_std": 0.08734771828378556,
  "mape_p25": 0.013592763818281301,
  "mape_p75": 0.08160494263318363,
  "training_time": 32.6,
  "epochs_trained": 201,
  "best_val_loss": 0.006665050950167435,
  "train_loss_curve": [
    0.04205,
    0.041928,
    0.041156,
    0.040732,
    0.040311,
    0.040063,
    0.039713,
    0.039458,
    0.039187,
    0.039132,
    0.039028,
    0.039087,
    0.038682,
    0.038635,
    0.038291,
    0.038317,
    0.038344,
    0.038261,
    0.038231,
    0.038027,
    0.037933,
    0.037793,
    0.037906,
    0.037689,
    0.037651,
    0.037448,
    0.037508,
    0.037539,
    0.038311,
    0.037415,
    0.037263,
    0.037402,
    0.037274,
    0.037409,
    0.037047,
    0.037218,
    0.036961,
    0.036914,
    0.036895,
    0.036534,
    0.036699,
    0.036918,
    0.036895,
    0.036582,
    0.036852,
    0.036625,
    0.036667,
    0.036283,
    0.036321,
    0.036174,
    0.036021,
    0.036625,
    0.035712,
    0.036263,
    0.036128,
    0.036836,
    0.03637,
    0.035782,
    0.036021,
    0.036714,
    0.035914,
    0.035473,
    0.035184,
    0.035285,
    0.035077,
    0.035965,
    0.035249,
    0.035318,
    0.034851,
    0.034841,
    0.035446,
    0.035492,
    0.034679,
    0.034532,
    0.034832,
    0.034825,
    0.035977,
    0.034961,
    0.034863,
    0.034776,
    0.035339,
    0.035276,
    0.034444,
    0.034693,
    0.03467,
    0.034408,
    0.034713,
    0.034757,
    0.034295,
    0.033824,
    0.033641,
    0.033705,
    0.034509,
    0.034331,
    0.03419,
    0.034219,
    0.033748,
    0.034109,
    0.034473,
    0.033895,
    0.033873,
    0.034669,
    0.033999,
    0.034386,
    0.033651,
    0.034137,
    0.033464,
    0.035146,
    0.034079,
    0.036219,
    0.033849,
    0.033832,
    0.03372,
    0.035309,
    0.034518,
    0.033247,
    0.033516,
    0.033361,
    0.033408,
    0.032975,
    0.033536,
    0.033728,
    0.033349,
    0.032827,
    0.033266,
    0.033192,
    0.033779,
    0.032938,
    0.03265,
    0.033508,
    0.033214,
    0.032883,
    0.032772,
    0.03365,
    0.033166,
    0.032937,
    0.035366,
    0.033322,
    0.033587,
    0.035638,
    0.033339,
    0.032737,
    0.034046,
    0.033127,
    0.032692,
    0.035256,
    0.034653,
    0.034419,
    0.032346,
    0.032684,
    0.032525,
    0.034152,
    0.033195,
    0.032465,
    0.032727,
    0.034035,
    0.03247,
    0.032583,
    0.03385,
    0.032798,
    0.032454,
    0.032807,
    0.033953,
    0.035404,
    0.032162,
    0.034668,
    0.03317,
    0.032518,
    0.032819,
    0.032473,
    0.032571,
    0.033108,
    0.035023,
    0.033747,
    0.033154,
    0.032611,
    0.033299,
    0.03222,
    0.032757,
    0.034902,
    0.032296,
    0.032674,
    0.032888,
    0.03351,
    0.032867,
    0.03273,
    0.03335,
    0.032627,
    0.032829,
    0.032547,
    0.033134,
    0.032209,
    0.033247,
    0.032918,
    0.03576,
    0.032741,
    0.033179,
    0.032121,
    0.032337,
    0.033252,
    0.032953
  ],
  "val_loss_curve": [
    0.00757,
    0.007373,
    0.007254,
    0.007118,
    0.00706,
    0.006965,
    0.006923,
    0.006826,
    0.006734,
    0.006777,
    0.006698,
    0.006695,
    0.006747,
    0.006668,
    0.006682,
    0.006721,
    0.006678,
    0.006703,
    0.006665,
    0.006681,
    0.006677,
    0.006665,
    0.006686,
    0.006672,
    0.006704,
    0.006715,
    0.00672,
    0.006692,
    0.006695,
    0.006721,
    0.006741,
    0.006734,
    0.006743,
    0.006758,
    0.006755,
    0.006739,
    0.006761,
    0.00678,
    0.006758,
    0.006773,
    0.006758,
    0.006806,
    0.006782,
    0.006812,
    0.006826,
    0.006829,
    0.006872,
    0.00687,
    0.006865,
    0.006861,
    0.006891,
    0.006897,
    0.006973,
    0.006964,
    0.007,
    0.007007,
    0.007035,
    0.007103,
    0.007067,
    0.007143,
    0.00725,
    0.00725,
    0.0073,
    0.007298,
    0.007391,
    0.007413,
    0.007458,
    0.007498,
    0.007535,
    0.007611,
    0.007665,
    0.00771,
    0.007745,
    0.007793,
    0.007858,
    0.007896,
    0.00789,
    0.007852,
    0.007987,
    0.00793,
    0.008001,
    0.008002,
    0.008073,
    0.008143,
    0.008216,
    0.008208,
    0.008149,
    0.008275,
    0.008318,
    0.008424,
    0.008445,
    0.008499,
    0.008525,
    0.008545,
    0.008561,
    0.008567,
    0.008652,
    0.008683,
    0.008707,
    0.008762,
    0.008744,
    0.008786,
    0.00883,
    0.008878,
    0.00895,
    0.009009,
    0.009087,
    0.009064,
    0.009113,
    0.00907,
    0.00903,
    0.009011,
    0.009106,
    0.009086,
    0.009138,
    0.009205,
    0.009176,
    0.00922,
    0.009343,
    0.009303,
    0.009216,
    0.009273,
    0.009299,
    0.009347,
    0.009395,
    0.009483,
    0.009487,
    0.009529,
    0.009561,
    0.009595,
    0.009678,
    0.009688,
    0.009719,
    0.009761,
    0.009752,
    0.009796,
    0.009838,
    0.009885,
    0.009865,
    0.009827,
    0.009862,
    0.009892,
    0.009903,
    0.009935,
    0.009957,
    0.009979,
    0.00997,
    0.009947,
    0.009959,
    0.009974,
    0.010015,
    0.009963,
    0.009976,
    0.009981,
    0.010041,
    0.010065,
    0.010053,
    0.010112,
    0.010124,
    0.010122,
    0.010184,
    0.010196,
    0.010204,
    0.010212,
    0.010249,
    0.010207,
    0.010278,
    0.010344,
    0.010338,
    0.010366,
    0.010459,
    0.010486,
    0.010436,
    0.010397,
    0.010426,
    0.010407,
    0.010425,
    0.010459,
    0.010471,
    0.01048,
    0.010488,
    0.010495,
    0.010526,
    0.01052,
    0.010563,
    0.010582,
    0.010571,
    0.01057,
    0.010583,
    0.01056,
    0.010575,
    0.010597,
    0.010608,
    0.01062,
    0.010613,
    0.010596,
    0.01062,
    0.010661,
    0.010678,
    0.010698,
    0.010679
  ],
  "per_company_mape": {
    "C10007": 0.204816,
    "C10019": 0.064311,
    "C10022": 0.034253,
    "C10204": 0.118312,
    "C10308": 0.026186,
    "C10336": 0.012372,
    "C1066": 0.091552,
    "C10783": 0.126303,
    "C10790": 0.091719,
    "C1090": 0.048035,
    "C11037": 0.01191,
    "C11126": 0.027173,
    "C11150": 0.0,
    "C11231": 0.157235,
    "C12360": 0.070024,
    "C13420": 0.041495,
    "C13439": 0.01749,
    "C13501": 0.059081,
    "C13528": 0.0,
    "C13587": 0.031679,
    "C13595": 0.012929,
    "C13641": 0.083354,
    "C13781": 0.006166,
    "C13889": 0.104288,
    "C13943": 0.037533,
    "C14044": 0.048987,
    "C14176": 0.017568,
    "C14257": 0.081605,
    "C14311": 0.171258,
    "C14370": 0.0,
    "C14443": 0.071197,
    "C14550": 0.061065,
    "C14885": 0.005319,
    "C15024": 0.023988,
    "C15172": 0.13059,
    "C15199": 0.021123,
    "C15210": 0.159421,
    "C1538": 0.021558,
    "C15407": 0.015482,
    "C15997": 0.023714,
    "C16373": 0.148726,
    "C16799": 0.007868,
    "C1716": 0.10607,
    "C1767": 0.049948,
    "C17884": 0.80003,
    "C18163": 0.007996,
    "C18309": 0.062043,
    "C18380": 0.026095,
    "C18686": 0.013989,
    "C18791": 0.05156,
    "C19119": 0.374711,
    "C19780": 0.069997,
    "C2003": 0.049183,
    "C20430": 0.11928,
    "C20800": 0.035362,
    "C21172": 0.145049,
    "C2143": 0.010718,
    "C2208": 0.066535,
    "C22390": 0.0,
    "C2259": 0.001876,
    "C23574": 0.076004,
    "C23663": 0.003089,
    "C23876": 0.096723,
    "C25275": 0.103838,
    "C25755": 0.010086,
    "C26077": 0.045941,
    "C26808": 0.078499,
    "C26905": 0.091664,
    "C27022": 0.030846,
    "C27065": 0.07811,
    "C27499": 0.024133,
    "C27766": 0.003025,
    "C29297": 0.065316,
    "C29378": 0.004761,
    "C29440": 0.027861,
    "C31062": 0.062172,
    "C3131": 0.11772,