{
  "arch": "gru_baseline",
  "lob": "private_passenger_auto",
  "config_idx": 12,
  "dropout_rate": 0.02174,
  "learning_rate": 0.0001098,
  "batch_size": 256,
  "max_epochs": 1000,
  "gru_units": 128,
  "dense_units": 64,
  "mape": 0.0556354730390919,
  "rmspe": 0.11285763675898208,
  "n_companies": 122,
  "n_filtered": 5,
  "mape_std": 0.0762854332294167,
  "mape_p25": 0.015541290407596229,
  "mape_p75": 0.0635334230442455,
  "training_time": 33.87,
  "epochs_trained": 201,
  "best_val_loss": 0.00673273903001765,
  "train_loss_curve": [
    0.041304,
    0.040456,
    0.039952,
    0.039463,
    0.0387,
    0.038414,
    0.038157,
    0.037981,
    0.037684,
    0.037621,
    0.037547,
    0.037416,
    0.037238,
    0.037012,
    0.037081,
    0.037123,
    0.036808,
    0.037188,
    0.036641,
    0.036766,
    0.036773,
    0.036352,
    0.036547,
    0.036053,
    0.036141,
    0.036412,
    0.036006,
    0.035696,
    0.035594,
    0.035628,
    0.035501,
    0.035427,
    0.03533,
    0.035199,
    0.035284,
    0.035032,
    0.034958,
    0.034959,
    0.034857,
    0.03547,
    0.034708,
    0.034555,
    0.03454,
    0.034335,
    0.034174,
    0.034094,
    0.034164,
    0.033895,
    0.033724,
    0.033889,
    0.034523,
    0.033732,
    0.03334,
    0.033473,
    0.033163,
    0.032921,
    0.032809,
    0.032662,
    0.03284,
    0.032488,
    0.032504,
    0.032398,
    0.03194,
    0.031898,
    0.03177,
    0.031759,
    0.032742,
    0.03153,
    0.03173,
    0.031462,
    0.031576,
    0.031563,
    0.031405,
    0.031721,
    0.031327,
    0.031747,
    0.031008,
    0.030854,
    0.031167,
    0.030916,
    0.031072,
    0.031918,
    0.030972,
    0.030708,
    0.030983,
    0.030474,
    0.030482,
    0.031295,
    0.030369,
    0.030406,
    0.030528,
    0.030193,
    0.031032,
    0.030537,
    0.030309,
    0.030002,
    0.029746,
    0.029863,
    0.029963,
    0.029727,
    0.029965,
    0.02982,
    0.030676,
    0.030001,
    0.030141,
    0.02962,
    0.029429,
    0.029346,
    0.02961,
    0.029489,
    0.029152,
    0.029162,
    0.02941,
    0.029188,
    0.029369,
    0.029574,
    0.029084,
    0.029001,
    0.029499,
    0.029138,
    0.029443,
    0.028742,
    0.028835,
    0.029367,
    0.028755,
    0.028865,
    0.029261,
    0.029297,
    0.028875,
    0.028536,
    0.028781,
    0.02926,
    0.02927,
    0.02881,
    0.02854,
    0.028681,
    0.028604,
    0.02889,
    0.028525,
    0.028708,
    0.028479,
    0.028435,
    0.028541,
    0.028512,
    0.030462,
    0.028943,
    0.028432,
    0.028704,
    0.028506,
    0.028393,
    0.028547,
    0.028353,
    0.028759,
    0.028257,
    0.028476,
    0.028172,
    0.028536,
    0.028155,
    0.02824,
    0.028124,
    0.028174,
    0.027979,
    0.028071,
    0.028275,
    0.028187,
    0.028239,
    0.027788,
    0.028076,
    0.029811,
    0.028157,
    0.027779,
    0.02823,
    0.028589,
    0.028189,
    0.028012,
    0.028054,
    0.028158,
    0.028187,
    0.028282,
    0.0277,
    0.027796,
    0.027875,
    0.027887,
    0.027808,
    0.028016,
    0.028134,
    0.02813,
    0.027969,
    0.02781,
    0.028029,
    0.027904,
    0.027656,
    0.027661,
    0.028817,
    0.028169,
    0.027708,
    0.027275,
    0.027807,
    0.027834,
    0.0279,
    0.027618
  ],
  "val_loss_curve": [
    0.007244,
    0.007062,
    0.006984,
    0.006868,
    0.006769,
    0.006783,
    0.006785,
    0.00685,
    0.006766,
    0.006829,
    0.006749,
    0.006733,
    0.00676,
    0.00681,
    0.006829,
    0.006784,
    0.006743,
    0.006765,
    0.006835,
    0.006804,
    0.006887,
    0.006928,
    0.00694,
    0.006919,
    0.006989,
    0.006962,
    0.006998,
    0.006973,
    0.007113,
    0.007112,
    0.007169,
    0.007214,
    0.007257,
    0.007379,
    0.007388,
    0.007406,
    0.007429,
    0.007564,
    0.007644,
    0.007768,
    0.007942,
    0.008019,
    0.00814,
    0.008283,
    0.008333,
    0.008517,
    0.008643,
    0.00874,
    0.008908,
    0.008894,
    0.009232,
    0.009213,
    0.009566,
    0.009766,
    0.010181,
    0.010315,
    0.010354,
    0.010856,
    0.011066,
    0.011244,
    0.011828,
    0.012758,
    0.013273,
    0.01383,
    0.013859,
    0.013988,
    0.014241,
    0.01481,
    0.015026,
    0.015606,
    0.014796,
    0.014681,
    0.015528,
    0.016292,
    0.016794,
    0.016871,
    0.016449,
    0.016667,
    0.017051,
    0.01741,
    0.017575,
    0.018029,
    0.018168,
    0.018173,
    0.018128,
    0.017828,
    0.018316,
    0.018539,
    0.018931,
    0.019234,
    0.019748,
    0.019987,
    0.02026,
    0.020287,
    0.020492,
    0.020592,
    0.021314,
    0.021837,
    0.022045,
    0.022151,
    0.023045,
    0.022885,
    0.022677,
    0.023016,
    0.023011,
    0.022484,
    0.023542,
    0.023965,
    0.024303,
    0.024491,
    0.025043,
    0.025066,
    0.02561,
    0.025849,
    0.025652,
    0.02595,
    0.025904,
    0.025931,
    0.025652,
    0.026253,
    0.026645,
    0.026901,
    0.027089,
    0.026705,
    0.026984,
    0.026997,
    0.027308,
    0.02724,
    0.027619,
    0.027832,
    0.028083,
    0.028298,
    0.028581,
    0.028309,
    0.028224,
    0.028793,
    0.028596,
    0.028851,
    0.028771,
    0.029077,
    0.029274,
    0.029365,
    0.029278,
    0.029607,
    0.029331,
    0.02948,
    0.029562,
    0.029837,
    0.029858,
    0.030133,
    0.030335,
    0.030595,
    0.030617,
    0.030697,
    0.030747,
    0.031119,
    0.031295,
    0.03143,
    0.031326,
    0.031249,
    0.032007,
    0.032251,
    0.032347,
    0.032419,
    0.032261,
    0.032423,
    0.032469,
    0.032624,
    0.032439,
    0.032527,
    0.032399,
    0.032628,
    0.032832,
    0.032739,
    0.032812,
    0.033064,
    0.033203,
    0.033169,
    0.033373,
    0.033326,
    0.033409,
    0.033535,
    0.033506,
    0.033687,
    0.033849,
    0.033833,
    0.033824,
    0.034013,
    0.034093,
    0.034174,
    0.034286,
    0.034317,
    0.034313,
    0.0343,
    0.034618,
    0.034711,
    0.034761,
    0.034742,
    0.03478,
    0.034865,
    0.035172
  ],
  "per_company_mape": {
    "C10007": 0.030977,
    "C10019": 0.058927,
    "C10022": 0.032808,
    "C10204": 0.006289,
    "C10308": 0.063375,
    "C10336": 0.012372,
    "C1066": 0.036093,
    "C10783": 0.089324,
    "C10790": 0.041957,
    "C1090": 0.009161,
    "C11037": 0.000576,
    "C11126": 0.324202,
    "C11150": 0.001037,
    "C11231": 0.0,
    "C12360": 0.03074,
    "C13420": 0.099297,
    "C13439": 0.016768,
    "C13501": 0.018797,
    "C13528": 0.058143,
    "C13587": 0.028211,
    "C13595": 0.012929,
    "C13641": 0.00098,
    "C13781": 0.048949,
    "C13889": 0.027922,
    "C13943": 0.037533,
    "C14044": 0.075821,
    "C14176": 0.013706,
    "C14257": 0.082324,
    "C14311": 0.151785,
    "C14370": 0.097075,
    "C14443": 0.008661,
    "C14550": 0.015983,
    "C14885": 0.005319,
    "C15024": 0.024463,
    "C15172": 0.025827,
    "C15199": 0.058203,
    "C15210": 0.053371,
    "C1538": 0.021558,
    "C15407": 0.043531,
    "C15997": 0.123159,
    "C16373": 0.002643,
    "C16799": 0.037213,
    "C1716": 0.039807,
    "C1767": 0.101613,
    "C17884": 0.640287,
    "C18163": 0.008797,
    "C18309": 0.023482,
    "C18380": 0.02144,
    "C18686": 0.03263,
    "C18791": 0.12489,
    "C19119": 0.139777,
    "C19780": 0.180366,
    "C2003": 0.045559,
    "C20430": 0.014195,
    "C20800": 0.10329,
    "C21172": 0.053907,
    "C2143": 0.067726,
    "C2208": 0.090989,
    "C22390": 0.022507,
    "C2259": 0.05014,
    "C23574": 0.05766,
    "C23663": 0.007777,
    "C23876": 0.071476,
    "C25275": 0.041918,
    "C25755": 0.054691,
    "C26077": 0.041621,
    "C26808": 0.063586,
    "C26905": 0.064804,
    "C27022": 0.032121,
    "C27065": 0.031063,
    "C27499": 0.03628,
    "C27766": 0.129338,
    "C29297": 0.003469,
    "C29378": 0.004038,
    "C29440": 0.011443,
    "C31062": 0.044506,