{
  "arch": "gru_baseline",
  "lob": "private_passenger_auto",
  "config_idx": 5,
  "dropout_rate": 0.02017,
  "learning_rate": 0.0005652,
  "batch_size": 1024,
  "max_epochs": 500,
  "gru_units": 256,
  "dense_units": 128,
  "mape": 0.03987537241731835,
  "rmspe": 0.12992380834958422,
  "n_companies": 121,
  "n_filtered": 6,
  "mape_std": 0.08888906665433995,
  "mape_p25": 0.012481736712680358,
  "mape_p75": 0.03441563119464881,
  "training_time": 28.67,
  "epochs_trained": 201,
  "best_val_loss": 0.005763266293797642,
  "train_loss_curve": [
    0.038617,
    0.037756,
    0.036029,
    0.0358,
    0.035337,
    0.035639,
    0.035222,
    0.050452,
    0.034593,
    0.035322,
    0.034544,
    0.034056,
    0.034155,
    0.03374,
    0.033559,
    0.048542,
    0.033503,
    0.033585,
    0.033086,
    0.032976,
    0.032902,
    0.041399,
    0.032911,
    0.033292,
    0.033019,
    0.032467,
    0.032397,
    0.032284,
    0.038931,
    0.032861,
    0.03189,
    0.032616,
    0.03165,
    0.031511,
    0.032286,
    0.031277,
    0.031348,
    0.030983,
    0.032114,
    0.031001,
    0.03093,
    0.030547,
    0.030576,
    0.030648,
    0.029962,
    0.030914,
    0.029856,
    0.030125,
    0.029433,
    0.029505,
    0.030333,
    0.03606,
    0.035629,
    0.029298,
    0.029431,
    0.029651,
    0.028277,
    0.028558,
    0.034423,
    0.028271,
    0.027742,
    0.028673,
    0.028382,
    0.027827,
    0.036061,
    0.02742,
    0.027507,
    0.027307,
    0.027502,
    0.026255,
    0.036246,
    0.033961,
    0.032216,
    0.027887,
    0.032246,
    0.026472,
    0.025335,
    0.026933,
    0.025174,
    0.025377,
    0.026075,
    0.032656,
    0.024978,
    0.025188,
    0.024882,
    0.024038,
    0.023954,
    0.02366,
    0.023563,
    0.023964,
    0.031306,
    0.023317,
    0.029606,
    0.023594,
    0.031291,
    0.030526,
    0.022899,
    0.024423,
    0.022958,
    0.022577,
    0.022691,
    0.030518,
    0.022085,
    0.021898,
    0.022681,
    0.021996,
    0.025731,
    0.021728,
    0.021867,
    0.021691,
    0.028826,
    0.021128,
    0.021327,
    0.022816,
    0.020777,
    0.020845,
    0.020922,
    0.028765,
    0.020169,
    0.022374,
    0.021239,
    0.02725,
    0.020322,
    0.023719,
    0.020156,
    0.019565,
    0.019466,
    0.021413,
    0.019734,
    0.019479,
    0.018614,
    0.018713,
    0.018638,
    0.019474,
    0.01885,
    0.018901,
    0.026517,
    0.019158,
    0.018141,
    0.021918,
    0.026219,
    0.018535,
    0.019916,
    0.020715,
    0.026264,
    0.018068,
    0.021013,
    0.017859,
    0.019998,
    0.017832,
    0.018131,
    0.019412,
    0.018402,
    0.017809,
    0.025038,
    0.017297,
    0.017537,
    0.025918,
    0.017186,
    0.020981,
    0.018493,
    0.034736,
    0.018455,
    0.024066,
    0.016919,
    0.017063,
    0.016993,
    0.017068,
    0.016759,
    0.020511,
    0.017091,
    0.018058,
    0.022916,
    0.016851,
    0.018094,
    0.016289,
    0.019293,
    0.021036,
    0.018487,
    0.016654,
    0.016321,
    0.017452,
    0.016341,
    0.016303,
    0.016852,
    0.017501,
    0.015378,
    0.020591,
    0.016533,
    0.015571,
    0.015733,
    0.019228,
    0.023885,
    0.015723,
    0.017446,
    0.024222,
    0.015652,
    0.021413,
    0.016773,
    0.015701,
    0.016079
  ],
  "val_loss_curve": [
    0.006351,
    0.006363,
    0.00648,
    0.006355,
    0.006368,
    0.00611,
    0.006154,
    0.006032,
    0.006202,
    0.006158,
    0.006067,
    0.006188,
    0.006022,
    0.006056,
    0.006102,
    0.00606,
    0.006074,
    0.006004,
    0.00605,
    0.006074,
    0.006233,
    0.005937,
    0.006011,
    0.005986,
    0.005986,
    0.005922,
    0.005907,
    0.005893,
    0.005977,
    0.005803,
    0.005823,
    0.005763,
    0.005878,
    0.005882,
    0.005793,
    0.005812,
    0.00582,
    0.005818,
    0.005871,
    0.005764,
    0.005865,
    0.00583,
    0.0059,
    0.005784,
    0.005986,
    0.00585,
    0.005816,
    0.005909,
    0.005907,
    0.006005,
    0.005881,
    0.006,
    0.005857,
    0.006224,
    0.006141,
    0.006159,
    0.006116,
    0.006165,
    0.006038,
    0.005967,
    0.005999,
    0.006235,
    0.006231,
    0.005973,
    0.005939,
    0.006222,
    0.005975,
    0.006039,
    0.006177,
    0.005988,
    0.006045,
    0.005981,
    0.006095,
    0.006199,
    0.006203,
    0.006053,
    0.00626,
    0.005981,
    0.00602,
    0.006053,
    0.006179,
    0.006462,
    0.006095,
    0.006091,
    0.00607,
    0.006081,
    0.006123,
    0.00609,
    0.006259,
    0.006041,
    0.006149,
    0.006059,
    0.006101,
    0.006036,
    0.0061,
    0.006216,
    0.006124,
    0.006056,
    0.006279,
    0.006161,
    0.006271,
    0.006093,
    0.006246,
    0.006248,
    0.00615,
    0.006163,
    0.006223,
    0.006228,
    0.006159,
    0.006204,
    0.006258,
    0.006172,
    0.0062,
    0.006432,
    0.006241,
    0.006186,
    0.006275,
    0.006187,
    0.006229,
    0.006202,
    0.006263,
    0.006146,
    0.006171,
    0.006259,
    0.006384,
    0.006261,
    0.006326,
    0.006368,
    0.006357,
    0.006356,
    0.006237,
    0.006277,
    0.006407,
    0.006366,
    0.006395,
    0.006368,
    0.006344,
    0.006319,
    0.006331,
    0.006329,
    0.006287,
    0.006263,
    0.006305,
    0.006284,
    0.006239,
    0.006256,
    0.006297,
    0.006256,
    0.00624,
    0.006289,
    0.00627,
    0.006261,
    0.006268,
    0.006263,
    0.006252,
    0.006301,
    0.006273,
    0.006255,
    0.006269,
    0.006273,
    0.006213,
    0.006236,
    0.006359,
    0.006266,
    0.006295,
    0.006225,
    0.006213,
    0.006241,
    0.006238,
    0.006219,
    0.0063,
    0.006256,
    0.006301,
    0.006274,
    0.00618,
    0.0062,
    0.006244,
    0.006274,
    0.006233,
    0.006286,
    0.006238,
    0.006291,
    0.006315,
    0.00628,
    0.006295,
    0.006255,
    0.00625,
    0.006232,
    0.006234,
    0.006245,
    0.006252,
    0.006227,
    0.006227,
    0.006222,
    0.006251,
    0.006289,
    0.006298,
    0.006304,
    0.006289,
    0.006268,
    0.006255
  ],
  "per_company_mape": {
    "C10007": 0.025462,
    "C10019": 0.065271,
    "C10022": 0.030885,
    "C10204": 0.015452,
    "C10308": 0.022293,
    "C10336": 0.012417,
    "C1066": 0.035766,
    "C10783": 0.031563,
    "C10790": 0.018546,
    "C1090": 0.00922,
    "C11037": 0.00881,
    "C11126": 0.029833,
    "C11150": 0.719682,
    "C11231": 0.251426,
    "C12360": 0.006609,
    "C13420": 0.032612,
    "C13439": 0.01185,
    "C13501": 0.017116,
    "C13528": 0.037524,
    "C13587": 0.030661,
    "C13595": 0.012482,
    "C13641": 0.015937,
    "C13781": 0.081385,
    "C13889": 0.041154,
    "C13943": 0.018544,
    "C14044": 0.048252,
    "C14176": 0.051754,
    "C14257": 0.069767,
    "C14311": 0.027058,
    "C14370": 0.070156,
    "C14443": 0.008064,
    "C14550": 0.020635,
    "C14885": 0.132652,
    "C15024": 0.04221,
    "C15172": 0.019897,
    "C15199": 0.021193,
    "C15210": 0.031618,
    "C1538": 0.025651,
    "C15407": 0.015034,
    "C15997": 0.018364,
    "C16373": 0.023182,
    "C16799": 0.007868,
    "C1716": 0.069222,
    "C1767": 0.017879,
    "C17884": 0.629143,
    "C18163": 0.018717,
    "C18309": 0.010849,
    "C18380": 0.005174,
    "C18686": 0.012105,
    "C18791": 0.023575,
    "C19119": 0.006813,
    "C19780": 0.048966,
    "C2003": 0.035709,
    "C20430": 0.006132,
    "C20800": 0.021192,
    "C21172": 0.026044,
    "C2143": 0.01371,
    "C2208": 0.009481,
    "C22390": 0.029152,
    "C2259": 0.00632,
    "C23574": 0.016176,
    "C23663": 0.0,
    "C23876": 0.017235,
    "C25275": 0.020444,
    "C25755": 0.034416,
    "C26077": 0.037321,
    "C26808": 0.02421,
    "C26905": 0.011593,
    "C27022": 0.032121,
    "C27065": 0.015904,
    "C27499": 0.024562,
    "C27766": 0.010521,
    "C29297": 0.014123,
    "C29378": 0.0,
    "C29440": 0.030292,
    "C31062": 0.052,