{
  "arch": "gru_baseline",
  "lob": "private_passenger_auto",
  "config_idx": 81,
  "dropout_rate": 0.06935,
  "learning_rate": 0.0002332,
  "batch_size": 1024,
  "max_epochs": 500,
  "gru_units": 64,
  "dense_units": 128,
  "mape": 0.1066517844997659,
  "rmspe": 0.5483655126158634,
  "n_companies": 121,
  "n_filtered": 6,
  "mape_std": 0.3797722181008674,
  "mape_p25": 0.013366203134656737,
  "mape_p75": 0.09735723728854977,
  "training_time": 17.43,
  "epochs_trained": 201,
  "best_val_loss": 0.005988463293761015,
  "train_loss_curve": [
    0.03945,
    0.039014,
    0.038182,
    0.038481,
    0.038786,
    0.038332,
    0.053858,
    0.037012,
    0.036524,
    0.036531,
    0.036517,
    0.03638,
    0.035835,
    0.036017,
    0.035542,
    0.035987,
    0.036503,
    0.050624,
    0.035498,
    0.035063,
    0.035062,
    0.034954,
    0.03537,
    0.036257,
    0.034643,
    0.03477,
    0.034716,
    0.03459,
    0.034684,
    0.035419,
    0.036767,
    0.036002,
    0.035098,
    0.04114,
    0.03474,
    0.034542,
    0.034457,
    0.034403,
    0.041482,
    0.034534,
    0.034611,
    0.042091,
    0.033657,
    0.033743,
    0.034182,
    0.034234,
    0.034017,
    0.033198,
    0.057157,
    0.033627,
    0.039814,
    0.032955,
    0.033209,
    0.033731,
    0.032896,
    0.046988,
    0.040643,
    0.032351,
    0.033209,
    0.033853,
    0.039993,
    0.033352,
    0.032213,
    0.033077,
    0.031875,
    0.031777,
    0.032165,
    0.031753,
    0.031524,
    0.031675,
    0.031617,
    0.031893,
    0.031395,
    0.031473,
    0.032975,
    0.031495,
    0.045735,
    0.031245,
    0.031008,
    0.036895,
    0.031026,
    0.033058,
    0.031042,
    0.044759,
    0.045449,
    0.030925,
    0.036039,
    0.036937,
    0.03315,
    0.030941,
    0.030314,
    0.03068,
    0.030826,
    0.030455,
    0.031041,
    0.033247,
    0.031022,
    0.030838,
    0.030702,
    0.043866,
    0.032731,
    0.031529,
    0.030333,
    0.032594,
    0.030761,
    0.02994,
    0.030465,
    0.029964,
    0.030148,
    0.031872,
    0.031979,
    0.02934,
    0.031943,
    0.029738,
    0.042925,
    0.030107,
    0.034631,
    0.032174,
    0.029666,
    0.043434,
    0.029256,
    0.029803,
    0.029374,
    0.029797,
    0.029434,
    0.028823,
    0.02933,
    0.029419,
    0.043071,
    0.029505,
    0.029182,
    0.036702,
    0.029251,
    0.036761,
    0.028903,
    0.030157,
    0.030276,
    0.042494,
    0.029629,
    0.029468,
    0.028677,
    0.029974,
    0.029299,
    0.042548,
    0.035874,
    0.028665,
    0.029236,
    0.033665,
    0.029057,
    0.031963,
    0.035147,
    0.0289,
    0.028385,
    0.037445,
    0.029324,
    0.029402,
    0.043642,
    0.028794,
    0.028746,
    0.028897,
    0.03531,
    0.036591,
    0.028175,
    0.028634,
    0.035429,
    0.029221,
    0.028627,
    0.028862,
    0.041891,
    0.028466,
    0.028781,
    0.032164,
    0.031729,
    0.028006,
    0.028758,
    0.031967,
    0.027945,
    0.028333,
    0.028643,
    0.028737,
    0.029743,
    0.028807,
    0.042628,
    0.02772,
    0.032707,
    0.028155,
    0.0285,
    0.028227,
    0.028209,
    0.027821,
    0.041705,
    0.027772,
    0.035221,
    0.028692,
    0.028194,
    0.027935,
    0.027986,
    0.028121,
    0.028277,
    0.027993,
    0.02788
  ],
  "val_loss_curve": [
    0.00681,
    0.006608,
    0.006468,
    0.006352,
    0.006307,
    0.006267,
    0.006201,
    0.006172,
    0.006079,
    0.006092,
    0.006063,
    0.006016,
    0.006064,
    0.006028,
    0.006049,
    0.006072,
    0.006016,
    0.006025,
    0.006054,
    0.005988,
    0.006029,
    0.00605,
    0.006037,
    0.006037,
    0.006118,
    0.00605,
    0.006081,
    0.006057,
    0.006057,
    0.006073,
    0.006064,
    0.006095,
    0.006119,
    0.006124,
    0.006179,
    0.006176,
    0.006195,
    0.006213,
    0.006222,
    0.006247,
    0.006212,
    0.006241,
    0.00625,
    0.006253,
    0.006298,
    0.006346,
    0.006426,
    0.006439,
    0.006423,
    0.006531,
    0.006538,
    0.006599,
    0.00661,
    0.006675,
    0.006692,
    0.006758,
    0.006903,
    0.006934,
    0.007039,
    0.007198,
    0.007251,
    0.007374,
    0.007342,
    0.007345,
    0.0073,
    0.007297,
    0.0073,
    0.00743,
    0.007612,
    0.007785,
    0.007767,
    0.007741,
    0.007845,
    0.007947,
    0.008021,
    0.008063,
    0.008031,
    0.008203,
    0.008301,
    0.00837,
    0.008434,
    0.008316,
    0.008328,
    0.008382,
    0.008468,
    0.0086,
    0.008672,
    0.008819,
    0.008929,
    0.008921,
    0.008973,
    0.008971,
    0.008954,
    0.009005,
    0.008955,
    0.008862,
    0.008781,
    0.008758,
    0.008881,
    0.008906,
    0.009016,
    0.009017,
    0.009083,
    0.00921,
    0.009301,
    0.009403,
    0.00946,
    0.009541,
    0.009566,
    0.009651,
    0.00966,
    0.009826,
    0.009842,
    0.009942,
    0.009962,
    0.010146,
    0.010169,
    0.010241,
    0.010246,
    0.010187,
    0.010417,
    0.0104,
    0.010362,
    0.010379,
    0.010393,
    0.010423,
    0.010414,
    0.010414,
    0.010491,
    0.010613,
    0.01069,
    0.010786,
    0.010868,
    0.010948,
    0.01094,
    0.010852,
    0.010845,
    0.010793,
    0.01088,
    0.010873,
    0.010931,
    0.010974,
    0.010996,
    0.01094,
    0.010993,
    0.011005,
    0.011054,
    0.011001,
    0.011001,
    0.010971,
    0.010972,
    0.010943,
    0.010952,
    0.010919,
    0.010816,
    0.010925,
    0.011094,
    0.01129,
    0.01144,
    0.01139,
    0.011402,
    0.011459,
    0.011433,
    0.011455,
    0.011426,
    0.011477,
    0.011606,
    0.011633,
    0.011618,
    0.01171,
    0.01175,
    0.011698,
    0.01164,
    0.011637,
    0.011641,
    0.011648,
    0.01163,
    0.011673,
    0.011714,
    0.011766,
    0.011782,
    0.011789,
    0.011781,
    0.011781,
    0.01178,
    0.011789,
    0.011823,
    0.011859,
    0.01187,
    0.011917,
    0.011933,
    0.012035,
    0.012073,
    0.012092,
    0.012151,
    0.012207,
    0.012262,
    0.012279,
    0.012278,
    0.012276,
    0.012284
  ],
  "per_company_mape": {
    "C10007": 0.029925,
    "C10019": 0.058845,
    "C10022": 0.071567,
    "C10204": 0.14032,
    "C10308": 0.078601,
    "C10336": 0.097357,
    "C1066": 0.036093,
    "C10783": 0.055617,
    "C10790": 0.167344,
    "C1090": 0.011103,
    "C11037": 0.003708,
    "C11126": 0.026826,
    "C11150": 4.060546,
    "C11231": 0.934714,
    "C12360": 0.006609,
    "C13420": 0.030253,
    "C13439": 0.109852,
    "C13501": 0.025023,
    "C13528": 0.087789,
    "C13587": 0.122728,
    "C13595": 0.022665,
    "C13641": 0.000817,
    "C13781": 0.296202,
    "C13889": 0.028272,
    "C13943": 0.037533,
    "C14044": 0.041679,
    "C14176": 0.042583,
    "C14257": 0.088103,
    "C14311": 0.031037,
    "C14370": 0.0,
    "C14443": 0.080928,
    "C14550": 0.142323,
    "C14885": 0.02087,
    "C15024": 0.02185,
    "C15172": 0.012804,
    "C15199": 0.058768,
    "C15210": 0.218527,
    "C1538": 0.044244,
    "C15407": 0.126082,
    "C15997": 0.038706,
    "C16373": 0.062005,
    "C16799": 0.034576,
    "C1716": 0.18244,
    "C1767": 0.010999,
    "C17884": 0.640527,
    "C18163": 0.115879,
    "C18309": 0.049456,
    "C18380": 0.053623,
    "C18686": 0.013989,
    "C18791": 0.024871,
    "C19119": 0.006813,
    "C19780": 0.072551,
    "C2003": 0.008509,
    "C20430": 0.00469,
    "C20800": 0.0,
    "C21172": 0.18921,
    "C2143": 0.12197,
    "C2208": 0.008986,
    "C22390": 0.155452,
    "C2259": 0.015605,
    "C23574": 0.016174,
    "C23663": 0.0,
    "C23876": 0.064062,
    "C25275": 0.0146,
    "C25755": 0.010086,
    "C26077": 0.037495,
    "C26808": 0.178519,
    "C26905": 0.023337,
    "C27022": 0.075871,
    "C27065": 0.18489,
    "C27499": 0.060066,
    "C27766": 0.081316,
    "C29297": 0.001066,
    "C29378": 0.0,
    "C29440": 0.01206,
    "C31062": 0.045228,
    "C3131": 0.187942,