{
  "arch": "gru_baseline",
  "lob": "private_passenger_auto",
  "config_idx": 24,
  "dropout_rate": 0.26907,
  "learning_rate": 0.0009122,
  "batch_size": 1024,
  "max_epochs": 500,
  "gru_units": 128,
  "dense_units": 64,
  "mape": 0.058036444771997125,
  "rmspe": 0.38473464650341377,
  "n_companies": 122,
  "n_filtered": 4,
  "mape_std": 0.2691514410240557,
  "mape_p25": 0.010671541270818277,
  "mape_p75": 0.03799647046721836,
  "training_time": 16.91,
  "epochs_trained": 201,
  "best_val_loss": 0.006120890844613314,
  "train_loss_curve": [
    0.039708,
    0.045794,
    0.038373,
    0.037377,
    0.05163,
    0.03738,
    0.037277,
    0.035804,
    0.035578,
    0.036094,
    0.035807,
    0.050661,
    0.050941,
    0.035299,
    0.034458,
    0.033799,
    0.034383,
    0.032717,
    0.032968,
    0.032843,
    0.033019,
    0.032757,
    0.032189,
    0.030998,
    0.047438,
    0.031425,
    0.031506,
    0.031099,
    0.036516,
    0.030158,
    0.033528,
    0.030888,
    0.032557,
    0.030348,
    0.033418,
    0.03002,
    0.034294,
    0.028551,
    0.02785,
    0.028277,
    0.02793,
    0.02727,
    0.031495,
    0.028275,
    0.036239,
    0.028333,
    0.027951,
    0.037687,
    0.026857,
    0.039914,
    0.027641,
    0.025409,
    0.029452,
    0.028763,
    0.027058,
    0.027306,
    0.037448,
    0.031636,
    0.030781,
    0.027447,
    0.032569,
    0.031961,
    0.026533,
    0.02265,
    0.024864,
    0.027394,
    0.031888,
    0.026804,
    0.026037,
    0.024431,
    0.025316,
    0.024452,
    0.026558,
    0.031012,
    0.025525,
    0.023937,
    0.030585,
    0.023149,
    0.022453,
    0.026797,
    0.023079,
    0.023885,
    0.024856,
    0.026505,
    0.041826,
    0.023295,
    0.025043,
    0.02546,
    0.025158,
    0.027728,
    0.0255,
    0.029787,
    0.026848,
    0.026725,
    0.023538,
    0.033104,
    0.025075,
    0.021758,
    0.025615,
    0.027848,
    0.026262,
    0.024679,
    0.0464,
    0.023459,
    0.025129,
    0.026641,
    0.027068,
    0.03069,
    0.022403,
    0.040332,
    0.031559,
    0.02064,
    0.024394,
    0.021406,
    0.02208,
    0.022345,
    0.027424,
    0.030223,
    0.024922,
    0.022509,
    0.025886,
    0.023484,
    0.042331,
    0.026349,
    0.0305,
    0.021995,
    0.030667,
    0.030799,
    0.032211,
    0.028379,
    0.030574,
    0.027243,
    0.022964,
    0.031024,
    0.025385,
    0.021784,
    0.024574,
    0.022639,
    0.021472,
    0.030155,
    0.029116,
    0.023188,
    0.042776,
    0.020438,
    0.029882,
    0.027016,
    0.024338,
    0.030723,
    0.022684,
    0.030475,
    0.023224,
    0.022462,
    0.040579,
    0.026641,
    0.021321,
    0.028424,
    0.027414,
    0.029789,
    0.029202,
    0.037331,
    0.044103,
    0.022464,
    0.025577,
    0.022107,
    0.022424,
    0.032337,
    0.028619,
    0.022295,
    0.021733,
    0.030215,
    0.020926,
    0.020815,
    0.033855,
    0.021464,
    0.02546,
    0.021333,
    0.028216,
    0.02815,
    0.025693,
    0.021832,
    0.019914,
    0.030213,
    0.025395,
    0.029052,
    0.027881,
    0.021688,
    0.026325,
    0.026922,
    0.022206,
    0.043147,
    0.021799,
    0.023575,
    0.021952,
    0.021564,
    0.021507,
    0.022035,
    0.022519,
    0.020752,
    0.026847,
    0.030936,
    0.020337
  ],
  "val_loss_curve": [
    0.006806,
    0.006667,
    0.006584,
    0.006336,
    0.006441,
    0.006121,
    0.006304,
    0.006399,
    0.00622,
    0.006191,
    0.006225,
    0.006306,
    0.006242,
    0.006277,
    0.006356,
    0.006404,
    0.006616,
    0.006734,
    0.006787,
    0.007217,
    0.00753,
    0.008121,
    0.008517,
    0.008842,
    0.008557,
    0.009024,
    0.009726,
    0.010939,
    0.010042,
    0.010587,
    0.009718,
    0.009206,
    0.009167,
    0.009161,
    0.008889,
    0.008743,
    0.008901,
    0.010007,
    0.011945,
    0.014427,
    0.016706,
    0.018771,
    0.017912,
    0.012844,
    0.013402,
    0.01469,
    0.014394,
    0.014883,
    0.021656,
    0.025209,
    0.02963,
    0.030067,
    0.022056,
    0.018201,
    0.01821,
    0.019984,
    0.02035,
    0.020869,
    0.020946,
    0.021047,
    0.020651,
    0.02113,
    0.021976,
    0.023236,
    0.024063,
    0.025466,
    0.026433,
    0.026318,
    0.025595,
    0.02715,
    0.026754,
    0.026102,
    0.027019,
    0.027584,
    0.02826,
    0.029045,
    0.029588,
    0.030588,
    0.031556,
    0.02803,
    0.028152,
    0.028449,
    0.030338,
    0.031049,
    0.029832,
    0.029937,
    0.030909,
    0.03172,
    0.033779,
    0.031614,
    0.031232,
    0.031016,
    0.031675,
    0.032387,
    0.034206,
    0.034937,
    0.033318,
    0.032518,
    0.030115,
    0.027701,
    0.026519,
    0.026578,
    0.027576,
    0.029766,
    0.029361,
    0.029478,
    0.030201,
    0.032553,
    0.033202,
    0.034007,
    0.034972,
    0.035949,
    0.035719,
    0.03509,
    0.034958,
    0.034878,
    0.035088,
    0.034576,
    0.03468,
    0.034942,
    0.034986,
    0.034888,
    0.033884,
    0.03431,
    0.033928,
    0.033986,
    0.03359,
    0.03187,
    0.029998,
    0.02908,
    0.028428,
    0.028406,
    0.028323,
    0.028465,
    0.028274,
    0.028042,
    0.028929,
    0.029308,
    0.029895,
    0.029867,
    0.029203,
    0.028885,
    0.029543,
    0.030075,
    0.030126,
    0.02997,
    0.029589,
    0.029072,
    0.029042,
    0.029087,
    0.029334,
    0.030068,
    0.029719,
    0.027924,
    0.027665,
    0.02849,
    0.030055,
    0.030857,
    0.03044,
    0.030298,
    0.030115,
    0.030375,
    0.030155,
    0.030145,
    0.030315,
    0.03026,
    0.030214,
    0.03031,
    0.030708,
    0.030337,
    0.030506,
    0.030904,
    0.030924,
    0.030897,
    0.030834,
    0.030886,
    0.030793,
    0.030663,
    0.030506,
    0.030441,
    0.030564,
    0.030955,
    0.031569,
    0.031364,
    0.031406,
    0.0316,
    0.031922,
    0.032151,
    0.032369,
    0.032585,
    0.032587,
    0.032791,
    0.03238,
    0.032011,
    0.03191,
    0.032066,
    0.03248,
    0.03253,
    0.032313,
    0.031757,
    0.031373
  ],
  "per_company_mape": {
    "C10007": 0.021012,
    "C10019": 0.065681,
    "C10022": 0.066956,
    "C10204": 0.016635,
    "C10308": 0.0,
    "C10336": 0.051475,
    "C1066": 0.036093,
    "C10783": 0.0234,
    "C10790": 0.01854,
    "C1090": 0.017239,
    "C11037": 0.052861,
    "C11126": 0.035868,
    "C11150": 2.900025,
    "C11231": 0.0,
    "C12360": 0.006066,
    "C13420": 0.049232,
    "C13439": 0.029398,
    "C13501": 0.018797,
    "C13528": 0.0,
    "C13587": 0.039514,
    "C13595": 0.063367,
    "C13641": 0.00098,
    "C13781": 0.037936,
    "C13889": 0.028272,
    "C13943": 0.036193,
    "C14044": 0.054447,
    "C14176": 0.017568,
    "C14257": 0.029198,
    "C14311": 0.030577,
    "C14370": 0.000874,
    "C14443": 0.033994,
    "C14550": 0.032867,
    "C14885": 0.032298,
    "C15024": 0.024463,
    "C15172": 7.4e-05,
    "C15199": 0.024174,
    "C15210": 0.035093,
    "C1538": 0.019284,
    "C15407": 0.01538,
    "C15997": 0.025266,
    "C16373": 0.090008,
    "C16799": 0.007868,
    "C1716": 0.003624,
    "C1767": 0.024478,
    "C17884": 0.75916,
    "C18163": 0.008797,
    "C18309": 0.093422,
    "C18380": 0.013226,
    "C18686": 0.020898,
    "C18791": 0.026489,
    "C19119": 0.075092,
    "C19780": 0.1061,
    "C2003": 0.018387,
    "C20430": 0.00868,
    "C20800": 0.016172,
    "C21172": 0.080862,
    "C2143": 0.013144,
    "C2208": 0.009234,
    "C22390": 0.019794,
    "C2259": 0.001876,
    "C23574": 0.016884,
    "C23663": 0.0,
    "C23876": 0.021601,
    "C25275": 0.050429,
    "C25755": 0.010086,
    "C26077": 0.045941,
    "C26808": 0.153214,
    "C26905": 0.004545,
    "C27022": 0.040274,
    "C27065": 0.033209,
    "C27499": 0.052849,
    "C27766": 0.00695,
    "C29297": 0.015765,
    "C29378": 0.00739,
    "C29440": 0.020469,
    "C31062": 0.062138,
    "C3131": 0.023436,