{
  "arch": "gru_baseline",
  "lob": "private_passenger_auto",
  "config_idx": 40,
  "dropout_rate": 0.0843,
  "learning_rate": 0.0032406,
  "batch_size": 1024,
  "max_epochs": 500,
  "gru_units": 64,
  "dense_units": 32,
  "mape": 0.022751137900777655,
  "rmspe": 0.08228602969921366,
  "n_companies": 122,
  "n_filtered": 0,
  "mape_std": 0.05817355177983138,
  "mape_p25": 0.005323222451120115,
  "mape_p75": 0.025020891082911383,
  "training_time": 14.66,
  "epochs_trained": 201,
  "best_val_loss": 0.006158065982162952,
  "train_loss_curve": [
    0.054677,
    0.037232,
    0.037117,
    0.042519,
    0.034757,
    0.034284,
    0.033193,
    0.033354,
    0.032519,
    0.034156,
    0.036178,
    0.029664,
    0.030153,
    0.029807,
    0.027262,
    0.02926,
    0.04283,
    0.028036,
    0.026305,
    0.024974,
    0.025295,
    0.024434,
    0.02541,
    0.024481,
    0.024597,
    0.0254,
    0.024305,
    0.023716,
    0.021765,
    0.018864,
    0.020322,
    0.020607,
    0.020308,
    0.030135,
    0.022654,
    0.025735,
    0.017002,
    0.020407,
    0.020052,
    0.01873,
    0.017883,
    0.01849,
    0.024947,
    0.021935,
    0.016754,
    0.022011,
    0.016984,
    0.016731,
    0.0174,
    0.019878,
    0.014338,
    0.018475,
    0.015685,
    0.014812,
    0.014453,
    0.015199,
    0.017062,
    0.020882,
    0.020805,
    0.013051,
    0.014452,
    0.025986,
    0.011442,
    0.009668,
    0.01027,
    0.008478,
    0.008408,
    0.010529,
    0.01286,
    0.016239,
    0.016261,
    0.012145,
    0.010878,
    0.008216,
    0.007669,
    0.009793,
    0.006411,
    0.00986,
    0.010846,
    0.011164,
    0.006636,
    0.007199,
    0.008298,
    0.008943,
    0.014539,
    0.023616,
    0.01317,
    0.008215,
    0.006537,
    0.014847,
    0.009335,
    0.005922,
    0.00588,
    0.007113,
    0.013987,
    0.008875,
    0.00524,
    0.011238,
    0.008229,
    0.00973,
    0.013413,
    0.009275,
    0.012967,
    0.008205,
    0.012521,
    0.005852,
    0.007552,
    0.005886,
    0.020909,
    0.01142,
    0.020071,
    0.006498,
    0.005424,
    0.004367,
    0.011599,
    0.009861,
    0.010154,
    0.008989,
    0.00572,
    0.007775,
    0.006204,
    0.020888,
    0.013347,
    0.013324,
    0.027084,
    0.005225,
    0.025988,
    0.004879,
    0.01287,
    0.007067,
    0.011695,
    0.005441,
    0.004676,
    0.005061,
    0.004839,
    0.011202,
    0.004808,
    0.005563,
    0.005137,
    0.00496,
    0.014545,
    0.004711,
    0.007756,
    0.005489,
    0.005458,
    0.012146,
    0.005804,
    0.012706,
    0.005073,
    0.006153,
    0.01146,
    0.00476,
    0.007798,
    0.005462,
    0.006385,
    0.012327,
    0.004554,
    0.011688,
    0.004779,
    0.043245,
    0.004874,
    0.00601,
    0.00619,
    0.020686,
    0.005189,
    0.005126,
    0.009926,
    0.005888,
    0.005006,
    0.00657,
    0.00498,
    0.006794,
    0.004779,
    0.01772,
    0.018678,
    0.011708,
    0.005376,
    0.004876,
    0.006643,
    0.005642,
    0.004817,
    0.006112,
    0.00699,
    0.005801,
    0.005714,
    0.005603,
    0.007175,
    0.004886,
    0.004835,
    0.01183,
    0.011562,
    0.005056,
    0.020255,
    0.006286,
    0.011344,
    0.004952,
    0.02046,
    0.004913,
    0.006473,
    0.005877,
    0.006522
  ],
  "val_loss_curve": [
    0.006444,
    0.006404,
    0.006158,
    0.006297,
    0.006296,
    0.006861,
    0.00718,
    0.007568,
    0.008231,
    0.009363,
    0.010343,
    0.016114,
    0.017737,
    0.014148,
    0.02005,
    0.028383,
    0.022968,
    0.027519,
    0.037014,
    0.038476,
    0.041367,
    0.04224,
    0.045593,
    0.047953,
    0.045634,
    0.042847,
    0.036633,
    0.040577,
    0.050961,
    0.058199,
    0.053346,
    0.047447,
    0.044548,
    0.045751,
    0.047851,
    0.052298,
    0.052066,
    0.047977,
    0.042583,
    0.042645,
    0.051439,
    0.059171,
    0.062209,
    0.054567,
    0.046553,
    0.029823,
    0.025396,
    0.02949,
    0.028528,
    0.028661,
    0.036348,
    0.029358,
    0.019807,
    0.021115,
    0.021128,
    0.020135,
    0.019018,
    0.019854,
    0.023414,
    0.026327,
    0.02533,
    0.022747,
    0.024406,
    0.030695,
    0.033234,
    0.032271,
    0.032637,
    0.029969,
    0.02555,
    0.014194,
    0.013063,
    0.016624,
    0.022451,
    0.026817,
    0.029045,
    0.028834,
    0.024326,
    0.024369,
    0.025288,
    0.027675,
    0.027997,
    0.029312,
    0.026726,
    0.021581,
    0.017162,
    0.014753,
    0.013651,
    0.015509,
    0.014548,
    0.014924,
    0.018957,
    0.016834,
    0.013593,
    0.016721,
    0.018816,
    0.017423,
    0.009907,
    0.009771,
    0.010915,
    0.017599,
    0.021264,
    0.017541,
    0.013126,
    0.013436,
    0.013119,
    0.013169,
    0.012179,
    0.011629,
    0.010985,
    0.01058,
    0.011012,
    0.011478,
    0.011255,
    0.011152,
    0.011902,
    0.011572,
    0.010279,
    0.009903,
    0.010194,
    0.01044,
    0.010364,
    0.010085,
    0.009909,
    0.009679,
    0.009993,
    0.010779,
    0.011634,
    0.011177,
    0.010803,
    0.0102,
    0.009027,
    0.008856,
    0.00915,
    0.009027,
    0.008773,
    0.008529,
    0.008634,
    0.009571,
    0.010157,
    0.010147,
    0.009725,
    0.009773,
    0.010337,
    0.010692,
    0.009244,
    0.008328,
    0.007959,
    0.008816,
    0.009602,
    0.009575,
    0.009908,
    0.010389,
    0.010336,
    0.009553,
    0.009744,
    0.009712,
    0.009641,
    0.009581,
    0.00933,
    0.009215,
    0.009185,
    0.00914,
    0.008957,
    0.008692,
    0.008632,
    0.00853,
    0.008518,
    0.008735,
    0.008863,
    0.008979,
    0.009023,
    0.008984,
    0.008969,
    0.009075,
    0.009238,
    0.009326,
    0.009442,
    0.009732,
    0.010326,
    0.010724,
    0.010856,
    0.010792,
    0.010764,
    0.010438,
    0.010026,
    0.00971,
    0.009691,
    0.009572,
    0.009062,
    0.008819,
    0.008746,
    0.00876,
    0.008641,
    0.008522,
    0.008428,
    0.008254,
    0.008002,
    0.008059,
    0.008082,
    0.008141,
    0.008629
  ],
  "per_company_mape": {
    "C10007": 0.020737,
    "C10019": 0.058927,
    "C10022": 0.03721,
    "C10204": 0.092281,
    "C10308": 0.0,
    "C10336": 0.012372,
    "C1066": 0.036093,
    "C10783": 0.009131,
    "C10790": 0.01854,
    "C1090": 0.009251,
    "C11037": 0.01191,
    "C11126": 0.027173,
    "C11150": 0.003442,
    "C11231": 0.029801,
    "C12360": 0.006609,
    "C13420": 0.041495,
    "C13439": 0.016768,
    "C13501": 0.018797,
    "C13528": 0.0,
    "C13587": 0.035023,
    "C13595": 0.012929,
    "C13641": 0.000817,
    "C13781": 0.006166,
    "C13889": 0.028272,
    "C13943": 0.037533,
    "C14044": 0.049048,
    "C14176": 0.017568,
    "C14257": 0.021043,
    "C14311": 0.031529,
    "C14370": 0.0,
    "C14443": 0.008661,
    "C14550": 0.026776,
    "C14885": 0.005319,
    "C15024": 0.024463,
    "C15172": 7.4e-05,
    "C15199": 0.022327,
    "C15210": 0.03347,
    "C1538": 0.025884,
    "C15407": 0.064959,
    "C15997": 0.024827,
    "C16373": 0.002643,
    "C16799": 0.007868,
    "C1716": 0.003624,
    "C1767": 0.025784,
    "C17884": 0.627503,
    "C18163": 0.008797,
    "C18309": 0.024727,
    "C18380": 0.005174,
    "C18686": 0.013989,
    "C18791": 0.024871,
    "C19119": 0.006813,
    "C19780": 0.057078,
    "C2003": 0.017388,
    "C20430": 0.005819,
    "C20800": 0.0,
    "C21172": 0.026783,
    "C2143": 0.012582,
    "C2208": 0.008986,
    "C22390": 0.0,
    "C2259": 0.001876,
    "C23574": 0.017274,
    "C23663": 0.0,
    "C23876": 0.020293,
    "C25275": 0.020444,
    "C25755": 0.010086,
    "C26077": 0.045941,
    "C26808": 0.020777,
    "C26905": 0.001405,
    "C27022": 0.032121,
    "C27065": 0.006738,
    "C27499": 0.024133,
    "C27766": 0.003025,
    "C29297": 0.001066,
    "C29378": 0.0,
    "C29440": 0.030602,
    "C31062": 0.058097,
    "C3131": 0.002277,