{
  "arch": "gru_baseline",
  "lob": "private_passenger_auto",
  "config_idx": 56,
  "dropout_rate": 0.06306,
  "learning_rate": 0.0005675,
  "batch_size": 256,
  "max_epochs": 1000,
  "gru_units": 256,
  "dense_units": 64,
  "mape": 0.06991354690605149,
  "rmspe": 0.503841957306743,
  "n_companies": 121,
  "n_filtered": 7,
  "mape_std": 0.35251349404083715,
  "mape_p25": 0.018933738444792233,
  "mape_p75": 0.03942015860285717,
  "training_time": 35.67,
  "epochs_trained": 201,
  "best_val_loss": 0.006527298797404261,
  "train_loss_curve": [
    0.040337,
    0.038763,
    0.038749,
    0.037762,
    0.037779,
    0.03715,
    0.036937,
    0.037643,
    0.036785,
    0.036093,
    0.036932,
    0.036025,
    0.035895,
    0.036914,
    0.036612,
    0.036684,
    0.036054,
    0.035504,
    0.036231,
    0.035558,
    0.035476,
    0.036431,
    0.035711,
    0.034767,
    0.034881,
    0.03446,
    0.034161,
    0.033924,
    0.034294,
    0.033885,
    0.036605,
    0.034645,
    0.03442,
    0.034495,
    0.033642,
    0.033935,
    0.033922,
    0.034182,
    0.03305,
    0.032442,
    0.032759,
    0.032572,
    0.032441,
    0.033124,
    0.031628,
    0.032561,
    0.031212,
    0.031112,
    0.031725,
    0.030523,
    0.030731,
    0.031284,
    0.030607,
    0.028714,
    0.029398,
    0.029278,
    0.028458,
    0.02823,
    0.028393,
    0.037334,
    0.036227,
    0.029277,
    0.027952,
    0.026186,
    0.036532,
    0.030378,
    0.026979,
    0.02541,
    0.035563,
    0.025423,
    0.024797,
    0.02627,
    0.022561,
    0.022203,
    0.024256,
    0.024593,
    0.022258,
    0.025594,
    0.021221,
    0.022506,
    0.020434,
    0.021057,
    0.021122,
    0.020586,
    0.026213,
    0.020611,
    0.018868,
    0.020857,
    0.017797,
    0.020617,
    0.024326,
    0.033428,
    0.01909,
    0.018485,
    0.018589,
    0.017331,
    0.017616,
    0.017843,
    0.021524,
    0.018934,
    0.017842,
    0.016139,
    0.015629,
    0.022164,
    0.021437,
    0.017254,
    0.015924,
    0.016568,
    0.015633,
    0.017654,
    0.016315,
    0.01557,
    0.014297,
    0.014577,
    0.014313,
    0.020271,
    0.016387,
    0.014408,
    0.015372,
    0.013993,
    0.015524,
    0.013843,
    0.029837,
    0.013894,
    0.020907,
    0.013535,
    0.015917,
    0.01459,
    0.029545,
    0.013526,
    0.013953,
    0.013461,
    0.013758,
    0.013285,
    0.014043,
    0.013555,
    0.013659,
    0.013306,
    0.013066,
    0.013159,
    0.013498,
    0.013302,
    0.014452,
    0.029431,
    0.01375,
    0.013721,
    0.013417,
    0.012962,
    0.013289,
    0.01387,
    0.013429,
    0.012984,
    0.020219,
    0.013061,
    0.013424,
    0.013032,
    0.013528,
    0.014174,
    0.01339,
    0.016673,
    0.013703,
    0.01448,
    0.013692,
    0.013194,
    0.013097,
    0.013533,
    0.019855,
    0.016535,
    0.014661,
    0.013258,
    0.013837,
    0.014302,
    0.012903,
    0.013056,
    0.013051,
    0.013051,
    0.013583,
    0.029856,
    0.013393,
    0.013484,
    0.01293,
    0.012901,
    0.013138,
    0.01314,
    0.013218,
    0.013475,
    0.013038,
    0.013324,
    0.013174,
    0.012973,
    0.013268,
    0.013219,
    0.012965,
    0.013156,
    0.013158,
    0.01994,
    0.013953,
    0.019902,
    0.012834,
    0.013218,
    0.013338
  ],
  "val_loss_curve": [
    0.007014,
    0.006739,
    0.006944,
    0.006833,
    0.006793,
    0.006861,
    0.007091,
    0.006803,
    0.006711,
    0.006719,
    0.006704,
    0.006668,
    0.006877,
    0.006633,
    0.006726,
    0.006846,
    0.0069,
    0.00664,
    0.006578,
    0.006696,
    0.007025,
    0.006607,
    0.006678,
    0.006737,
    0.006527,
    0.00674,
    0.006789,
    0.006588,
    0.00664,
    0.006892,
    0.006759,
    0.006671,
    0.006806,
    0.006668,
    0.00677,
    0.006618,
    0.007016,
    0.006759,
    0.00659,
    0.006663,
    0.00693,
    0.006673,
    0.006609,
    0.006849,
    0.006984,
    0.006734,
    0.006961,
    0.006711,
    0.007164,
    0.006669,
    0.006964,
    0.007548,
    0.006773,
    0.00698,
    0.010804,
    0.007846,
    0.007288,
    0.007111,
    0.007241,
    0.007315,
    0.006819,
    0.006954,
    0.006891,
    0.007124,
    0.00708,
    0.007052,
    0.007273,
    0.007053,
    0.006982,
    0.007072,
    0.006903,
    0.006985,
    0.006984,
    0.006902,
    0.006869,
    0.006958,
    0.007045,
    0.006873,
    0.006975,
    0.007108,
    0.006941,
    0.006932,
    0.006907,
    0.006977,
    0.007357,
    0.007292,
    0.007091,
    0.007756,
    0.007849,
    0.007674,
    0.00768,
    0.008312,
    0.008767,
    0.007224,
    0.007696,
    0.007383,
    0.007792,
    0.007988,
    0.00821,
    0.008103,
    0.008072,
    0.007618,
    0.007387,
    0.007256,
    0.007742,
    0.007656,
    0.0088,
    0.008481,
    0.007616,
    0.007253,
    0.007362,
    0.008057,
    0.007936,
    0.007899,
    0.007926,
    0.007891,
    0.008036,
    0.007668,
    0.007421,
    0.007761,
    0.008296,
    0.007427,
    0.008037,
    0.007829,
    0.007871,
    0.00774,
    0.007597,
    0.007606,
    0.007487,
    0.007538,
    0.007436,
    0.007687,
    0.007735,
    0.007677,
    0.007586,
    0.007648,
    0.00769,
    0.007669,
    0.007489,
    0.007432,
    0.00752,
    0.00751,
    0.007624,
    0.007358,
    0.007535,
    0.007712,
    0.007674,
    0.0077,
    0.007535,
    0.007565,
    0.007475,
    0.00743,
    0.00746,
    0.007509,
    0.007536,
    0.007383,
    0.007545,
    0.007755,
    0.007554,
    0.007542,
    0.007459,
    0.007349,
    0.007449,
    0.007375,
    0.007406,
    0.007343,
    0.007449,
    0.007467,
    0.0075,
    0.00765,
    0.00765,
    0.007604,
    0.007561,
    0.00742,
    0.007423,
    0.00737,
    0.007526,
    0.007427,
    0.007541,
    0.007521,
    0.007477,
    0.007417,
    0.007447,
    0.007458,
    0.007429,
    0.007416,
    0.007454,
    0.007467,
    0.007567,
    0.007487,
    0.00756,
    0.007447,
    0.007461,
    0.007441,
    0.00746,
    0.007433,
    0.007342,
    0.007376,
    0.007464,
    0.007481,
    0.007466
  ],
  "per_company_mape": {
    "C10007": 0.036065,
    "C10019": 0.06985,
    "C10022": 0.022722,
    "C10204": 0.021733,
    "C10308": 0.0,
    "C10336": 0.012688,
    "C1066": 0.03482,
    "C10783": 0.020204,
    "C10790": 0.015019,
    "C1090": 0.024755,
    "C11037": 0.006415,
    "C11126": 0.016837,
    "C11150": 3.851605,
    "C11231": 0.317487,
    "C12360": 0.027718,
    "C13420": 0.028161,
    "C13439": 0.037017,
    "C13501": 0.013256,
    "C13528": 0.048465,
    "C13587": 0.041706,
    "C13595": 0.038455,
    "C13641": 0.011354,
    "C13781": 0.098102,
    "C13889": 0.026443,
    "C13943": 0.022887,
    "C14044": 0.050023,
    "C14176": 0.029172,
    "C14257": 0.023533,
    "C14311": 0.057753,
    "C14370": 0.096947,
    "C14443": 0.03773,
    "C14550": 0.058231,
    "C14885": 0.043335,
    "C15024": 0.033905,
    "C15172": 0.031709,
    "C15199": 0.021861,
    "C15210": 0.045931,
    "C1538": 0.015082,
    "C15407": 0.016631,
    "C15997": 0.026438,
    "C16373": 0.040382,
    "C16799": 0.021554,
    "C1716": 0.039179,
    "C1767": 0.019304,
    "C17884": 0.637286,
    "C18163": 0.022444,
    "C18309": 0.073594,
    "C18380": 0.010677,
    "C18686": 0.016907,
    "C18791": 0.021632,
    "C19119": 0.067038,
    "C19780": 0.063783,
    "C2003": 0.019731,
    "C20430": 0.021987,
    "C20800": 0.0,
    "C21172": 0.046674,
    "C2143": 0.018934,
    "C2208": 0.011278,
    "C22390": 0.026726,
    "C2259": 0.021818,
    "C23574": 0.015788,
    "C23663": 0.0,
    "C23876": 0.008831,
    "C25275": 0.023983,
    "C25755": 0.025703,
    "C26077": 0.014579,
    "C26808": 0.020777,
    "C26905": 0.013056,
    "C27022": 0.039503,
    "C27065": 0.064942,
    "C27499": 0.0385,
    "C27766": 0.032161,
    "C29297": 0.028587,
    "C29378": 0.024288,
    "C29440": 0.021326,
    "C31062": 0.03942,
    "C3131": 0.03139,