{
  "arch": "gru_baseline",
  "lob": "private_passenger_auto",
  "config_idx": 8,
  "dropout_rate": 0.20562,
  "learning_rate": 0.0003065,
  "batch_size": 512,
  "max_epochs": 1000,
  "gru_units": 128,
  "dense_units": 64,
  "mape": 0.05599196507733583,
  "rmspe": 0.16866007143112996,
  "n_companies": 122,
  "n_filtered": 2,
  "mape_std": 0.11846003792120681,
  "mape_p25": 0.013114596534365629,
  "mape_p75": 0.05304677399512221,
  "training_time": 30.4,
  "epochs_trained": 201,
  "best_val_loss": 0.005833689181599766,
  "train_loss_curve": [
    0.041744,
    0.040732,
    0.040291,
    0.039637,
    0.039351,
    0.038906,
    0.038991,
    0.038534,
    0.039036,
    0.03789,
    0.037708,
    0.038333,
    0.037365,
    0.037598,
    0.037375,
    0.037173,
    0.037712,
    0.037681,
    0.03692,
    0.036794,
    0.036371,
    0.03597,
    0.036504,
    0.035582,
    0.036025,
    0.035802,
    0.036402,
    0.035321,
    0.035823,
    0.035956,
    0.036571,
    0.035347,
    0.036572,
    0.034855,
    0.034777,
    0.034093,
    0.034837,
    0.034482,
    0.034623,
    0.033782,
    0.033737,
    0.036395,
    0.035823,
    0.032637,
    0.035456,
    0.033393,
    0.03351,
    0.032691,
    0.032725,
    0.032438,
    0.037515,
    0.031973,
    0.033031,
    0.035705,
    0.032178,
    0.031647,
    0.031552,
    0.03171,
    0.035559,
    0.031729,
    0.03213,
    0.031483,
    0.031284,
    0.03071,
    0.030135,
    0.030933,
    0.029222,
    0.035653,
    0.030435,
    0.030642,
    0.030449,
    0.030601,
    0.030182,
    0.030815,
    0.029631,
    0.029623,
    0.030763,
    0.030405,
    0.028725,
    0.030312,
    0.029674,
    0.029632,
    0.029123,
    0.030424,
    0.031375,
    0.028635,
    0.028573,
    0.029296,
    0.029225,
    0.036109,
    0.030564,
    0.034347,
    0.028495,
    0.029568,
    0.031029,
    0.029377,
    0.02862,
    0.030476,
    0.030531,
    0.033773,
    0.029886,
    0.035472,
    0.034742,
    0.027652,
    0.028182,
    0.028434,
    0.028657,
    0.028644,
    0.031793,
    0.031831,
    0.028481,
    0.030915,
    0.029576,
    0.028308,
    0.028323,
    0.03021,
    0.028556,
    0.028387,
    0.027395,
    0.036349,
    0.029082,
    0.026749,
    0.029096,
    0.028312,
    0.027066,
    0.028827,
    0.029202,
    0.030931,
    0.030817,
    0.028118,
    0.026759,
    0.028282,
    0.029171,
    0.026748,
    0.03413,
    0.03542,
    0.029163,
    0.035607,
    0.02725,
    0.02652,
    0.028956,
    0.028062,
    0.03475,
    0.02752,
    0.027078,
    0.027824,
    0.028467,
    0.033388,
    0.030254,
    0.029592,
    0.027055,
    0.031387,
    0.026224,
    0.027884,
    0.026672,
    0.027204,
    0.027644,
    0.028483,
    0.028841,
    0.027842,
    0.033745,
    0.031082,
    0.029175,
    0.027488,
    0.032706,
    0.033738,
    0.029014,
    0.026265,
    0.028672,
    0.0371,
    0.026501,
    0.03004,
    0.027573,
    0.026792,
    0.026029,
    0.034747,
    0.029247,
    0.027103,
    0.030828,
    0.027518,
    0.028017,
    0.032905,
    0.036579,
    0.027867,
    0.032182,
    0.03552,
    0.027732,
    0.038207,
    0.034269,
    0.030894,
    0.027038,
    0.027926,
    0.027003,
    0.027387,
    0.028626,
    0.027171,
    0.027629,
    0.032605,
    0.026124,
    0.027109,
    0.027136
  ],
  "val_loss_curve": [
    0.006318,
    0.006202,
    0.006121,
    0.006012,
    0.005913,
    0.005924,
    0.005992,
    0.005834,
    0.00629,
    0.005893,
    0.005944,
    0.005952,
    0.005988,
    0.005955,
    0.006012,
    0.00606,
    0.006102,
    0.006108,
    0.006171,
    0.006261,
    0.006252,
    0.006496,
    0.006637,
    0.006677,
    0.006833,
    0.007222,
    0.007304,
    0.007409,
    0.007409,
    0.007492,
    0.007685,
    0.007673,
    0.007654,
    0.007372,
    0.007403,
    0.007872,
    0.008157,
    0.008444,
    0.009029,
    0.008989,
    0.009601,
    0.008786,
    0.00847,
    0.00841,
    0.008863,
    0.008943,
    0.010866,
    0.010968,
    0.010988,
    0.010925,
    0.010417,
    0.010231,
    0.010568,
    0.010634,
    0.011122,
    0.011396,
    0.011953,
    0.012304,
    0.013073,
    0.013232,
    0.013197,
    0.013702,
    0.01362,
    0.013939,
    0.014476,
    0.015029,
    0.015488,
    0.014713,
    0.014474,
    0.015061,
    0.015339,
    0.015862,
    0.016024,
    0.016324,
    0.016237,
    0.017209,
    0.017522,
    0.017408,
    0.017597,
    0.017963,
    0.017625,
    0.018066,
    0.018037,
    0.01838,
    0.019201,
    0.019211,
    0.019347,
    0.019562,
    0.020311,
    0.020137,
    0.019832,
    0.019746,
    0.019265,
    0.019288,
    0.019759,
    0.020543,
    0.021507,
    0.02178,
    0.021409,
    0.021044,
    0.020335,
    0.020706,
    0.020404,
    0.019985,
    0.02122,
    0.021634,
    0.023005,
    0.024101,
    0.024918,
    0.023298,
    0.023545,
    0.023689,
    0.023166,
    0.022947,
    0.022454,
    0.022949,
    0.023205,
    0.02345,
    0.023811,
    0.023783,
    0.023417,
    0.024057,
    0.024539,
    0.024776,
    0.025528,
    0.025613,
    0.025516,
    0.025305,
    0.024496,
    0.02447,
    0.024793,
    0.024952,
    0.025012,
    0.025503,
    0.025604,
    0.025196,
    0.024387,
    0.024407,
    0.024877,
    0.025354,
    0.025676,
    0.025673,
    0.025752,
    0.025968,
    0.026282,
    0.026171,
    0.026587,
    0.026364,
    0.02598,
    0.025891,
    0.02634,
    0.026003,
    0.026055,
    0.026385,
    0.026519,
    0.027469,
    0.027687,
    0.02747,
    0.027212,
    0.02763,
    0.027402,
    0.027194,
    0.027025,
    0.027337,
    0.027264,
    0.027026,
    0.026866,
    0.026881,
    0.027105,
    0.027069,
    0.026784,
    0.026629,
    0.02697,
    0.027369,
    0.027616,
    0.027674,
    0.027553,
    0.027607,
    0.027445,
    0.027489,
    0.027624,
    0.027436,
    0.027221,
    0.027266,
    0.02717,
    0.026996,
    0.02694,
    0.026736,
    0.026488,
    0.026399,
    0.026393,
    0.026636,
    0.026771,
    0.026884,
    0.027076,
    0.027459,
    0.027581,
    0.027563,
    0.027874,
    0.027986,
    0.02825
  ],
  "per_company_mape": {
    "C10007": 0.069225,
    "C10019": 0.064211,
    "C10022": 0.034253,
    "C10204": 0.016635,
    "C10308": 0.123135,
    "C10336": 0.013031,
    "C1066": 0.036093,
    "C10783": 0.112236,
    "C10790": 0.028546,
    "C1090": 0.009341,
    "C11037": 0.01191,
    "C11126": 0.028317,
    "C11150": 0.036462,
    "C11231": 1.07148,
    "C12360": 0.038285,
    "C13420": 0.055616,
    "C13439": 0.016768,
    "C13501": 0.018797,
    "C13528": 0.0,
    "C13587": 0.027286,
    "C13595": 0.012929,
    "C13641": 0.000817,
    "C13781": 0.011105,
    "C13889": 0.028272,
    "C13943": 0.037533,
    "C14044": 0.049048,
    "C14176": 0.016324,
    "C14257": 0.021043,
    "C14311": 0.197069,
    "C14370": 0.0,
    "C14443": 0.026065,
    "C14550": 0.0241,
    "C14885": 0.005319,
    "C15024": 0.077217,
    "C15172": 0.023584,
    "C15199": 0.022327,
    "C15210": 0.15126,
    "C1538": 0.021558,
    "C15407": 0.029463,
    "C15997": 0.024827,
    "C16373": 0.013697,
    "C16799": 0.032059,
    "C1716": 0.004342,
    "C1767": 0.015535,
    "C17884": 0.627503,
    "C18163": 0.029307,
    "C18309": 0.202019,
    "C18380": 0.068455,
    "C18686": 0.017685,
    "C18791": 0.024871,
    "C19119": 0.23495,
    "C19780": 0.057078,
    "C2003": 0.017388,
    "C20430": 0.021904,
    "C20800": 0.0,
    "C21172": 0.026783,
    "C2143": 0.018031,
    "C2208": 0.014499,
    "C22390": 0.006846,
    "C2259": 0.042557,
    "C23574": 0.011352,
    "C23663": 0.024482,
    "C23876": 0.020293,
    "C25275": 0.110501,
    "C25755": 0.022369,
    "C26077": 0.045941,
    "C26808": 0.017974,
    "C26905": 0.001614,
    "C27022": 0.069944,
    "C27065": 0.006738,
    "C27499": 0.024133,
    "C27766": 0.003025,
    "C29297": 0.012794,
    "C29378": 0.073552,
    "C29440": 0.041624,
    "C31062": 0.062092,