{
  "arch": "gru_baseline",
  "lob": "private_passenger_auto",
  "config_idx": 19,
  "dropout_rate": 0.11428,
  "learning_rate": 0.0005975,
  "batch_size": 1024,
  "max_epochs": 1000,
  "gru_units": 256,
  "dense_units": 32,
  "mape": 0.03796019853876132,
  "rmspe": 0.09152594821537446,
  "n_companies": 121,
  "n_filtered": 7,
  "mape_std": 0.06244523351674611,
  "mape_p25": 0.009536194698314614,
  "mape_p75": 0.04775635973052293,
  "training_time": 20.5,
  "epochs_trained": 201,
  "best_val_loss": 0.00600389507599175,
  "train_loss_curve": [
    0.03924,
    0.037275,
    0.044276,
    0.037534,
    0.035987,
    0.04359,
    0.03586,
    0.044963,
    0.036063,
    0.043123,
    0.034858,
    0.035143,
    0.034927,
    0.034466,
    0.0413,
    0.035027,
    0.033502,
    0.034329,
    0.033801,
    0.048578,
    0.03827,
    0.032942,
    0.032728,
    0.047592,
    0.034679,
    0.038012,
    0.032059,
    0.030863,
    0.032541,
    0.029793,
    0.032131,
    0.03091,
    0.030795,
    0.029994,
    0.029981,
    0.029434,
    0.042908,
    0.029252,
    0.02978,
    0.028241,
    0.037151,
    0.041417,
    0.029323,
    0.041415,
    0.032452,
    0.027718,
    0.032871,
    0.02795,
    0.028376,
    0.04077,
    0.028931,
    0.038848,
    0.040829,
    0.026277,
    0.027256,
    0.02708,
    0.025325,
    0.025268,
    0.033567,
    0.038087,
    0.034132,
    0.027662,
    0.025078,
    0.025402,
    0.023574,
    0.023718,
    0.023569,
    0.039448,
    0.030108,
    0.033391,
    0.030149,
    0.025353,
    0.023697,
    0.023374,
    0.030204,
    0.030518,
    0.023238,
    0.026091,
    0.02291,
    0.022191,
    0.022284,
    0.022449,
    0.024125,
    0.022087,
    0.025063,
    0.021572,
    0.021677,
    0.021581,
    0.022143,
    0.023977,
    0.021808,
    0.023428,
    0.021906,
    0.026587,
    0.034393,
    0.02285,
    0.028346,
    0.02139,
    0.034341,
    0.023183,
    0.021974,
    0.031303,
    0.028721,
    0.022724,
    0.030538,
    0.020263,
    0.027528,
    0.021749,
    0.027911,
    0.028926,
    0.019775,
    0.022559,
    0.020727,
    0.021112,
    0.022059,
    0.020448,
    0.029862,
    0.020362,
    0.027304,
    0.035447,
    0.027052,
    0.029866,
    0.027199,
    0.022424,
    0.028124,
    0.021798,
    0.025418,
    0.020103,
    0.019441,
    0.019417,
    0.022532,
    0.020709,
    0.021698,
    0.020864,
    0.024398,
    0.019962,
    0.022303,
    0.02128,
    0.019974,
    0.021189,
    0.02095,
    0.020782,
    0.021056,
    0.019645,
    0.02084,
    0.03162,
    0.021682,
    0.020262,
    0.037748,
    0.01996,
    0.02221,
    0.02064,
    0.019061,
    0.019227,
    0.019602,
    0.019492,
    0.020996,
    0.027901,
    0.025232,
    0.020586,
    0.027149,
    0.019628,
    0.020711,
    0.019588,
    0.018935,
    0.026712,
    0.021233,
    0.019843,
    0.019879,
    0.019314,
    0.01765,
    0.019142,
    0.019144,
    0.026578,
    0.026857,
    0.025563,
    0.025667,
    0.027987,
    0.023533,
    0.018864,
    0.018247,
    0.019734,
    0.030615,
    0.034851,
    0.027302,
    0.020597,
    0.020748,
    0.026459,
    0.021168,
    0.034093,
    0.019897,
    0.019452,
    0.020726,
    0.025595,
    0.02086,
    0.019364,
    0.024321,
    0.021367,
    0.021334,
    0.027276,
    0.019473
  ],
  "val_loss_curve": [
    0.00644,
    0.006375,
    0.006219,
    0.006494,
    0.006316,
    0.006307,
    0.006193,
    0.00605,
    0.006094,
    0.006063,
    0.006243,
    0.006004,
    0.006034,
    0.00619,
    0.006273,
    0.006503,
    0.007147,
    0.007527,
    0.008558,
    0.009001,
    0.00997,
    0.013239,
    0.013711,
    0.012338,
    0.010342,
    0.009633,
    0.012996,
    0.017658,
    0.018243,
    0.017141,
    0.017262,
    0.018231,
    0.018817,
    0.01991,
    0.020701,
    0.024862,
    0.020113,
    0.021784,
    0.022187,
    0.025403,
    0.028012,
    0.02399,
    0.023369,
    0.024883,
    0.022236,
    0.020701,
    0.020022,
    0.024937,
    0.031856,
    0.030213,
    0.030313,
    0.037574,
    0.043892,
    0.042852,
    0.040698,
    0.038253,
    0.036858,
    0.044521,
    0.053219,
    0.055098,
    0.048827,
    0.046626,
    0.059828,
    0.062213,
    0.058567,
    0.057964,
    0.063049,
    0.062744,
    0.064565,
    0.062622,
    0.061848,
    0.063569,
    0.060302,
    0.060494,
    0.058306,
    0.055753,
    0.0545,
    0.052571,
    0.050762,
    0.05138,
    0.053065,
    0.056753,
    0.060544,
    0.064114,
    0.065431,
    0.070056,
    0.071386,
    0.07143,
    0.074492,
    0.078493,
    0.078382,
    0.07814,
    0.075061,
    0.072868,
    0.06908,
    0.070499,
    0.075365,
    0.076075,
    0.072667,
    0.068793,
    0.066019,
    0.069661,
    0.071804,
    0.072666,
    0.074893,
    0.079455,
    0.085245,
    0.087869,
    0.090916,
    0.089106,
    0.08838,
    0.086495,
    0.086119,
    0.085005,
    0.086792,
    0.088237,
    0.087134,
    0.087615,
    0.08657,
    0.085594,
    0.087669,
    0.086866,
    0.08624,
    0.084695,
    0.083034,
    0.083645,
    0.085178,
    0.086695,
    0.086536,
    0.085663,
    0.084411,
    0.084851,
    0.084575,
    0.086553,
    0.085175,
    0.081285,
    0.078768,
    0.077244,
    0.079189,
    0.079851,
    0.08289,
    0.084377,
    0.085025,
    0.087221,
    0.089141,
    0.088882,
    0.089192,
    0.088799,
    0.088773,
    0.087404,
    0.08867,
    0.091792,
    0.093791,
    0.092646,
    0.090288,
    0.088064,
    0.085392,
    0.085619,
    0.088708,
    0.09047,
    0.091486,
    0.093745,
    0.094676,
    0.095392,
    0.095782,
    0.094694,
    0.093356,
    0.093069,
    0.09368,
    0.09395,
    0.093992,
    0.094137,
    0.094039,
    0.093572,
    0.093436,
    0.093502,
    0.094532,
    0.095116,
    0.094976,
    0.093805,
    0.093224,
    0.093287,
    0.091204,
    0.089552,
    0.088237,
    0.089154,
    0.088259,
    0.088893,
    0.08913,
    0.089407,
    0.09093,
    0.092445,
    0.092653,
    0.093028,
    0.093055,
    0.092372,
    0.092591,
    0.09351,
    0.096388,
    0.09722,
    0.097157
  ],
  "per_company_mape": {
    "C10007": 0.084888,
    "C10019": 0.063815,
    "C10022": 0.0256,
    "C10204": 0.015452,
    "C10308": 0.110705,
    "C10336": 0.011611,
    "C1066": 0.032978,
    "C10783": 0.090698,
    "C10790": 0.01854,
    "C1090": 0.006841,
    "C11037": 0.001763,
    "C11126": 0.065328,
    "C11150": 0.073771,
    "C11231": 0.009536,
    "C12360": 0.006382,
    "C13420": 0.026182,
    "C13439": 0.008854,
    "C13501": 0.017526,
    "C13528": 0.047756,
    "C13587": 0.032241,
    "C13595": 0.012929,
    "C13641": 0.082993,
    "C13781": 0.006166,
    "C13889": 0.012617,
    "C13943": 0.019931,
    "C14044": 0.039618,
    "C14176": 0.081878,
    "C14257": 0.021739,
    "C14311": 0.070964,
    "C14370": 0.101331,
    "C14443": 0.010808,
    "C14550": 0.020842,
    "C14885": 0.005319,
    "C15024": 0.00984,
    "C15172": 7.4e-05,
    "C15199": 0.022247,
    "C15210": 0.025431,
    "C1538": 0.00823,
    "C15407": 0.103945,
    "C15997": 0.015475,
    "C16373": 0.002643,
    "C16799": 0.030323,
    "C1716": 0.036183,
    "C1767": 0.017073,
    "C17884": 0.627503,
    "C18163": 0.008797,
    "C18309": 0.06362,
    "C18380": 0.005174,
    "C18686": 0.032575,
    "C18791": 0.111404,
    "C19119": 0.006082,
    "C19780": 0.02746,
    "C2003": 0.017071,
    "C20430": 0.00576,
    "C20800": 0.0,
    "C21172": 0.128013,
    "C2143": 0.035122,
    "C2208": 0.024713,
    "C22390": 0.012949,
    "C2259": 0.001876,
    "C23574": 0.017274,
    "C23663": 0.015726,
    "C23876": 0.011862,
    "C25275": 0.035954,
    "C25755": 0.024214,
    "C26077": 0.019755,
    "C26808": 0.085955,
    "C26905": 0.014459,
    "C27022": 0.030464,
    "C27065": 0.072207,
    "C27499": 0.050177,
    "C27766": 0.080478,
    "C29297": 0.130793,
    "C29378": 0.0,
    "C29440": 0.010869,
    "C31062": 0.040646,