{
  "arch": "gru_baseline",
  "lob": "private_passenger_auto",
  "config_idx": 36,
  "dropout_rate": 0.2515,
  "learning_rate": 0.0030496,
  "batch_size": 1024,
  "max_epochs": 500,
  "gru_units": 128,
  "dense_units": 128,
  "mape": 0.05064699108794298,
  "rmspe": 0.13967958738067082,
  "n_companies": 122,
  "n_filtered": 5,
  "mape_std": 0.0944034072603109,
  "mape_p25": 0.018389847205916656,
  "mape_p75": 0.054467849986144776,
  "training_time": 16.91,
  "epochs_trained": 201,
  "best_val_loss": 0.006414523173589259,
  "train_loss_curve": [
    0.039267,
    0.05343,
    0.036614,
    0.035625,
    0.041658,
    0.035907,
    0.035101,
    0.035189,
    0.034558,
    0.032827,
    0.04099,
    0.034186,
    0.037873,
    0.046322,
    0.030008,
    0.029086,
    0.042596,
    0.036635,
    0.030708,
    0.025824,
    0.027553,
    0.026148,
    0.025566,
    0.029222,
    0.026443,
    0.028486,
    0.035556,
    0.026919,
    0.028197,
    0.03042,
    0.025026,
    0.024867,
    0.026518,
    0.022967,
    0.024122,
    0.029591,
    0.031308,
    0.026468,
    0.021379,
    0.022156,
    0.032838,
    0.021451,
    0.032657,
    0.0256,
    0.020891,
    0.021634,
    0.025948,
    0.02234,
    0.028725,
    0.02323,
    0.020687,
    0.020346,
    0.021606,
    0.022512,
    0.020591,
    0.028823,
    0.024792,
    0.031747,
    0.020339,
    0.022108,
    0.021232,
    0.013824,
    0.015529,
    0.024748,
    0.015923,
    0.063139,
    0.033302,
    0.026636,
    0.01592,
    0.016451,
    0.015745,
    0.027733,
    0.026356,
    0.023621,
    0.023931,
    0.02577,
    0.026991,
    0.016322,
    0.029095,
    0.034554,
    0.034134,
    0.016241,
    0.019277,
    0.020161,
    0.021041,
    0.015747,
    0.040004,
    0.017467,
    0.018237,
    0.030606,
    0.023774,
    0.024798,
    0.020283,
    0.016712,
    0.031034,
    0.011405,
    0.017709,
    0.047008,
    0.020028,
    0.02405,
    0.019306,
    0.015636,
    0.019815,
    0.015005,
    0.013533,
    0.01812,
    0.014371,
    0.023025,
    0.016693,
    0.010896,
    0.035338,
    0.009194,
    0.01605,
    0.008415,
    0.029167,
    0.027277,
    0.013706,
    0.011282,
    0.010655,
    0.025782,
    0.015047,
    0.021357,
    0.011399,
    0.014494,
    0.008525,
    0.009162,
    0.015709,
    0.017736,
    0.016322,
    0.023479,
    0.012473,
    0.02339,
    0.009221,
    0.020358,
    0.014954,
    0.013245,
    0.00962,
    0.014147,
    0.017211,
    0.027951,
    0.028224,
    0.023118,
    0.019427,
    0.01786,
    0.035305,
    0.009802,
    0.012512,
    0.010149,
    0.007458,
    0.009844,
    0.007534,
    0.014115,
    0.009413,
    0.015485,
    0.014073,
    0.012045,
    0.031508,
    0.02983,
    0.010313,
    0.017877,
    0.015259,
    0.017896,
    0.014806,
    0.007659,
    0.014421,
    0.01731,
    0.03255,
    0.00772,
    0.021062,
    0.028133,
    0.009243,
    0.006068,
    0.022131,
    0.013543,
    0.009207,
    0.012573,
    0.006704,
    0.027944,
    0.025635,
    0.023475,
    0.009065,
    0.017676,
    0.021989,
    0.008333,
    0.007829,
    0.007942,
    0.015804,
    0.014598,
    0.022643,
    0.007459,
    0.007356,
    0.014844,
    0.023765,
    0.013216,
    0.020502,
    0.012691,
    0.026125,
    0.007738,
    0.027546,
    0.006749,
    0.023003
  ],
  "val_loss_curve": [
    0.006415,
    0.007662,
    0.006437,
    0.006582,
    0.006696,
    0.007583,
    0.007389,
    0.007157,
    0.007097,
    0.007075,
    0.008232,
    0.008291,
    0.00855,
    0.010722,
    0.020184,
    0.015992,
    0.016489,
    0.029246,
    0.02579,
    0.022461,
    0.025277,
    0.038673,
    0.042465,
    0.016584,
    0.014685,
    0.014879,
    0.023865,
    0.015564,
    0.014619,
    0.019515,
    0.024532,
    0.031281,
    0.028138,
    0.029276,
    0.029736,
    0.027422,
    0.024559,
    0.024368,
    0.028542,
    0.03685,
    0.040623,
    0.035167,
    0.021182,
    0.028773,
    0.035713,
    0.05892,
    0.038307,
    0.009218,
    0.009991,
    0.020655,
    0.025335,
    0.029831,
    0.029683,
    0.028287,
    0.021958,
    0.01755,
    0.014436,
    0.014179,
    0.023067,
    0.028397,
    0.032927,
    0.032147,
    0.031012,
    0.027309,
    0.01923,
    0.014153,
    0.013545,
    0.015381,
    0.013448,
    0.012486,
    0.014969,
    0.016554,
    0.016536,
    0.015068,
    0.015422,
    0.016024,
    0.016453,
    0.01228,
    0.009928,
    0.009024,
    0.008668,
    0.009303,
    0.010256,
    0.013201,
    0.014566,
    0.014122,
    0.011774,
    0.010282,
    0.008655,
    0.007824,
    0.007486,
    0.008897,
    0.009051,
    0.007979,
    0.007796,
    0.008289,
    0.008237,
    0.007282,
    0.007136,
    0.007195,
    0.00731,
    0.008384,
    0.012134,
    0.011591,
    0.010291,
    0.008834,
    0.007525,
    0.007287,
    0.007381,
    0.007752,
    0.00848,
    0.008896,
    0.008577,
    0.008459,
    0.00774,
    0.007133,
    0.007,
    0.006995,
    0.00699,
    0.007064,
    0.007102,
    0.00716,
    0.007286,
    0.00727,
    0.007643,
    0.007606,
    0.007047,
    0.006848,
    0.006946,
    0.007063,
    0.007105,
    0.007092,
    0.007354,
    0.007496,
    0.007674,
    0.007958,
    0.007731,
    0.007793,
    0.007508,
    0.007487,
    0.007414,
    0.007421,
    0.008082,
    0.012392,
    0.015548,
    0.016468,
    0.016262,
    0.014791,
    0.013201,
    0.012375,
    0.012272,
    0.013283,
    0.014184,
    0.014512,
    0.014029,
    0.012566,
    0.011756,
    0.011269,
    0.011083,
    0.011142,
    0.01071,
    0.010404,
    0.010292,
    0.01032,
    0.010894,
    0.010998,
    0.011055,
    0.010878,
    0.010475,
    0.010174,
    0.009846,
    0.009632,
    0.009663,
    0.0098,
    0.010038,
    0.010289,
    0.010842,
    0.011539,
    0.011068,
    0.011037,
    0.011353,
    0.011506,
    0.011536,
    0.011489,
    0.011157,
    0.011565,
    0.010437,
    0.009317,
    0.008376,
    0.007968,
    0.007913,
    0.007898,
    0.007848,
    0.007914,
    0.007936,
    0.007895,
    0.007802,
    0.007599,
    0.007386,
    0.007345,
    0.007371
  ],
  "per_company_mape": {
    "C10007": 0.059258,
    "C10019": 0.069204,
    "C10022": 0.05868,
    "C10204": 0.036604,
    "C10308": 0.0,
    "C10336": 0.029984,
    "C1066": 0.035983,
    "C10783": 0.015171,
    "C10790": 0.032192,
    "C1090": 0.009563,
    "C11037": 0.019632,
    "C11126": 0.02717,
    "C11150": 0.809951,
    "C11231": 0.154495,
    "C12360": 0.023908,
    "C13420": 0.049067,
    "C13439": 0.022042,
    "C13501": 0.024767,
    "C13528": 0.022567,
    "C13587": 0.077991,
    "C13595": 0.013095,
    "C13641": 0.018883,
    "C13781": 0.00669,
    "C13889": 0.041129,
    "C13943": 0.054518,
    "C14044": 0.067001,
    "C14176": 0.017568,
    "C14257": 0.030072,
    "C14311": 0.018651,
    "C14370": 0.10181,
    "C14443": 0.021294,
    "C14550": 0.038589,
    "C14885": 0.195623,
    "C15024": 0.014975,
    "C15172": 0.035613,
    "C15199": 0.029969,
    "C15210": 0.103727,
    "C1538": 0.042745,
    "C15407": 0.075703,
    "C15997": 0.024827,
    "C16373": 0.066194,
    "C16799": 0.019334,
    "C1716": 0.058015,
    "C1767": 0.052844,
    "C17884": 0.649441,
    "C18163": 0.008362,
    "C18309": 0.02835,
    "C18380": 0.005174,
    "C18686": 0.042642,
    "C18791": 0.031343,
    "C19119": 0.023876,
    "C19780": 0.054318,
    "C2003": 0.059296,
    "C20430": 0.018303,
    "C20800": 0.032348,
    "C21172": 0.157028,
    "C2143": 0.054893,
    "C2208": 0.062135,
    "C22390": 0.008916,
    "C2259": 0.05687,
    "C23574": 0.017013,
    "C23663": 0.0,
    "C23876": 0.023587,
    "C25275": 0.016887,
    "C25755": 0.008726,
    "C26077": 0.031175,
    "C26808": 0.052028,
    "C26905": 0.007086,
    "C27022": 0.052723,
    "C27065": 0.047993,
    "C27499": 0.058084,
    "C27766": 0.003025,
    "C29297": 0.043726,
    "C29378": 0.022055,
    "C29440": 0.012079,
    "C31062": 0.050581,