{
  "arch": "gru_baseline",
  "lob": "private_passenger_auto",
  "config_idx": 80,
  "dropout_rate": 0.20913,
  "learning_rate": 0.0003179,
  "batch_size": 512,
  "max_epochs": 500,
  "gru_units": 128,
  "dense_units": 32,
  "mape": 0.04739110417478764,
  "rmspe": 0.11491193238908486,
  "n_companies": 121,
  "n_filtered": 5,
  "mape_std": 0.07644846582330754,
  "mape_p25": 0.009448342241731788,
  "mape_p75": 0.05612598902692644,
  "training_time": 21.18,
  "epochs_trained": 201,
  "best_val_loss": 0.005850434597959975,
  "train_loss_curve": [
    0.042263,
    0.041119,
    0.040486,
    0.039801,
    0.039434,
    0.039556,
    0.039067,
    0.039608,
    0.038582,
    0.038344,
    0.038271,
    0.037994,
    0.038484,
    0.038748,
    0.038092,
    0.037782,
    0.038384,
    0.038082,
    0.037352,
    0.037171,
    0.03745,
    0.037378,
    0.03757,
    0.038111,
    0.036726,
    0.037943,
    0.036802,
    0.03708,
    0.036537,
    0.037976,
    0.036912,
    0.036477,
    0.035933,
    0.036801,
    0.036816,
    0.03541,
    0.035488,
    0.035563,
    0.034946,
    0.034343,
    0.034491,
    0.035093,
    0.036041,
    0.033875,
    0.034596,
    0.036324,
    0.034467,
    0.035628,
    0.034302,
    0.03341,
    0.034006,
    0.032923,
    0.033893,
    0.034265,
    0.034388,
    0.032411,
    0.0329,
    0.031164,
    0.032736,
    0.036528,
    0.036009,
    0.035481,
    0.031276,
    0.032698,
    0.03153,
    0.031253,
    0.031439,
    0.030943,
    0.030286,
    0.031973,
    0.032133,
    0.031555,
    0.030343,
    0.034766,
    0.030387,
    0.029984,
    0.030543,
    0.034137,
    0.035112,
    0.034055,
    0.031313,
    0.031086,
    0.029633,
    0.03527,
    0.036161,
    0.029159,
    0.029527,
    0.031031,
    0.030609,
    0.033802,
    0.028635,
    0.030227,
    0.030663,
    0.030661,
    0.032774,
    0.029227,
    0.030992,
    0.035468,
    0.030027,
    0.030849,
    0.028521,
    0.028502,
    0.029612,
    0.030584,
    0.028706,
    0.028919,
    0.028415,
    0.029781,
    0.034527,
    0.028783,
    0.028179,
    0.029107,
    0.027149,
    0.028851,
    0.034404,
    0.027552,
    0.027467,
    0.028933,
    0.033577,
    0.027104,
    0.0302,
    0.031215,
    0.026634,
    0.02757,
    0.026971,
    0.029587,
    0.026551,
    0.033214,
    0.029682,
    0.029014,
    0.036008,
    0.028079,
    0.02979,
    0.034477,
    0.030398,
    0.030005,
    0.026731,
    0.031265,
    0.029024,
    0.028574,
    0.029127,
    0.026756,
    0.030347,
    0.027847,
    0.027868,
    0.030688,
    0.026978,
    0.025398,
    0.028682,
    0.035537,
    0.025944,
    0.027863,
    0.026451,
    0.026635,
    0.028888,
    0.035112,
    0.026695,
    0.034168,
    0.026236,
    0.027738,
    0.030806,
    0.026552,
    0.026877,
    0.031738,
    0.028679,
    0.026857,
    0.026703,
    0.029045,
    0.027421,
    0.030825,
    0.03479,
    0.027502,
    0.028615,
    0.025948,
    0.032119,
    0.02559,
    0.026731,
    0.026802,
    0.026515,
    0.027729,
    0.033773,
    0.030461,
    0.026056,
    0.032907,
    0.028943,
    0.032416,
    0.034429,
    0.027518,
    0.035027,
    0.034415,
    0.025902,
    0.026525,
    0.026521,
    0.033986,
    0.029365,
    0.029258,
    0.026303,
    0.028986,
    0.028783,
    0.033057,
    0.02776
  ],
  "val_loss_curve": [
    0.006444,
    0.006261,
    0.006114,
    0.006026,
    0.005987,
    0.005958,
    0.005899,
    0.005919,
    0.00595,
    0.005905,
    0.005855,
    0.005918,
    0.005931,
    0.005899,
    0.00591,
    0.005855,
    0.005907,
    0.005858,
    0.005927,
    0.00585,
    0.005888,
    0.005881,
    0.005989,
    0.005958,
    0.006004,
    0.006081,
    0.005996,
    0.005987,
    0.006013,
    0.006013,
    0.006116,
    0.006171,
    0.006148,
    0.006251,
    0.00625,
    0.006493,
    0.006622,
    0.00693,
    0.006869,
    0.007151,
    0.007205,
    0.007563,
    0.007423,
    0.007167,
    0.007921,
    0.007648,
    0.007515,
    0.007587,
    0.007441,
    0.008197,
    0.008762,
    0.008807,
    0.00931,
    0.009205,
    0.00952,
    0.008975,
    0.009664,
    0.010574,
    0.010463,
    0.009949,
    0.009595,
    0.009264,
    0.009679,
    0.009737,
    0.010488,
    0.010776,
    0.01202,
    0.012373,
    0.012559,
    0.012008,
    0.01292,
    0.013218,
    0.013275,
    0.013051,
    0.01273,
    0.012908,
    0.013074,
    0.013047,
    0.01235,
    0.012288,
    0.012605,
    0.013648,
    0.013987,
    0.014012,
    0.013489,
    0.013392,
    0.013704,
    0.01461,
    0.014445,
    0.014393,
    0.014137,
    0.01453,
    0.0151,
    0.015223,
    0.014849,
    0.014845,
    0.014821,
    0.01451,
    0.013856,
    0.014182,
    0.014511,
    0.014552,
    0.014812,
    0.015265,
    0.015366,
    0.015855,
    0.015822,
    0.015336,
    0.015352,
    0.015656,
    0.016446,
    0.016259,
    0.017163,
    0.017827,
    0.017742,
    0.017708,
    0.017951,
    0.017303,
    0.017335,
    0.017439,
    0.01811,
    0.017907,
    0.018011,
    0.018358,
    0.018502,
    0.018673,
    0.018805,
    0.019059,
    0.019265,
    0.019499,
    0.019687,
    0.019618,
    0.019763,
    0.019549,
    0.019229,
    0.019215,
    0.019148,
    0.019308,
    0.01955,
    0.019653,
    0.019822,
    0.020137,
    0.020488,
    0.020454,
    0.020606,
    0.020753,
    0.02083,
    0.020754,
    0.021036,
    0.021087,
    0.021069,
    0.020825,
    0.021051,
    0.021098,
    0.021103,
    0.020959,
    0.020685,
    0.020273,
    0.02033,
    0.020398,
    0.02048,
    0.02019,
    0.020347,
    0.020238,
    0.020302,
    0.020071,
    0.02059,
    0.020553,
    0.020894,
    0.020886,
    0.020535,
    0.020376,
    0.020614,
    0.020717,
    0.020738,
    0.020803,
    0.020891,
    0.020815,
    0.020724,
    0.020817,
    0.020796,
    0.020604,
    0.020675,
    0.020608,
    0.020549,
    0.020541,
    0.0205,
    0.020473,
    0.020307,
    0.020211,
    0.020193,
    0.02025,
    0.020348,
    0.020493,
    0.020505,
    0.020602,
    0.020678,
    0.020574,
    0.020527,
    0.020559,
    0.020672
  ],
  "per_company_mape": {
    "C10007": 0.020737,
    "C10019": 0.059639,
    "C10022": 0.043181,
    "C10204": 0.056126,
    "C10308": 0.0,
    "C10336": 0.007091,
    "C1066": 0.100176,
    "C10783": 0.009131,
    "C10790": 0.027254,
    "C1090": 0.017196,
    "C11037": 0.01191,
    "C11126": 0.018613,
    "C11150": 0.0,
    "C11231": 0.0,
    "C12360": 0.015354,
    "C13420": 0.097527,
    "C13439": 0.145735,
    "C13501": 0.095561,
    "C13528": 0.196487,
    "C13587": 0.048734,
    "C13595": 0.012929,
    "C13641": 0.073726,
    "C13781": 0.006166,
    "C13889": 0.016406,
    "C13943": 0.089225,
    "C14044": 0.062418,
    "C14176": 0.017568,
    "C14257": 0.021043,
    "C14311": 0.031529,
    "C14370": 0.280821,
    "C14443": 0.05457,
    "C14550": 0.026776,
    "C14885": 0.005319,
    "C15024": 0.021841,
    "C15172": 0.101379,
    "C15199": 0.022327,
    "C15210": 0.158246,
    "C1538": 0.019316,
    "C15407": 0.173124,
    "C15997": 0.024827,
    "C16373": 0.014761,
    "C16799": 0.007868,
    "C1716": 0.003624,
    "C1767": 0.078086,
    "C17884": 0.627503,
    "C18163": 0.008797,
    "C18309": 0.019434,
    "C18380": 0.029784,
    "C18686": 0.041687,
    "C18791": 0.025404,
    "C19119": 0.006813,
    "C19780": 0.09209,
    "C2003": 0.106595,
    "C20430": 0.050816,
    "C20800": 0.052381,
    "C21172": 0.20012,
    "C2143": 0.01166,
    "C2208": 0.02789,
    "C22390": 0.004437,
    "C2259": 0.078003,
    "C23574": 0.017274,
    "C23663": 0.0,
    "C23876": 0.025689,
    "C25275": 0.020444,
    "C25755": 0.031691,
    "C26077": 0.019003,
    "C26808": 0.130793,
    "C26905": 0.001405,
    "C27022": 0.032121,
    "C27065": 0.010675,
    "C27499": 0.060906,
    "C27766": 0.003025,
    "C29297": 0.000768,
    "C29378": 0.0,
    "C29440": 0.029714,
    "C31062": 0.047057,
    "C3131": 0.022789,