{
  "arch": "gru_baseline",
  "lob": "private_passenger_auto",
  "config_idx": 18,
  "dropout_rate": 0.02991,
  "learning_rate": 0.0004914,
  "batch_size": 256,
  "max_epochs": 1000,
  "gru_units": 128,
  "dense_units": 32,
  "mape": 0.03191164135233178,
  "rmspe": 0.12839368944106225,
  "n_companies": 122,
  "n_filtered": 4,
  "mape_std": 0.0896279213749223,
  "mape_p25": 0.011395906509449173,
  "mape_p75": 0.02489590876757017,
  "training_time": 36.19,
  "epochs_trained": 201,
  "best_val_loss": 0.006604757683817297,
  "train_loss_curve": [
    0.040672,
    0.039031,
    0.03872,
    0.03784,
    0.037475,
    0.037307,
    0.037568,
    0.036922,
    0.036454,
    0.036391,
    0.036252,
    0.036129,
    0.035991,
    0.035986,
    0.035615,
    0.035415,
    0.035353,
    0.035328,
    0.035409,
    0.035011,
    0.03519,
    0.034621,
    0.034342,
    0.034539,
    0.035335,
    0.034168,
    0.033782,
    0.033923,
    0.033546,
    0.0343,
    0.033644,
    0.033324,
    0.033461,
    0.034267,
    0.032843,
    0.032908,
    0.032779,
    0.033164,
    0.032283,
    0.034536,
    0.032732,
    0.03177,
    0.034522,
    0.031818,
    0.031573,
    0.03195,
    0.03132,
    0.03143,
    0.031484,
    0.031245,
    0.030778,
    0.030629,
    0.030699,
    0.03082,
    0.031414,
    0.030372,
    0.030333,
    0.029564,
    0.030193,
    0.029293,
    0.029323,
    0.028945,
    0.028964,
    0.02963,
    0.029351,
    0.028366,
    0.028251,
    0.028119,
    0.028228,
    0.027813,
    0.028704,
    0.027719,
    0.028251,
    0.027258,
    0.028751,
    0.026997,
    0.026441,
    0.025412,
    0.02606,
    0.025673,
    0.024985,
    0.026371,
    0.025845,
    0.025228,
    0.025507,
    0.024218,
    0.025337,
    0.024898,
    0.024727,
    0.024368,
    0.023695,
    0.024299,
    0.02538,
    0.024611,
    0.023797,
    0.023366,
    0.024074,
    0.023232,
    0.022457,
    0.02283,
    0.024565,
    0.033823,
    0.022864,
    0.02273,
    0.026351,
    0.033964,
    0.022742,
    0.02722,
    0.022457,
    0.022426,
    0.022446,
    0.022284,
    0.022542,
    0.022043,
    0.025578,
    0.021268,
    0.021158,
    0.021924,
    0.03291,
    0.021884,
    0.022166,
    0.02146,
    0.024704,
    0.020842,
    0.02172,
    0.022038,
    0.021402,
    0.020554,
    0.020273,
    0.019563,
    0.020658,
    0.020077,
    0.019792,
    0.020217,
    0.019957,
    0.019494,
    0.01993,
    0.019565,
    0.020257,
    0.032948,
    0.019326,
    0.022568,
    0.019415,
    0.01968,
    0.019245,
    0.020277,
    0.020407,
    0.019262,
    0.019948,
    0.01933,
    0.018452,
    0.017162,
    0.019297,
    0.019462,
    0.018382,
    0.018919,
    0.018878,
    0.018613,
    0.016907,
    0.018032,
    0.018197,
    0.019289,
    0.034341,
    0.018302,
    0.018134,
    0.017978,
    0.017707,
    0.01768,
    0.019148,
    0.017257,
    0.032052,
    0.018535,
    0.018658,
    0.021741,
    0.018846,
    0.017905,
    0.01787,
    0.019446,
    0.017671,
    0.017677,
    0.017241,
    0.017092,
    0.017605,
    0.016505,
    0.017935,
    0.016892,
    0.017972,
    0.017332,
    0.017662,
    0.017543,
    0.017332,
    0.018879,
    0.017286,
    0.015877,
    0.017329,
    0.017129,
    0.015734,
    0.017234,
    0.01704,
    0.016544,
    0.019449
  ],
  "val_loss_curve": [
    0.00689,
    0.006773,
    0.00693,
    0.006984,
    0.006836,
    0.006809,
    0.006678,
    0.006872,
    0.006861,
    0.006704,
    0.006812,
    0.006625,
    0.006687,
    0.006669,
    0.006838,
    0.006684,
    0.006747,
    0.006693,
    0.006689,
    0.006979,
    0.006679,
    0.006679,
    0.006716,
    0.006618,
    0.006716,
    0.006605,
    0.006665,
    0.006725,
    0.00665,
    0.006679,
    0.006749,
    0.006665,
    0.006771,
    0.006929,
    0.006753,
    0.007064,
    0.006907,
    0.007504,
    0.007585,
    0.006946,
    0.007734,
    0.006984,
    0.007489,
    0.00745,
    0.00765,
    0.008993,
    0.008646,
    0.009252,
    0.008306,
    0.00911,
    0.008015,
    0.008328,
    0.008643,
    0.009571,
    0.009566,
    0.009723,
    0.010676,
    0.009222,
    0.010901,
    0.011488,
    0.010428,
    0.010018,
    0.010722,
    0.009072,
    0.009905,
    0.009765,
    0.011853,
    0.009761,
    0.009827,
    0.010423,
    0.009733,
    0.009604,
    0.011332,
    0.008656,
    0.007815,
    0.008866,
    0.007619,
    0.008307,
    0.008215,
    0.008893,
    0.009085,
    0.008793,
    0.008961,
    0.009002,
    0.009194,
    0.009146,
    0.008611,
    0.008682,
    0.008234,
    0.008603,
    0.008442,
    0.008439,
    0.008933,
    0.008954,
    0.007927,
    0.008856,
    0.009696,
    0.008643,
    0.00944,
    0.009403,
    0.009627,
    0.008122,
    0.008502,
    0.008817,
    0.008594,
    0.009677,
    0.011668,
    0.008126,
    0.009216,
    0.009279,
    0.008886,
    0.009233,
    0.008762,
    0.008984,
    0.008793,
    0.009478,
    0.008732,
    0.008326,
    0.009453,
    0.00848,
    0.009656,
    0.010957,
    0.009835,
    0.009738,
    0.009428,
    0.010982,
    0.011802,
    0.011216,
    0.010759,
    0.010869,
    0.010952,
    0.011078,
    0.010595,
    0.010422,
    0.010044,
    0.010092,
    0.009654,
    0.009632,
    0.010122,
    0.010887,
    0.009637,
    0.00848,
    0.008841,
    0.009416,
    0.009314,
    0.00925,
    0.00902,
    0.009919,
    0.008854,
    0.008934,
    0.009031,
    0.009658,
    0.008392,
    0.009425,
    0.009742,
    0.009811,
    0.009084,
    0.009351,
    0.010939,
    0.009366,
    0.009059,
    0.008077,
    0.007882,
    0.008222,
    0.008601,
    0.009612,
    0.009826,
    0.008987,
    0.009089,
    0.00907,
    0.008085,
    0.008546,
    0.009011,
    0.008306,
    0.009387,
    0.008914,
    0.009619,
    0.009239,
    0.009127,
    0.008598,
    0.008621,
    0.00831,
    0.008331,
    0.008603,
    0.008659,
    0.008722,
    0.008286,
    0.008705,
    0.009078,
    0.009535,
    0.00977,
    0.009392,
    0.009552,
    0.009366,
    0.009324,
    0.009343,
    0.009403,
    0.008534,
    0.008269,
    0.008094,
    0.008184
  ],
  "per_company_mape": {
    "C10007": 0.008669,
    "C10019": 0.062876,
    "C10022": 0.022968,
    "C10204": 0.007554,
    "C10308": 0.023357,
    "C10336": 0.011419,
    "C1066": 0.026155,
    "C10783": 0.009569,
    "C10790": 0.01886,
    "C1090": 0.013957,
    "C11037": 0.034693,
    "C11126": 0.017915,
    "C11150": 0.783079,
    "C11231": 0.060131,
    "C12360": 0.012332,
    "C13420": 0.032003,
    "C13439": 0.0123,
    "C13501": 0.020894,
    "C13528": 0.025284,
    "C13587": 0.031256,
    "C13595": 0.007998,
    "C13641": 0.000817,
    "C13781": 0.038459,
    "C13889": 0.022919,
    "C13943": 0.020398,
    "C14044": 0.046024,
    "C14176": 0.015403,
    "C14257": 0.013704,
    "C14311": 0.02095,
    "C14370": 0.089507,
    "C14443": 0.020011,
    "C14550": 0.019932,
    "C14885": 0.013713,
    "C15024": 0.018697,
    "C15172": 0.022607,
    "C15199": 0.016427,
    "C15210": 0.030737,
    "C1538": 0.036029,
    "C15407": 0.011388,
    "C15997": 0.02368,
    "C16373": 0.015689,
    "C16799": 0.006721,
    "C1716": 0.013886,
    "C1767": 0.016223,
    "C17884": 0.634802,
    "C18163": 0.007007,
    "C18309": 0.02373,
    "C18380": 0.015654,
    "C18686": 0.01623,
    "C18791": 0.039949,
    "C19119": 0.006813,
    "C19780": 0.066573,
    "C2003": 0.01414,
    "C20430": 0.005291,
    "C20800": 0.0,
    "C21172": 0.055386,
    "C2143": 0.011443,
    "C2208": 0.009687,
    "C22390": 0.003258,
    "C2259": 0.006498,
    "C23574": 0.016281,
    "C23663": 0.0,
    "C23876": 0.013397,
    "C25275": 0.010539,
    "C25755": 0.00681,
    "C26077": 0.022893,
    "C26808": 0.035134,
    "C26905": 0.010002,
    "C27022": 0.019507,
    "C27065": 0.022185,
    "C27499": 0.029838,
    "C27766": 0.001566,
    "C29297": 0.02603,
    "C29378": 0.013501,
    "C29440": 0.018398,
    "C31062": 0.04204,