{
  "arch": "gru_baseline",
  "lob": "private_passenger_auto",
  "config_idx": 16,
  "dropout_rate": 0.01178,
  "learning_rate": 0.0003581,
  "batch_size": 512,
  "max_epochs": 1000,
  "gru_units": 64,
  "dense_units": 64,
  "mape": 0.06781148295945956,
  "rmspe": 0.14693014869854093,
  "n_companies": 122,
  "n_filtered": 4,
  "mape_std": 0.09223022915639821,
  "mape_p25": 0.017912849984568234,
  "mape_p75": 0.08422890338387595,
  "training_time": 20.55,
  "epochs_trained": 201,
  "best_val_loss": 0.006041220363840694,
  "train_loss_curve": [
    0.041945,
    0.040787,
    0.039952,
    0.039201,
    0.038623,
    0.038129,
    0.037794,
    0.037583,
    0.037306,
    0.03722,
    0.036983,
    0.036995,
    0.036539,
    0.036338,
    0.036181,
    0.036204,
    0.035803,
    0.035619,
    0.035502,
    0.035411,
    0.035273,
    0.035397,
    0.034922,
    0.034567,
    0.034631,
    0.034264,
    0.03404,
    0.034012,
    0.033642,
    0.033441,
    0.033284,
    0.033091,
    0.032807,
    0.032724,
    0.032688,
    0.032598,
    0.0325,
    0.031911,
    0.031739,
    0.031429,
    0.031311,
    0.03153,
    0.03101,
    0.030715,
    0.030361,
    0.030315,
    0.029904,
    0.029634,
    0.029457,
    0.029226,
    0.029505,
    0.033518,
    0.029048,
    0.028198,
    0.02802,
    0.02814,
    0.02772,
    0.027446,
    0.027724,
    0.027482,
    0.027111,
    0.026947,
    0.026891,
    0.026402,
    0.026876,
    0.026954,
    0.026482,
    0.026168,
    0.032259,
    0.026311,
    0.026148,
    0.026207,
    0.025743,
    0.025764,
    0.025062,
    0.025598,
    0.025373,
    0.025621,
    0.025654,
    0.025062,
    0.025108,
    0.024981,
    0.024862,
    0.031636,
    0.024698,
    0.024655,
    0.02478,
    0.024625,
    0.024656,
    0.024305,
    0.024229,
    0.024378,
    0.0237,
    0.024167,
    0.02387,
    0.024217,
    0.023978,
    0.023333,
    0.023549,
    0.023522,
    0.023764,
    0.02788,
    0.02339,
    0.026253,
    0.023451,
    0.022854,
    0.023389,
    0.023143,
    0.022727,
    0.02287,
    0.023266,
    0.022772,
    0.022662,
    0.022622,
    0.023098,
    0.022268,
    0.022599,
    0.022892,
    0.02252,
    0.022513,
    0.02234,
    0.022193,
    0.022819,
    0.022315,
    0.022183,
    0.022254,
    0.022693,
    0.022073,
    0.022444,
    0.02237,
    0.022229,
    0.022162,
    0.021959,
    0.022101,
    0.022085,
    0.022128,
    0.022349,
    0.021888,
    0.022732,
    0.022667,
    0.021798,
    0.02168,
    0.022052,
    0.021786,
    0.02191,
    0.021547,
    0.021563,
    0.02208,
    0.021542,
    0.021562,
    0.021777,
    0.021525,
    0.021574,
    0.021452,
    0.021433,
    0.021364,
    0.021514,
    0.021857,
    0.024619,
    0.021123,
    0.021374,
    0.021669,
    0.021728,
    0.021559,
    0.021369,
    0.021746,
    0.021479,
    0.021162,
    0.029356,
    0.021396,
    0.022148,
    0.021115,
    0.021086,
    0.02904,
    0.020977,
    0.021036,
    0.021336,
    0.021174,
    0.021069,
    0.021671,
    0.021118,
    0.020686,
    0.021262,
    0.028692,
    0.021014,
    0.02125,
    0.020748,
    0.021163,
    0.021138,
    0.021071,
    0.020789,
    0.021049,
    0.02094,
    0.021157,
    0.020919,
    0.020741,
    0.020824,
    0.020998,
    0.020857,
    0.0207,
    0.021536
  ],
  "val_loss_curve": [
    0.006695,
    0.006355,
    0.006178,
    0.006273,
    0.006052,
    0.006041,
    0.006129,
    0.006146,
    0.006099,
    0.006205,
    0.006209,
    0.006166,
    0.00634,
    0.006413,
    0.006404,
    0.00649,
    0.006569,
    0.006639,
    0.006863,
    0.006829,
    0.007109,
    0.007231,
    0.007179,
    0.007573,
    0.007499,
    0.007782,
    0.008032,
    0.008186,
    0.008434,
    0.008478,
    0.008923,
    0.00937,
    0.009461,
    0.009458,
    0.01046,
    0.010444,
    0.010392,
    0.010823,
    0.011411,
    0.011892,
    0.012373,
    0.012439,
    0.012291,
    0.013469,
    0.013637,
    0.014157,
    0.014278,
    0.015327,
    0.015769,
    0.01628,
    0.017222,
    0.016488,
    0.016975,
    0.017397,
    0.018073,
    0.018788,
    0.019796,
    0.02016,
    0.019906,
    0.020581,
    0.020564,
    0.020542,
    0.021087,
    0.021789,
    0.021416,
    0.022998,
    0.023023,
    0.023452,
    0.023072,
    0.02276,
    0.023014,
    0.024033,
    0.024412,
    0.02472,
    0.025411,
    0.025941,
    0.02618,
    0.026952,
    0.027143,
    0.027371,
    0.027917,
    0.028787,
    0.02828,
    0.028439,
    0.029206,
    0.028931,
    0.030038,
    0.031016,
    0.031327,
    0.031743,
    0.032097,
    0.032136,
    0.033648,
    0.03434,
    0.034848,
    0.034727,
    0.035882,
    0.035487,
    0.035769,
    0.036914,
    0.037675,
    0.037983,
    0.038071,
    0.038066,
    0.038228,
    0.038362,
    0.039211,
    0.039233,
    0.039737,
    0.039986,
    0.0403,
    0.040908,
    0.041127,
    0.041557,
    0.04145,
    0.041884,
    0.042119,
    0.042135,
    0.042392,
    0.042906,
    0.0432,
    0.043241,
    0.043362,
    0.044088,
    0.044243,
    0.044523,
    0.045052,
    0.045041,
    0.044998,
    0.045208,
    0.046151,
    0.046232,
    0.04658,
    0.046616,
    0.046782,
    0.04729,
    0.047594,
    0.047709,
    0.047694,
    0.047956,
    0.047827,
    0.047944,
    0.048078,
    0.048191,
    0.047968,
    0.04832,
    0.048825,
    0.049337,
    0.049857,
    0.049995,
    0.04984,
    0.04996,
    0.050204,
    0.050584,
    0.050806,
    0.051024,
    0.051141,
    0.051767,
    0.051944,
    0.051456,
    0.051411,
    0.051602,
    0.05142,
    0.051421,
    0.051894,
    0.051928,
    0.051867,
    0.052214,
    0.052014,
    0.05222,
    0.052481,
    0.052526,
    0.052584,
    0.052479,
    0.052557,
    0.052438,
    0.052468,
    0.052543,
    0.052651,
    0.052682,
    0.053105,
    0.053156,
    0.053269,
    0.053146,
    0.053133,
    0.053503,
    0.053396,
    0.053423,
    0.053482,
    0.053573,
    0.05356,
    0.053597,
    0.053735,
    0.053786,
    0.053936,
    0.054203,
    0.054408,
    0.054617,
    0.054578,
    0.054749,
    0.054743
  ],
  "per_company_mape": {
    "C10007": 0.159135,
    "C10019": 0.065581,
    "C10022": 0.020268,
    "C10204": 0.080466,
    "C10308": 0.062862,
    "C10336": 0.073393,
    "C1066": 0.036573,
    "C10783": 0.06424,
    "C10790": 0.039264,
    "C1090": 0.049331,
    "C11037": 0.001412,
    "C11126": 0.027173,
    "C11150": 0.641425,
    "C11231": 0.421753,
    "C12360": 0.00592,
    "C13420": 0.144767,
    "C13439": 0.119562,
    "C13501": 0.017496,
    "C13528": 0.0,
    "C13587": 0.076632,
    "C13595": 0.049205,
    "C13641": 0.070624,
    "C13781": 0.006166,
    "C13889": 0.024268,
    "C13943": 0.114632,
    "C14044": 0.038787,
    "C14176": 0.025672,
    "C14257": 0.021934,
    "C14311": 0.115079,
    "C14370": 0.179418,
    "C14443": 0.066881,
    "C14550": 0.021597,
    "C14885": 0.086001,
    "C15024": 0.108264,
    "C15172": 0.025621,
    "C15199": 0.041879,
    "C15210": 0.09086,
    "C1538": 0.088957,
    "C15407": 0.116947,
    "C15997": 0.178888,
    "C16373": 0.002643,
    "C16799": 0.030097,
    "C1716": 0.11201,
    "C1767": 0.02333,
    "C17884": 0.627503,
    "C18163": 0.130287,
    "C18309": 0.050582,
    "C18380": 0.008623,
    "C18686": 0.073663,
    "C18791": 0.084435,
    "C19119": 0.086122,
    "C19780": 0.057078,
    "C2003": 0.114205,
    "C20430": 0.014728,
    "C20800": 0.007924,
    "C21172": 0.026185,
    "C2143": 0.020896,
    "C2208": 0.056141,
    "C22390": 0.026644,
    "C2259": 0.001876,
    "C23574": 0.073307,
    "C23663": 0.0,
    "C23876": 0.062627,
    "C25275": 0.125389,
    "C25755": 0.010086,
    "C26077": 0.026817,
    "C26808": 0.068646,
    "C26905": 0.001405,
    "C27022": 0.032121,
    "C27065": 0.006738,
    "C27499": 0.03819,
    "C27766": 0.003025,
    "C29297": 0.07653,
    "C29378": 0.0,
    "C29440": 0.021683,
    "C31062": 0.055466,
    "C3131": 0.002277,