{
  "arch": "gru_baseline",
  "lob": "private_passenger_auto",
  "config_idx": 55,
  "dropout_rate": 0.09526,
  "learning_rate": 0.0009525,
  "batch_size": 1024,
  "max_epochs": 1000,
  "gru_units": 256,
  "dense_units": 64,
  "mape": 0.0884635951430861,
  "rmspe": 0.5730508078706934,
  "n_companies": 122,
  "n_filtered": 4,
  "mape_std": 0.3998343332991736,
  "mape_p25": 0.02529035859837664,
  "mape_p75": 0.058906445469379676,
  "training_time": 20.37,
  "epochs_trained": 201,
  "best_val_loss": 0.006206074147485197,
  "train_loss_curve": [
    0.038727,
    0.037234,
    0.043033,
    0.035711,
    0.03508,
    0.035234,
    0.034895,
    0.041375,
    0.042665,
    0.033892,
    0.034628,
    0.033783,
    0.032536,
    0.032561,
    0.032098,
    0.053622,
    0.032025,
    0.034884,
    0.033658,
    0.035181,
    0.030936,
    0.03524,
    0.030053,
    0.028771,
    0.028608,
    0.0275,
    0.032839,
    0.027627,
    0.02647,
    0.029359,
    0.026077,
    0.037573,
    0.027704,
    0.024983,
    0.024657,
    0.023426,
    0.023994,
    0.023559,
    0.026612,
    0.030117,
    0.024855,
    0.026362,
    0.024726,
    0.022526,
    0.022371,
    0.022711,
    0.024442,
    0.022698,
    0.02269,
    0.030506,
    0.024101,
    0.022663,
    0.032461,
    0.022413,
    0.023197,
    0.021809,
    0.021287,
    0.021053,
    0.028164,
    0.020719,
    0.026935,
    0.021063,
    0.021564,
    0.025862,
    0.020946,
    0.021522,
    0.020851,
    0.020287,
    0.027611,
    0.026514,
    0.018912,
    0.027586,
    0.018015,
    0.020747,
    0.02742,
    0.019937,
    0.019719,
    0.033406,
    0.017471,
    0.020347,
    0.018409,
    0.020868,
    0.01819,
    0.018393,
    0.025857,
    0.026089,
    0.016866,
    0.026207,
    0.024198,
    0.024392,
    0.018245,
    0.022177,
    0.015549,
    0.042406,
    0.024431,
    0.026758,
    0.040154,
    0.017081,
    0.031573,
    0.016806,
    0.016872,
    0.017491,
    0.022555,
    0.0161,
    0.01509,
    0.017554,
    0.025276,
    0.015533,
    0.015309,
    0.016403,
    0.015929,
    0.016372,
    0.015475,
    0.014035,
    0.015154,
    0.019061,
    0.013883,
    0.014807,
    0.025004,
    0.015875,
    0.018882,
    0.016832,
    0.014416,
    0.015489,
    0.021951,
    0.024305,
    0.01355,
    0.031741,
    0.012641,
    0.017197,
    0.013615,
    0.014597,
    0.014228,
    0.013173,
    0.02223,
    0.01312,
    0.01324,
    0.012497,
    0.016107,
    0.013373,
    0.023712,
    0.012973,
    0.014134,
    0.013362,
    0.019763,
    0.013588,
    0.020209,
    0.02295,
    0.014473,
    0.015993,
    0.023482,
    0.012248,
    0.013855,
    0.017576,
    0.010817,
    0.012993,
    0.01681,
    0.027672,
    0.021796,
    0.01264,
    0.013495,
    0.014344,
    0.011262,
    0.011393,
    0.022242,
    0.016013,
    0.011796,
    0.013616,
    0.012579,
    0.015495,
    0.010713,
    0.018935,
    0.010906,
    0.017211,
    0.009889,
    0.011111,
    0.01323,
    0.011098,
    0.011544,
    0.013935,
    0.027404,
    0.014244,
    0.022886,
    0.011326,
    0.015479,
    0.022639,
    0.010666,
    0.010914,
    0.021335,
    0.016505,
    0.00839,
    0.01453,
    0.011124,
    0.009956,
    0.009248,
    0.011493,
    0.010555,
    0.00969,
    0.011328,
    0.0097,
    0.01019
  ],
  "val_loss_curve": [
    0.006473,
    0.006978,
    0.006536,
    0.006726,
    0.006207,
    0.006275,
    0.006207,
    0.006206,
    0.00677,
    0.006913,
    0.007152,
    0.007206,
    0.007945,
    0.008736,
    0.008902,
    0.009555,
    0.013922,
    0.014452,
    0.022981,
    0.031596,
    0.020497,
    0.015574,
    0.013682,
    0.015106,
    0.020433,
    0.02555,
    0.026005,
    0.022777,
    0.025507,
    0.02848,
    0.042119,
    0.050525,
    0.062957,
    0.060484,
    0.0607,
    0.066392,
    0.073702,
    0.091054,
    0.105265,
    0.108336,
    0.108588,
    0.11758,
    0.10481,
    0.088433,
    0.078346,
    0.075751,
    0.074334,
    0.074398,
    0.084791,
    0.092924,
    0.074493,
    0.064026,
    0.060297,
    0.063906,
    0.085722,
    0.116124,
    0.141602,
    0.13097,
    0.127096,
    0.127581,
    0.135255,
    0.134548,
    0.127386,
    0.122647,
    0.129802,
    0.125293,
    0.124882,
    0.124107,
    0.123859,
    0.12114,
    0.114778,
    0.112254,
    0.119884,
    0.120047,
    0.113373,
    0.113175,
    0.112027,
    0.096328,
    0.094406,
    0.097007,
    0.097184,
    0.078406,
    0.071017,
    0.079608,
    0.092457,
    0.102056,
    0.114407,
    0.106257,
    0.102733,
    0.101313,
    0.101129,
    0.084054,
    0.075411,
    0.080361,
    0.089269,
    0.096442,
    0.099814,
    0.106258,
    0.104133,
    0.105695,
    0.108527,
    0.103199,
    0.097844,
    0.098908,
    0.103292,
    0.110484,
    0.09203,
    0.077107,
    0.075883,
    0.077443,
    0.079057,
    0.08295,
    0.084956,
    0.086647,
    0.087799,
    0.088464,
    0.088159,
    0.089879,
    0.09186,
    0.096529,
    0.105857,
    0.109885,
    0.110115,
    0.111132,
    0.113005,
    0.110995,
    0.109214,
    0.115634,
    0.122376,
    0.124745,
    0.127355,
    0.125408,
    0.120728,
    0.118381,
    0.117657,
    0.116377,
    0.116706,
    0.115347,
    0.112585,
    0.111057,
    0.107908,
    0.105753,
    0.109582,
    0.115136,
    0.117305,
    0.118814,
    0.115971,
    0.112701,
    0.110748,
    0.110186,
    0.113558,
    0.114642,
    0.111039,
    0.10778,
    0.106774,
    0.106448,
    0.104873,
    0.112096,
    0.118965,
    0.121414,
    0.119494,
    0.116298,
    0.114739,
    0.112013,
    0.108812,
    0.105385,
    0.10507,
    0.105663,
    0.106045,
    0.106265,
    0.106998,
    0.110084,
    0.113252,
    0.114975,
    0.118843,
    0.122149,
    0.119762,
    0.118521,
    0.118255,
    0.118223,
    0.117594,
    0.115316,
    0.114082,
    0.110266,
    0.107441,
    0.104602,
    0.102471,
    0.104313,
    0.105806,
    0.106577,
    0.107699,
    0.109532,
    0.108576,
    0.107531,
    0.107082,
    0.105097,
    0.103092,
    0.102182,
    0.100968,
    0.098798,
    0.098803
  ],
  "per_company_mape": {
    "C10007": 0.069834,
    "C10019": 0.073136,
    "C10022": 0.025664,
    "C10204": 0.011572,
    "C10308": 0.03089,
    "C10336": 0.0242,
    "C1066": 0.03448,
    "C10783": 0.022979,
    "C10790": 0.034577,
    "C1090": 0.02556,
    "C11037": 0.037131,
    "C11126": 0.09651,
    "C11150": 4.405584,
    "C11231": 0.350458,
    "C12360": 0.053345,
    "C13420": 0.057694,
    "C13439": 0.045902,
    "C13501": 0.026611,
    "C13528": 0.0,
    "C13587": 0.029398,
    "C13595": 0.057278,
    "C13641": 0.019723,
    "C13781": 0.158235,
    "C13889": 0.041828,
    "C13943": 0.070626,
    "C14044": 0.028817,
    "C14176": 0.047225,
    "C14257": 0.066265,
    "C14311": 0.039699,
    "C14370": 0.058276,
    "C14443": 0.050051,
    "C14550": 0.067628,
    "C14885": 0.08123,
    "C15024": 0.097078,
    "C15172": 0.050415,
    "C15199": 0.074789,
    "C15210": 0.026178,
    "C1538": 0.047561,
    "C15407": 0.051778,
    "C15997": 0.087834,
    "C16373": 0.048427,
    "C16799": 0.046071,
    "C1716": 0.047299,
    "C1767": 0.061316,
    "C17884": 0.635602,
    "C18163": 0.007418,
    "C18309": 0.052414,
    "C18380": 0.006739,
    "C18686": 0.062268,
    "C18791": 0.04629,
    "C19119": 0.157204,
    "C19780": 0.048078,
    "C2003": 0.021667,
    "C20430": 0.009693,
    "C20800": 0.006643,
    "C21172": 0.067957,
    "C2143": 0.010707,
    "C2208": 0.027162,
    "C22390": 0.033406,
    "C2259": 0.052675,
    "C23574": 0.020097,
    "C23663": 0.0,
    "C23876": 0.034181,
    "C25275": 0.064018,
    "C25755": 0.043361,
    "C26077": 0.033713,
    "C26808": 0.045521,
    "C26905": 0.025828,
    "C27022": 0.048838,
    "C27065": 0.05779,
    "C27499": 0.036615,
    "C27766": 0.039271,
    "C29297": 0.01932,
    "C29378": 0.021556,
    "C29440": 0.052121,
    "C31062": 0.046502,