{
  "arch": "gru_baseline",
  "lob": "private_passenger_auto",
  "config_idx": 62,
  "dropout_rate": 0.03172,
  "learning_rate": 0.0002632,
  "batch_size": 256,
  "max_epochs": 1000,
  "gru_units": 256,
  "dense_units": 32,
  "mape": 0.08131467080545304,
  "rmspe": 0.45103427761525755,
  "n_companies": 121,
  "n_filtered": 7,
  "mape_std": 0.3128428677253412,
  "mape_p25": 0.027315270775661097,
  "mape_p75": 0.06589588063748962,
  "training_time": 33.27,
  "epochs_trained": 201,
  "best_val_loss": 0.006768585224303284,
  "train_loss_curve": [
    0.040456,
    0.03926,
    0.038805,
    0.038218,
    0.037809,
    0.037397,
    0.037157,
    0.036946,
    0.037079,
    0.037196,
    0.036869,
    0.036621,
    0.036561,
    0.036303,
    0.035942,
    0.035765,
    0.036434,
    0.035286,
    0.035352,
    0.034767,
    0.034094,
    0.033994,
    0.03447,
    0.03351,
    0.033251,
    0.032723,
    0.032515,
    0.032683,
    0.032636,
    0.032222,
    0.031391,
    0.031482,
    0.031055,
    0.030942,
    0.030667,
    0.03078,
    0.030629,
    0.029937,
    0.03051,
    0.029205,
    0.030051,
    0.029034,
    0.028835,
    0.02852,
    0.028467,
    0.027819,
    0.027706,
    0.027211,
    0.027386,
    0.027143,
    0.026784,
    0.02651,
    0.026616,
    0.02612,
    0.025597,
    0.025348,
    0.025075,
    0.024934,
    0.024483,
    0.036006,
    0.026515,
    0.024756,
    0.025079,
    0.024046,
    0.027901,
    0.023912,
    0.023897,
    0.0248,
    0.024446,
    0.024193,
    0.023789,
    0.023585,
    0.023983,
    0.026731,
    0.022895,
    0.022731,
    0.022544,
    0.023012,
    0.023825,
    0.023085,
    0.022591,
    0.022602,
    0.022442,
    0.022412,
    0.02278,
    0.022499,
    0.02198,
    0.022821,
    0.022534,
    0.022448,
    0.02175,
    0.027316,
    0.02237,
    0.022585,
    0.021845,
    0.022194,
    0.021713,
    0.022463,
    0.021175,
    0.021523,
    0.029756,
    0.021847,
    0.021108,
    0.021226,
    0.020956,
    0.021134,
    0.021076,
    0.02256,
    0.020896,
    0.021423,
    0.028991,
    0.020681,
    0.020768,
    0.020791,
    0.020456,
    0.020351,
    0.023617,
    0.020296,
    0.020862,
    0.021364,
    0.024125,
    0.020203,
    0.020216,
    0.020187,
    0.022624,
    0.020667,
    0.019906,
    0.020281,
    0.020194,
    0.021157,
    0.02004,
    0.020232,
    0.019924,
    0.027249,
    0.020089,
    0.019658,
    0.020034,
    0.022358,
    0.019672,
    0.020423,
    0.019677,
    0.019909,
    0.01953,
    0.019832,
    0.019668,
    0.027161,
    0.018745,
    0.019334,
    0.019662,
    0.020177,
    0.018493,
    0.020038,
    0.019206,
    0.019472,
    0.019613,
    0.01911,
    0.019662,
    0.019202,
    0.019637,
    0.019024,
    0.020046,
    0.019345,
    0.018435,
    0.01897,
    0.019331,
    0.026976,
    0.018617,
    0.018882,
    0.019046,
    0.018844,
    0.01848,
    0.019492,
    0.018786,
    0.021177,
    0.018677,
    0.019885,
    0.018931,
    0.018588,
    0.018778,
    0.018562,
    0.021489,
    0.018659,
    0.018725,
    0.018779,
    0.018852,
    0.019051,
    0.018426,
    0.01874,
    0.021297,
    0.019195,
    0.019088,
    0.018617,
    0.019317,
    0.019913,
    0.019752,
    0.020112,
    0.018388,
    0.018876,
    0.018739,
    0.018917,
    0.018469
  ],
  "val_loss_curve": [
    0.007047,
    0.00696,
    0.006898,
    0.006862,
    0.00714,
    0.006915,
    0.007207,
    0.006868,
    0.006769,
    0.006929,
    0.007253,
    0.008869,
    0.007388,
    0.007566,
    0.007964,
    0.008675,
    0.008477,
    0.008562,
    0.009216,
    0.009781,
    0.010382,
    0.011371,
    0.012343,
    0.01353,
    0.012227,
    0.014047,
    0.015257,
    0.020255,
    0.018524,
    0.022468,
    0.023968,
    0.024976,
    0.029406,
    0.031667,
    0.034491,
    0.027639,
    0.03739,
    0.039309,
    0.040137,
    0.054617,
    0.050039,
    0.050177,
    0.058682,
    0.063162,
    0.057774,
    0.071673,
    0.078104,
    0.084255,
    0.091301,
    0.098409,
    0.098766,
    0.110254,
    0.112344,
    0.125098,
    0.124045,
    0.145347,
    0.14767,
    0.163626,
    0.171059,
    0.12208,
    0.117779,
    0.133731,
    0.163405,
    0.171322,
    0.174875,
    0.169287,
    0.186746,
    0.19023,
    0.160147,
    0.169218,
    0.172184,
    0.178894,
    0.186582,
    0.192928,
    0.19273,
    0.194827,
    0.193475,
    0.198007,
    0.192122,
    0.205254,
    0.201415,
    0.20093,
    0.205479,
    0.20215,
    0.204688,
    0.214711,
    0.220788,
    0.214433,
    0.223051,
    0.22898,
    0.215949,
    0.226591,
    0.234184,
    0.238413,
    0.237044,
    0.229123,
    0.229637,
    0.229527,
    0.235903,
    0.237756,
    0.230867,
    0.242757,
    0.237873,
    0.238359,
    0.235912,
    0.238847,
    0.250726,
    0.248997,
    0.24044,
    0.250645,
    0.243988,
    0.240519,
    0.239795,
    0.237409,
    0.213721,
    0.214621,
    0.211343,
    0.208768,
    0.209209,
    0.220792,
    0.211888,
    0.210182,
    0.215963,
    0.219036,
    0.213435,
    0.212578,
    0.211959,
    0.220877,
    0.227182,
    0.218361,
    0.214077,
    0.217735,
    0.221131,
    0.228389,
    0.23119,
    0.232523,
    0.235282,
    0.229564,
    0.22564,
    0.224561,
    0.228747,
    0.228033,
    0.238555,
    0.237771,
    0.23677,
    0.237972,
    0.238551,
    0.239843,
    0.226721,
    0.2251,
    0.229776,
    0.234399,
    0.2376,
    0.24224,
    0.223695,
    0.222569,
    0.224431,
    0.226473,
    0.223264,
    0.211066,
    0.208473,
    0.210449,
    0.207964,
    0.208817,
    0.206736,
    0.204846,
    0.205979,
    0.205405,
    0.206347,
    0.205859,
    0.205008,
    0.204375,
    0.20464,
    0.20498,
    0.205896,
    0.206877,
    0.207905,
    0.206628,
    0.207009,
    0.205351,
    0.209958,
    0.211928,
    0.213389,
    0.21194,
    0.213288,
    0.214979,
    0.215674,
    0.214409,
    0.213493,
    0.213926,
    0.217438,
    0.218521,
    0.217328,
    0.215621,
    0.21269,
    0.217921,
    0.219869,
    0.223752,
    0.222502,
    0.219486,
    0.222349
  ],
  "per_company_mape": {
    "C10007": 0.060792,
    "C10019": 0.065985,
    "C10022": 0.041765,
    "C10204": 0.012911,
    "C10308": 0.090839,
    "C10336": 0.054379,
    "C1066": 0.061332,
    "C10783": 0.071236,
    "C10790": 0.067828,
    "C1090": 0.009667,
    "C11037": 0.025145,
    "C11126": 0.039694,
    "C11150": 3.425792,
    "C11231": 0.142796,
    "C12360": 0.047195,
    "C13420": 0.030384,
    "C13439": 0.052424,
    "C13501": 0.045614,
    "C13528": 0.043752,
    "C13587": 0.043313,
    "C13595": 0.0923,
    "C13641": 0.021465,
    "C13781": 0.087421,
    "C13889": 0.129792,
    "C13943": 0.030365,
    "C14044": 0.04057,
    "C14176": 0.061785,
    "C14257": 0.031484,
    "C14311": 0.132773,
    "C14370": 0.05678,
    "C14443": 0.028995,
    "C14550": 0.027727,
    "C14885": 0.100612,
    "C15024": 0.012669,
    "C15172": 0.02601,
    "C15199": 0.063055,
    "C15210": 0.097104,
    "C1538": 0.044511,
    "C15407": 0.023347,
    "C15997": 0.053795,
    "C16373": 0.049315,
    "C16799": 0.021778,
    "C1716": 0.0585,
    "C1767": 0.026378,
    "C17884": 0.647975,
    "C18163": 0.037746,
    "C18309": 0.062183,
    "C18380": 0.005174,
    "C18686": 0.069102,
    "C18791": 0.041928,
    "C19119": 0.129374,
    "C19780": 0.051071,
    "C2003": 0.029387,
    "C20430": 0.015562,
    "C20800": 0.083604,
    "C21172": 0.065896,
    "C2143": 0.032513,
    "C2208": 0.019485,
    "C22390": 0.013568,
    "C2259": 0.041153,
    "C23574": 0.072116,
    "C23663": 0.0,
    "C23876": 0.016414,
    "C25275": 0.012199,
    "C25755": 0.014502,
    "C26077": 0.041225,
    "C26808": 0.072678,
    "C26905": 0.036287,
    "C27022": 0.08416,
    "C27065": 0.038729,
    "C27499": 0.027546,
    "C27766": 0.030215,
    "C29297": 0.001332,
    "C29378": 0.050158,
    "C29440": 0.021964,
    "C31062": 0.039126,