{
  "arch": "gru_baseline",
  "lob": "private_passenger_auto",
  "config_idx": 10,
  "dropout_rate": 0.02302,
  "learning_rate": 0.000206,
  "batch_size": 256,
  "max_epochs": 1000,
  "gru_units": 256,
  "dense_units": 64,
  "mape": 0.07067463864252384,
  "rmspe": 0.11936325254185567,
  "n_companies": 121,
  "n_filtered": 8,
  "mape_std": 0.07019487650902083,
  "mape_p25": 0.03658742085201661,
  "mape_p75": 0.07918896537943504,
  "training_time": 35.24,
  "epochs_trained": 201,
  "best_val_loss": 0.0068504578521242365,
  "train_loss_curve": [
    0.04096,
    0.039426,
    0.038616,
    0.038168,
    0.038109,
    0.037698,
    0.03732,
    0.036993,
    0.036604,
    0.037076,
    0.036219,
    0.036141,
    0.036099,
    0.035578,
    0.035336,
    0.035129,
    0.034989,
    0.035115,
    0.034534,
    0.034133,
    0.034217,
    0.034101,
    0.033354,
    0.033333,
    0.03313,
    0.033178,
    0.032428,
    0.032514,
    0.031662,
    0.032594,
    0.031609,
    0.030883,
    0.030784,
    0.031774,
    0.030276,
    0.030213,
    0.030104,
    0.029518,
    0.02933,
    0.029618,
    0.029861,
    0.029036,
    0.029079,
    0.028493,
    0.028594,
    0.028323,
    0.027921,
    0.028639,
    0.027758,
    0.036673,
    0.027712,
    0.027266,
    0.027355,
    0.03319,
    0.02657,
    0.026405,
    0.026395,
    0.026639,
    0.025937,
    0.026592,
    0.026853,
    0.025764,
    0.025869,
    0.025622,
    0.025756,
    0.026013,
    0.025825,
    0.025754,
    0.025799,
    0.025331,
    0.025191,
    0.025055,
    0.02505,
    0.024843,
    0.025022,
    0.024699,
    0.024695,
    0.024797,
    0.02599,
    0.027245,
    0.024547,
    0.02435,
    0.024136,
    0.024384,
    0.024237,
    0.024046,
    0.023954,
    0.024037,
    0.023854,
    0.02412,
    0.024737,
    0.023936,
    0.024105,
    0.023361,
    0.026886,
    0.023794,
    0.023512,
    0.023342,
    0.023689,
    0.023351,
    0.023188,
    0.026608,
    0.023659,
    0.02322,
    0.023882,
    0.023114,
    0.023461,
    0.030087,
    0.022661,
    0.022753,
    0.022821,
    0.023048,
    0.022588,
    0.022525,
    0.027316,
    0.022827,
    0.023465,
    0.022774,
    0.029633,
    0.022589,
    0.022466,
    0.026979,
    0.022564,
    0.022325,
    0.0225,
    0.022796,
    0.022392,
    0.023114,
    0.022526,
    0.025031,
    0.022573,
    0.022549,
    0.026463,
    0.022274,
    0.022267,
    0.022176,
    0.022641,
    0.022253,
    0.022198,
    0.022392,
    0.021881,
    0.022537,
    0.022015,
    0.022053,
    0.021818,
    0.022137,
    0.022414,
    0.022149,
    0.021872,
    0.022003,
    0.02258,
    0.022256,
    0.022409,
    0.022118,
    0.026901,
    0.022009,
    0.022203,
    0.021871,
    0.02236,
    0.022325,
    0.023146,
    0.02223,
    0.021892,
    0.022173,
    0.022221,
    0.022005,
    0.021717,
    0.022482,
    0.021732,
    0.022039,
    0.022524,
    0.021718,
    0.022192,
    0.021997,
    0.02223,
    0.021885,
    0.02184,
    0.021702,
    0.022025,
    0.021842,
    0.021394,
    0.021789,
    0.021841,
    0.021612,
    0.022038,
    0.021449,
    0.023851,
    0.021481,
    0.021536,
    0.021588,
    0.021486,
    0.021749,
    0.02156,
    0.028857,
    0.021685,
    0.021967,
    0.029036,
    0.022348,
    0.021523,
    0.021821,
    0.021665
  ],
  "val_loss_curve": [
    0.007069,
    0.006892,
    0.00685,
    0.007089,
    0.006951,
    0.007098,
    0.006892,
    0.006865,
    0.006914,
    0.006916,
    0.007043,
    0.007133,
    0.007287,
    0.00744,
    0.007782,
    0.007863,
    0.008654,
    0.008927,
    0.009423,
    0.01004,
    0.010799,
    0.011269,
    0.012432,
    0.012167,
    0.014377,
    0.01789,
    0.017097,
    0.019883,
    0.022324,
    0.025716,
    0.022456,
    0.028945,
    0.028905,
    0.036453,
    0.031407,
    0.036505,
    0.036016,
    0.048769,
    0.052559,
    0.06365,
    0.059199,
    0.059251,
    0.060202,
    0.073259,
    0.076383,
    0.079198,
    0.087883,
    0.090453,
    0.103871,
    0.063467,
    0.07031,
    0.070613,
    0.101968,
    0.094988,
    0.09761,
    0.093768,
    0.09612,
    0.101044,
    0.108834,
    0.106174,
    0.116397,
    0.12013,
    0.119311,
    0.114158,
    0.110855,
    0.112862,
    0.110507,
    0.119486,
    0.114113,
    0.123712,
    0.123767,
    0.124205,
    0.128246,
    0.129808,
    0.1292,
    0.120961,
    0.120365,
    0.127271,
    0.133703,
    0.135675,
    0.138271,
    0.12961,
    0.137774,
    0.136826,
    0.138379,
    0.139596,
    0.138854,
    0.142914,
    0.135275,
    0.137609,
    0.152449,
    0.156846,
    0.156112,
    0.155051,
    0.141769,
    0.133045,
    0.13864,
    0.150301,
    0.14327,
    0.136398,
    0.145295,
    0.122998,
    0.131343,
    0.139422,
    0.139025,
    0.141439,
    0.142474,
    0.143289,
    0.143369,
    0.146302,
    0.148008,
    0.157103,
    0.163352,
    0.163723,
    0.164479,
    0.165803,
    0.171761,
    0.178494,
    0.176175,
    0.173014,
    0.172625,
    0.172638,
    0.171912,
    0.170832,
    0.168008,
    0.180539,
    0.17945,
    0.176606,
    0.174902,
    0.173654,
    0.161727,
    0.162423,
    0.164084,
    0.164332,
    0.164119,
    0.165492,
    0.167908,
    0.173366,
    0.171566,
    0.170798,
    0.17458,
    0.163072,
    0.164072,
    0.162207,
    0.162283,
    0.161715,
    0.160719,
    0.162136,
    0.163868,
    0.163895,
    0.164365,
    0.165442,
    0.164782,
    0.164529,
    0.164241,
    0.166263,
    0.165627,
    0.16512,
    0.166289,
    0.167041,
    0.167034,
    0.16699,
    0.169977,
    0.174555,
    0.179029,
    0.178593,
    0.177544,
    0.17759,
    0.177668,
    0.176218,
    0.175784,
    0.177119,
    0.176626,
    0.176642,
    0.176704,
    0.178313,
    0.178057,
    0.177701,
    0.178354,
    0.178568,
    0.179138,
    0.178285,
    0.178263,
    0.178137,
    0.177968,
    0.177494,
    0.169574,
    0.168327,
    0.168224,
    0.168476,
    0.166477,
    0.165355,
    0.165455,
    0.166294,
    0.166878,
    0.167622,
    0.168662,
    0.169369,
    0.167979,
    0.167679,
    0.168216
  ],
  "per_company_mape": {
    "C10007": 0.11867,
    "C10019": 0.072737,
    "C10022": 0.034734,
    "C10204": 0.012865,
    "C10308": 0.13033,
    "C10336": 0.062605,
    "C1066": 0.081593,
    "C10783": 0.018521,
    "C10790": 0.040068,
    "C1090": 0.039598,
    "C11037": 0.078325,
    "C11126": 0.174683,
    "C11150": 0.001489,
    "C11231": 0.308138,
    "C12360": 0.051855,
    "C13420": 0.077333,
    "C13439": 0.064224,
    "C13501": 0.027361,
    "C13528": 0.076484,
    "C13587": 0.064769,
    "C13595": 0.042286,
    "C13641": 0.015902,
    "C13781": 0.153445,
    "C13889": 0.123784,
    "C13943": 0.068788,
    "C14044": 0.068647,
    "C14176": 0.03396,
    "C14257": 0.017672,
    "C14311": 0.139341,
    "C14370": 0.14623,
    "C14443": 0.028887,
    "C14550": 0.119894,
    "C14885": 0.048139,
    "C15024": 0.015322,
    "C15172": 0.070547,
    "C15199": 0.085619,
    "C15210": 0.121886,
    "C1538": 0.051658,
    "C15407": 0.028272,
    "C15997": 0.033379,
    "C16373": 0.084296,
    "C16799": 0.030103,
    "C1716": 0.046449,
    "C1767": 0.046935,
    "C17884": 0.640161,
    "C18163": 0.037022,
    "C18309": 0.069166,
    "C18380": 0.044661,
    "C18686": 0.076664,
    "C18791": 0.049871,
    "C19119": 0.243521,
    "C19780": 0.077426,
    "C2003": 0.040359,
    "C20430": 0.051634,
    "C20800": 0.022531,
    "C21172": 0.044136,
    "C2143": 0.12733,
    "C2208": 0.046944,
    "C22390": 0.048291,
    "C2259": 0.058303,
    "C23574": 0.039027,
    "C23663": 0.0,
    "C23876": 0.090009,
    "C25275": 0.113754,
    "C25755": 0.035261,
    "C26077": 0.079189,
    "C26808": 0.05783,
    "C26905": 0.043393,
    "C27022": 0.078666,
    "C27065": 0.042015,
    "C27499": 0.04504,
    "C27766": 0.049243,
    "C29297": 0.021404,
    "C29378": 0.072136,
    "C29440": 0.024862,
    "C31062": 0.057345,