{
  "arch": "gru_baseline",
  "lob": "private_passenger_auto",
  "config_idx": 96,
  "dropout_rate": 0.01402,
  "learning_rate": 0.0004967,
  "batch_size": 512,
  "max_epochs": 500,
  "gru_units": 128,
  "dense_units": 64,
  "mape": 0.08398217611279947,
  "rmspe": 0.3766528725760623,
  "n_companies": 121,
  "n_filtered": 7,
  "mape_std": 0.2582568614962097,
  "mape_p25": 0.031305046616094054,
  "mape_p75": 0.07572939540763562,
  "training_time": 20.94,
  "epochs_trained": 201,
  "best_val_loss": 0.005977566594083328,
  "train_loss_curve": [
    0.040846,
    0.039385,
    0.038372,
    0.037722,
    0.037629,
    0.037087,
    0.037271,
    0.036731,
    0.036294,
    0.036003,
    0.035839,
    0.036257,
    0.035318,
    0.03495,
    0.034945,
    0.034728,
    0.034572,
    0.03415,
    0.03358,
    0.033558,
    0.032967,
    0.032374,
    0.032222,
    0.032372,
    0.032563,
    0.031609,
    0.031471,
    0.034899,
    0.030566,
    0.030534,
    0.030152,
    0.029566,
    0.029329,
    0.030214,
    0.028894,
    0.029232,
    0.028151,
    0.027426,
    0.027372,
    0.027064,
    0.026926,
    0.026528,
    0.026253,
    0.025992,
    0.025389,
    0.026177,
    0.025604,
    0.025561,
    0.024527,
    0.024697,
    0.024615,
    0.024223,
    0.023695,
    0.023422,
    0.02327,
    0.023136,
    0.023096,
    0.023077,
    0.022685,
    0.022808,
    0.02297,
    0.022547,
    0.022283,
    0.022273,
    0.022372,
    0.022565,
    0.022067,
    0.022085,
    0.022052,
    0.021975,
    0.022005,
    0.021898,
    0.021377,
    0.021564,
    0.022015,
    0.026509,
    0.021576,
    0.029285,
    0.021659,
    0.021373,
    0.02138,
    0.021434,
    0.021111,
    0.021307,
    0.020847,
    0.020763,
    0.021119,
    0.020839,
    0.020765,
    0.020783,
    0.020874,
    0.020518,
    0.020277,
    0.020868,
    0.020539,
    0.020247,
    0.020332,
    0.020358,
    0.020559,
    0.020127,
    0.019981,
    0.019731,
    0.019172,
    0.020555,
    0.019379,
    0.019524,
    0.019539,
    0.019716,
    0.020005,
    0.019666,
    0.019313,
    0.019529,
    0.01955,
    0.019512,
    0.020055,
    0.01972,
    0.018906,
    0.019293,
    0.019109,
    0.018912,
    0.018749,
    0.018937,
    0.019826,
    0.019708,
    0.019159,
    0.01907,
    0.019128,
    0.019062,
    0.019358,
    0.018644,
    0.018627,
    0.019164,
    0.018825,
    0.01837,
    0.018734,
    0.018596,
    0.018818,
    0.018437,
    0.018303,
    0.018547,
    0.019332,
    0.018259,
    0.018263,
    0.018393,
    0.018238,
    0.017548,
    0.018145,
    0.017911,
    0.01789,
    0.018556,
    0.017851,
    0.017831,
    0.017884,
    0.018233,
    0.017634,
    0.017651,
    0.017493,
    0.018226,
    0.01757,
    0.017678,
    0.017552,
    0.017532,
    0.017659,
    0.017457,
    0.017702,
    0.017193,
    0.017427,
    0.017371,
    0.017793,
    0.017647,
    0.017595,
    0.017844,
    0.017608,
    0.017724,
    0.022012,
    0.017577,
    0.017974,
    0.017375,
    0.017128,
    0.01705,
    0.017365,
    0.017441,
    0.01695,
    0.017083,
    0.016884,
    0.016765,
    0.016756,
    0.0182,
    0.017186,
    0.01683,
    0.017246,
    0.016804,
    0.016903,
    0.017043,
    0.016611,
    0.01654,
    0.016659,
    0.016945,
    0.016879,
    0.016015,
    0.016386
  ],
  "val_loss_curve": [
    0.006161,
    0.006066,
    0.005978,
    0.006024,
    0.006165,
    0.00609,
    0.006065,
    0.006143,
    0.006336,
    0.006421,
    0.006647,
    0.006661,
    0.006824,
    0.007075,
    0.007362,
    0.007673,
    0.008809,
    0.009515,
    0.00921,
    0.010377,
    0.010616,
    0.011723,
    0.013281,
    0.014276,
    0.01555,
    0.019044,
    0.020481,
    0.017224,
    0.01811,
    0.019194,
    0.023338,
    0.025949,
    0.030351,
    0.029749,
    0.036918,
    0.036343,
    0.040185,
    0.043282,
    0.045095,
    0.044903,
    0.052825,
    0.046598,
    0.060176,
    0.062526,
    0.061239,
    0.066414,
    0.071178,
    0.063372,
    0.075235,
    0.080183,
    0.082524,
    0.079449,
    0.082931,
    0.092239,
    0.095171,
    0.094409,
    0.097119,
    0.094962,
    0.09888,
    0.100131,
    0.10389,
    0.104303,
    0.106761,
    0.108435,
    0.10526,
    0.105919,
    0.108059,
    0.109711,
    0.105938,
    0.111385,
    0.115064,
    0.102065,
    0.107832,
    0.108844,
    0.110553,
    0.111933,
    0.116632,
    0.112146,
    0.11007,
    0.114202,
    0.113301,
    0.109393,
    0.116293,
    0.102389,
    0.099209,
    0.099536,
    0.099481,
    0.104657,
    0.104794,
    0.101229,
    0.104166,
    0.104124,
    0.103607,
    0.105771,
    0.107274,
    0.105812,
    0.105318,
    0.106466,
    0.105564,
    0.107004,
    0.107602,
    0.103422,
    0.108544,
    0.108293,
    0.104763,
    0.104413,
    0.105735,
    0.107175,
    0.108056,
    0.107662,
    0.107267,
    0.107181,
    0.106149,
    0.107503,
    0.108828,
    0.109092,
    0.10892,
    0.109037,
    0.107256,
    0.107673,
    0.107922,
    0.107598,
    0.108445,
    0.107355,
    0.107754,
    0.107939,
    0.108523,
    0.106718,
    0.10585,
    0.106839,
    0.10675,
    0.106121,
    0.102454,
    0.101683,
    0.102541,
    0.104208,
    0.10306,
    0.102114,
    0.102459,
    0.101917,
    0.101982,
    0.101686,
    0.101983,
    0.101043,
    0.10608,
    0.10837,
    0.107811,
    0.106898,
    0.105627,
    0.106765,
    0.107376,
    0.106632,
    0.106301,
    0.105285,
    0.103495,
    0.103049,
    0.103571,
    0.104513,
    0.104842,
    0.104948,
    0.103912,
    0.10236,
    0.101488,
    0.105802,
    0.106772,
    0.1073,
    0.106454,
    0.107763,
    0.108041,
    0.107271,
    0.105719,
    0.104786,
    0.105681,
    0.10586,
    0.101238,
    0.097067,
    0.097055,
    0.097639,
    0.098714,
    0.100306,
    0.101969,
    0.10217,
    0.102862,
    0.102811,
    0.102848,
    0.102696,
    0.102088,
    0.102544,
    0.103219,
    0.102405,
    0.102096,
    0.10199,
    0.10159,
    0.102067,
    0.102558,
    0.103497,
    0.103142,
    0.103009,
    0.103103,
    0.102258,
    0.102128
  ],
  "per_company_mape": {
    "C10007": 0.056755,
    "C10019": 0.068712,
    "C10022": 0.031305,
    "C10204": 0.051988,
    "C10308": 0.012677,
    "C10336": 0.042809,
    "C1066": 0.048394,
    "C10783": 0.055869,
    "C10790": 0.04635,
    "C1090": 0.060539,
    "C11037": 0.039073,
    "C11126": 0.063475,
    "C11150": 2.808123,
    "C11231": 0.180385,
    "C12360": 0.060925,
    "C13420": 0.045831,
    "C13439": 0.072984,
    "C13501": 0.037047,
    "C13528": 0.136582,
    "C13587": 0.075803,
    "C13595": 0.012929,
    "C13641": 0.037326,
    "C13781": 0.015431,
    "C13889": 0.049331,
    "C13943": 0.079895,
    "C14044": 0.057231,
    "C14176": 0.044454,
    "C14257": 0.074095,
    "C14311": 0.091803,
    "C14370": 0.177696,
    "C14443": 0.013863,
    "C14550": 0.083285,
    "C14885": 0.095202,
    "C15024": 0.01188,
    "C15172": 0.045698,
    "C15199": 0.055733,
    "C15210": 0.155613,
    "C1538": 0.010729,
    "C15407": 0.037601,
    "C15997": 0.037427,
    "C16373": 0.067134,
    "C16799": 0.019657,
    "C1716": 0.027839,
    "C1767": 0.050459,
    "C17884": 0.639836,
    "C18163": 0.052908,
    "C18309": 0.057757,
    "C18380": 0.029569,
    "C18686": 0.031888,
    "C18791": 0.039938,
    "C19119": 0.029663,
    "C19780": 0.075729,
    "C2003": 0.102077,
    "C20430": 0.018012,
    "C20800": 0.034744,
    "C21172": 0.026326,
    "C2143": 0.012337,
    "C2208": 0.058832,
    "C22390": 0.037241,
    "C2259": 0.042125,
    "C23574": 0.028367,
    "C23663": 0.0,
    "C23876": 0.048554,
    "C25275": 0.077728,
    "C25755": 0.04752,
    "C26077": 0.077897,
    "C26808": 0.148264,
    "C26905": 0.052881,
    "C27022": 0.103364,
    "C27065": 0.057574,
    "C27499": 0.064838,
    "C27766": 0.003074,
    "C29297": 0.108335,
    "C29378": 0.00726,
    "C29440": 0.014211,
    "C31062": 0.041891,