{
  "arch": "gru_baseline",
  "lob": "private_passenger_auto",
  "config_idx": 46,
  "dropout_rate": 0.0127,
  "learning_rate": 0.0014005,
  "batch_size": 256,
  "max_epochs": 1000,
  "gru_units": 64,
  "dense_units": 32,
  "mape": 0.025263085922251176,
  "rmspe": 0.08812059792948201,
  "n_companies": 122,
  "n_filtered": 4,
  "mape_std": 0.06290245635134123,
  "mape_p25": 0.008602728886047819,
  "mape_p75": 0.026983976847920504,
  "training_time": 30.4,
  "epochs_trained": 201,
  "best_val_loss": 0.0067618160350580835,
  "train_loss_curve": [
    0.040781,
    0.038553,
    0.037413,
    0.036619,
    0.035979,
    0.035473,
    0.03463,
    0.033436,
    0.032819,
    0.03208,
    0.030799,
    0.030363,
    0.029297,
    0.028767,
    0.027926,
    0.027503,
    0.02646,
    0.026703,
    0.025239,
    0.030906,
    0.026179,
    0.02527,
    0.024124,
    0.023887,
    0.023659,
    0.023654,
    0.023681,
    0.02377,
    0.022619,
    0.02208,
    0.022149,
    0.021689,
    0.021724,
    0.021508,
    0.021807,
    0.021431,
    0.020162,
    0.019978,
    0.020395,
    0.020768,
    0.019258,
    0.019031,
    0.019834,
    0.020337,
    0.020552,
    0.017581,
    0.018139,
    0.01657,
    0.017795,
    0.016289,
    0.016905,
    0.016339,
    0.015299,
    0.015341,
    0.015491,
    0.014734,
    0.013915,
    0.013868,
    0.01274,
    0.013704,
    0.012857,
    0.012777,
    0.012566,
    0.012363,
    0.012362,
    0.012251,
    0.0108,
    0.011947,
    0.011249,
    0.011377,
    0.010441,
    0.010149,
    0.011189,
    0.024674,
    0.009522,
    0.009495,
    0.009229,
    0.008886,
    0.009459,
    0.009007,
    0.00876,
    0.008176,
    0.009368,
    0.009262,
    0.009058,
    0.008188,
    0.007417,
    0.007171,
    0.007914,
    0.006784,
    0.006365,
    0.006517,
    0.009575,
    0.006615,
    0.006329,
    0.005921,
    0.005593,
    0.006486,
    0.006121,
    0.006386,
    0.005837,
    0.005671,
    0.00581,
    0.006177,
    0.00521,
    0.006398,
    0.005439,
    0.005241,
    0.004777,
    0.005312,
    0.005902,
    0.004666,
    0.004907,
    0.005096,
    0.004735,
    0.004674,
    0.005719,
    0.004852,
    0.004737,
    0.004862,
    0.004441,
    0.004892,
    0.005077,
    0.004965,
    0.004788,
    0.006371,
    0.005358,
    0.004929,
    0.004443,
    0.004647,
    0.022024,
    0.004648,
    0.004598,
    0.004816,
    0.00454,
    0.004571,
    0.004383,
    0.0047,
    0.004658,
    0.012255,
    0.004818,
    0.004637,
    0.004938,
    0.004692,
    0.004565,
    0.004298,
    0.004677,
    0.004655,
    0.004445,
    0.00454,
    0.00441,
    0.004823,
    0.004455,
    0.004799,
    0.004595,
    0.004477,
    0.004257,
    0.004425,
    0.005015,
    0.004291,
    0.004603,
    0.00438,
    0.004299,
    0.004473,
    0.004239,
    0.005461,
    0.004303,
    0.004664,
    0.004335,
    0.004438,
    0.004331,
    0.005161,
    0.004653,
    0.011519,
    0.004536,
    0.004301,
    0.00479,
    0.004658,
    0.020932,
    0.004373,
    0.004362,
    0.004893,
    0.004799,
    0.004762,
    0.00462,
    0.004763,
    0.00425,
    0.004264,
    0.00442,
    0.004792,
    0.00427,
    0.004419,
    0.004285,
    0.004465,
    0.004443,
    0.005016,
    0.004463,
    0.004293,
    0.004649,
    0.004228,
    0.004208
  ],
  "val_loss_curve": [
    0.006762,
    0.006813,
    0.007196,
    0.008107,
    0.008718,
    0.008499,
    0.009231,
    0.012486,
    0.015892,
    0.01898,
    0.018151,
    0.021207,
    0.02355,
    0.02316,
    0.038809,
    0.041292,
    0.045822,
    0.038741,
    0.04991,
    0.038656,
    0.030991,
    0.037145,
    0.046663,
    0.05344,
    0.05219,
    0.066195,
    0.035407,
    0.036924,
    0.03886,
    0.041851,
    0.042102,
    0.041446,
    0.046952,
    0.042233,
    0.044184,
    0.042893,
    0.044397,
    0.042341,
    0.044053,
    0.036319,
    0.040681,
    0.04777,
    0.039659,
    0.04092,
    0.042568,
    0.038234,
    0.036384,
    0.037802,
    0.039959,
    0.043074,
    0.042695,
    0.048913,
    0.044974,
    0.036995,
    0.0356,
    0.037579,
    0.038662,
    0.035799,
    0.036625,
    0.038797,
    0.035812,
    0.038269,
    0.038148,
    0.040638,
    0.040863,
    0.038776,
    0.038992,
    0.04035,
    0.045025,
    0.043581,
    0.046035,
    0.03894,
    0.045542,
    0.040184,
    0.036687,
    0.038932,
    0.031007,
    0.027694,
    0.031015,
    0.026888,
    0.028611,
    0.039399,
    0.021056,
    0.025989,
    0.025878,
    0.022714,
    0.021878,
    0.021606,
    0.020589,
    0.022275,
    0.028614,
    0.021403,
    0.020463,
    0.017532,
    0.021054,
    0.019291,
    0.021451,
    0.013842,
    0.019536,
    0.01938,
    0.022044,
    0.013663,
    0.015458,
    0.020087,
    0.017512,
    0.020377,
    0.015037,
    0.015626,
    0.014444,
    0.015013,
    0.01559,
    0.014855,
    0.015458,
    0.01488,
    0.013056,
    0.013749,
    0.014671,
    0.017371,
    0.014733,
    0.016195,
    0.016165,
    0.016253,
    0.017216,
    0.014122,
    0.010344,
    0.012364,
    0.016332,
    0.014908,
    0.012619,
    0.012733,
    0.012266,
    0.010392,
    0.010931,
    0.014305,
    0.013504,
    0.011527,
    0.011185,
    0.012409,
    0.012448,
    0.014277,
    0.015169,
    0.012831,
    0.017532,
    0.015435,
    0.014179,
    0.012398,
    0.011711,
    0.011942,
    0.0119,
    0.011361,
    0.012018,
    0.012029,
    0.011512,
    0.014595,
    0.014918,
    0.013681,
    0.012813,
    0.012205,
    0.011629,
    0.011635,
    0.011282,
    0.011418,
    0.012716,
    0.01269,
    0.012983,
    0.012575,
    0.01217,
    0.011987,
    0.012058,
    0.013482,
    0.01306,
    0.012726,
    0.01422,
    0.01425,
    0.013852,
    0.013576,
    0.012864,
    0.012341,
    0.01202,
    0.011728,
    0.011623,
    0.012664,
    0.013148,
    0.01332,
    0.011511,
    0.011636,
    0.012439,
    0.011919,
    0.011541,
    0.01151,
    0.011482,
    0.013339,
    0.012639,
    0.011902,
    0.011286,
    0.011645,
    0.011516,
    0.01127,
    0.011134,
    0.011674,
    0.011743
  ],
  "per_company_mape": {
    "C10007": 0.008545,
    "C10019": 0.059106,
    "C10022": 0.023681,
    "C10204": 0.033798,
    "C10308": 0.012494,
    "C10336": 0.007512,
    "C1066": 0.028879,
    "C10783": 0.008935,
    "C10790": 0.015751,
    "C1090": 0.006619,
    "C11037": 0.040263,
    "C11126": 0.022345,
    "C11150": 0.275378,
    "C11231": 0.029004,
    "C12360": 0.005796,
    "C13420": 0.028483,
    "C13439": 0.012852,
    "C13501": 0.013302,
    "C13528": 0.012698,
    "C13587": 0.028733,
    "C13595": 0.010274,
    "C13641": 0.011462,
    "C13781": 0.014621,
    "C13889": 0.017169,
    "C13943": 0.019146,
    "C14044": 0.039997,
    "C14176": 0.009786,
    "C14257": 0.008067,
    "C14311": 0.028859,
    "C14370": 0.078246,
    "C14443": 0.02245,
    "C14550": 0.017055,
    "C14885": 0.0095,
    "C15024": 0.012184,
    "C15172": 0.004269,
    "C15199": 0.010696,
    "C15210": 0.031954,
    "C1538": 0.014505,
    "C15407": 0.022176,
    "C15997": 0.02693,
    "C16373": 0.008777,
    "C16799": 0.005062,
    "C1716": 0.011042,
    "C1767": 0.01407,
    "C17884": 0.648287,
    "C18163": 0.026131,
    "C18309": 0.015789,
    "C18380": 0.017243,
    "C18686": 0.008097,
    "C18791": 0.030121,
    "C19119": 0.005445,
    "C19780": 0.052414,
    "C2003": 0.007829,
    "C20430": 0.011451,
    "C20800": 0.0,
    "C21172": 0.035934,
    "C2143": 0.00946,
    "C2208": 0.007076,
    "C22390": 0.016567,
    "C2259": 0.012115,
    "C23574": 0.016155,
    "C23663": 0.0,
    "C23876": 0.016846,
    "C25275": 0.007995,
    "C25755": 0.01114,
    "C26077": 0.026547,
    "C26808": 0.038041,
    "C26905": 0.006566,
    "C27022": 0.019476,
    "C27065": 0.011254,
    "C27499": 0.024935,
    "C27766": 0.000272,
    "C29297": 0.001066,
    "C29378": 0.022253,
    "C29440": 0.012152,
    "C31062": 0.046574,