{
  "arch": "gru_baseline",
  "lob": "private_passenger_auto",
  "config_idx": 21,
  "dropout_rate": 0.02427,
  "learning_rate": 0.0005513,
  "batch_size": 256,
  "max_epochs": 500,
  "gru_units": 128,
  "dense_units": 128,
  "mape": 0.046652141528962056,
  "rmspe": 0.15637690162307596,
  "n_companies": 121,
  "n_filtered": 7,
  "mape_std": 0.10658756087756024,
  "mape_p25": 0.021593743072937117,
  "mape_p75": 0.03837715009578558,
  "training_time": 30.45,
  "epochs_trained": 201,
  "best_val_loss": 0.006495222883781285,
  "train_loss_curve": [
    0.040491,
    0.038472,
    0.037975,
    0.037504,
    0.036998,
    0.036675,
    0.036528,
    0.037471,
    0.036469,
    0.036141,
    0.036112,
    0.035827,
    0.035504,
    0.035147,
    0.034943,
    0.034683,
    0.034657,
    0.034611,
    0.034109,
    0.034607,
    0.034477,
    0.034663,
    0.033741,
    0.033397,
    0.033113,
    0.033108,
    0.03324,
    0.033699,
    0.032591,
    0.032604,
    0.032134,
    0.031904,
    0.031981,
    0.032261,
    0.031493,
    0.031761,
    0.03191,
    0.030837,
    0.030722,
    0.030121,
    0.030078,
    0.029526,
    0.029601,
    0.029489,
    0.029277,
    0.028272,
    0.028434,
    0.028645,
    0.02987,
    0.028643,
    0.027712,
    0.027679,
    0.027012,
    0.029456,
    0.027164,
    0.02669,
    0.025952,
    0.024987,
    0.026042,
    0.024775,
    0.02435,
    0.023902,
    0.023932,
    0.024987,
    0.022136,
    0.022899,
    0.02311,
    0.023284,
    0.023623,
    0.021512,
    0.021604,
    0.02114,
    0.020982,
    0.021371,
    0.020142,
    0.020753,
    0.020653,
    0.01973,
    0.019799,
    0.019671,
    0.019483,
    0.021571,
    0.019134,
    0.024745,
    0.019561,
    0.016773,
    0.019465,
    0.020074,
    0.018666,
    0.018877,
    0.017915,
    0.024238,
    0.018722,
    0.017928,
    0.018724,
    0.018215,
    0.020163,
    0.020679,
    0.017871,
    0.017783,
    0.017985,
    0.017141,
    0.032403,
    0.016993,
    0.016891,
    0.015522,
    0.016882,
    0.017003,
    0.018609,
    0.016554,
    0.016764,
    0.016253,
    0.016468,
    0.023404,
    0.030093,
    0.015908,
    0.016951,
    0.017391,
    0.016216,
    0.014675,
    0.01577,
    0.0158,
    0.015834,
    0.022304,
    0.014988,
    0.015925,
    0.016956,
    0.015747,
    0.015496,
    0.015136,
    0.015234,
    0.015118,
    0.018558,
    0.014937,
    0.015439,
    0.014999,
    0.015423,
    0.01588,
    0.014812,
    0.014651,
    0.015471,
    0.014569,
    0.014327,
    0.016755,
    0.015554,
    0.015042,
    0.014686,
    0.030092,
    0.014665,
    0.014675,
    0.014482,
    0.014713,
    0.01453,
    0.01469,
    0.014768,
    0.014068,
    0.021518,
    0.014819,
    0.014609,
    0.01438,
    0.014565,
    0.014289,
    0.014197,
    0.014769,
    0.014206,
    0.014093,
    0.014542,
    0.013829,
    0.014244,
    0.014095,
    0.014345,
    0.014289,
    0.01383,
    0.013891,
    0.013855,
    0.013998,
    0.015082,
    0.014054,
    0.013832,
    0.014017,
    0.014428,
    0.013731,
    0.013731,
    0.01424,
    0.013919,
    0.014833,
    0.014155,
    0.014096,
    0.014232,
    0.013746,
    0.013563,
    0.020779,
    0.013945,
    0.013969,
    0.01379,
    0.013641,
    0.015458,
    0.01371,
    0.013625,
    0.013789,
    0.01371
  ],
  "val_loss_curve": [
    0.00682,
    0.006824,
    0.006818,
    0.006768,
    0.006744,
    0.006722,
    0.006826,
    0.00688,
    0.006752,
    0.006659,
    0.006772,
    0.006734,
    0.007073,
    0.006596,
    0.0066,
    0.006534,
    0.006495,
    0.006567,
    0.006519,
    0.006756,
    0.006727,
    0.006582,
    0.00664,
    0.006662,
    0.006578,
    0.006541,
    0.006641,
    0.006698,
    0.006589,
    0.006671,
    0.006897,
    0.006613,
    0.006734,
    0.006795,
    0.006654,
    0.006855,
    0.006667,
    0.006846,
    0.006734,
    0.006909,
    0.006691,
    0.006695,
    0.00698,
    0.006651,
    0.006905,
    0.006842,
    0.006775,
    0.006931,
    0.006752,
    0.007027,
    0.006849,
    0.00678,
    0.007199,
    0.006948,
    0.006779,
    0.00709,
    0.006829,
    0.006985,
    0.006845,
    0.006843,
    0.006993,
    0.006862,
    0.006914,
    0.006917,
    0.006794,
    0.00684,
    0.006994,
    0.006928,
    0.006972,
    0.006984,
    0.006943,
    0.006961,
    0.006949,
    0.006971,
    0.006973,
    0.006952,
    0.006951,
    0.00695,
    0.006881,
    0.006889,
    0.006925,
    0.007063,
    0.006973,
    0.006913,
    0.007011,
    0.006943,
    0.006924,
    0.007051,
    0.006944,
    0.006955,
    0.006968,
    0.007005,
    0.006978,
    0.006964,
    0.00693,
    0.007009,
    0.007069,
    0.006945,
    0.006965,
    0.00696,
    0.006895,
    0.006984,
    0.006898,
    0.006998,
    0.006909,
    0.006905,
    0.006959,
    0.007003,
    0.006913,
    0.006966,
    0.007034,
    0.007096,
    0.007015,
    0.007037,
    0.007018,
    0.007099,
    0.007077,
    0.007016,
    0.007053,
    0.007029,
    0.007001,
    0.007038,
    0.00704,
    0.007032,
    0.007042,
    0.007056,
    0.007015,
    0.007024,
    0.007037,
    0.007045,
    0.007012,
    0.007001,
    0.007029,
    0.007012,
    0.007023,
    0.007031,
    0.007007,
    0.00701,
    0.006997,
    0.007029,
    0.007013,
    0.007022,
    0.007015,
    0.007023,
    0.007079,
    0.007021,
    0.007055,
    0.006983,
    0.006986,
    0.007045,
    0.007026,
    0.00708,
    0.007074,
    0.0071,
    0.007033,
    0.007065,
    0.007067,
    0.007059,
    0.007015,
    0.007035,
    0.007117,
    0.007134,
    0.007073,
    0.007061,
    0.007095,
    0.007067,
    0.007083,
    0.007093,
    0.007072,
    0.007041,
    0.007095,
    0.007066,
    0.007071,
    0.007066,
    0.00705,
    0.007047,
    0.0071,
    0.007088,
    0.007067,
    0.007077,
    0.007065,
    0.007064,
    0.007067,
    0.007121,
    0.007107,
    0.007092,
    0.00707,
    0.007104,
    0.007093,
    0.007094,
    0.007081,
    0.007045,
    0.007046,
    0.00708,
    0.007078,
    0.007059,
    0.007143,
    0.007111,
    0.007088,
    0.007064,
    0.007056
  ],
  "per_company_mape": {
    "C10007": 0.029318,
    "C10019": 0.068182,
    "C10022": 0.030535,
    "C10204": 0.025749,
    "C10308": 0.003054,
    "C10336": 0.031245,
    "C1066": 0.032911,
    "C10783": 0.028757,
    "C10790": 0.036007,
    "C1090": 0.029107,
    "C11037": 0.030014,
    "C11126": 0.035383,
    "C11150": 1.008682,
    "C11231": 0.163899,
    "C12360": 0.022983,
    "C13420": 0.029852,
    "C13439": 0.019886,
    "C13501": 0.023628,
    "C13528": 0.019018,
    "C13587": 0.047049,
    "C13595": 0.006676,
    "C13641": 0.020688,
    "C13781": 0.038377,
    "C13889": 0.0221,
    "C13943": 0.029824,
    "C14044": 0.046087,
    "C14176": 0.031047,
    "C14257": 0.03237,
    "C14311": 0.06739,
    "C14370": 0.097347,
    "C14443": 0.025467,
    "C14550": 0.042038,
    "C14885": 0.015881,
    "C15024": 0.0274,
    "C15172": 0.042165,
    "C15199": 0.029554,
    "C15210": 0.057758,
    "C1538": 0.018459,
    "C15407": 0.017472,
    "C15997": 0.029671,
    "C16373": 0.031284,
    "C16799": 0.01191,
    "C1716": 0.035096,
    "C1767": 0.020276,
    "C17884": 0.642805,
    "C18163": 0.021594,
    "C18309": 0.038208,
    "C18380": 0.005174,
    "C18686": 0.018023,
    "C18791": 0.031776,
    "C19119": 0.031082,
    "C19780": 0.068291,
    "C2003": 0.021459,
    "C20430": 0.020973,
    "C20800": 0.013235,
    "C21172": 0.086317,
    "C2143": 0.020692,
    "C2208": 0.016457,
    "C22390": 0.02985,
    "C2259": 0.025475,
    "C23574": 0.021446,
    "C23663": 0.0,
    "C23876": 0.014548,
    "C25275": 0.026427,
    "C25755": 0.026997,
    "C26077": 0.040107,
    "C26808": 0.046719,
    "C26905": 0.021022,
    "C27022": 0.025712,
    "C27065": 0.033455,
    "C27499": 0.031907,
    "C27766": 0.067536,
    "C29297": 0.046006,
    "C29378": 0.034487,
    "C29440": 0.022663,
    "C31062": 0.031203,