{
  "arch": "gru_baseline",
  "lob": "private_passenger_auto",
  "config_idx": 69,
  "dropout_rate": 0.08532,
  "learning_rate": 0.0002914,
  "batch_size": 256,
  "max_epochs": 1000,
  "gru_units": 256,
  "dense_units": 32,
  "mape": 0.07930702878693924,
  "rmspe": 0.4705252413651018,
  "n_companies": 121,
  "n_filtered": 7,
  "mape_std": 0.32738729386328336,
  "mape_p25": 0.023219429402678265,
  "mape_p75": 0.055422860511367716,
  "training_time": 32.77,
  "epochs_trained": 201,
  "best_val_loss": 0.006937289103266916,
  "train_loss_curve": [
    0.041017,
    0.039376,
    0.038839,
    0.038189,
    0.037791,
    0.037528,
    0.037012,
    0.036498,
    0.036834,
    0.036544,
    0.035625,
    0.035717,
    0.035704,
    0.035139,
    0.035046,
    0.034731,
    0.034238,
    0.033527,
    0.033769,
    0.03339,
    0.033089,
    0.032461,
    0.037895,
    0.032039,
    0.032752,
    0.032125,
    0.034045,
    0.030779,
    0.031618,
    0.031483,
    0.035493,
    0.030819,
    0.030127,
    0.030508,
    0.035269,
    0.029112,
    0.030131,
    0.029994,
    0.030285,
    0.034814,
    0.029524,
    0.028271,
    0.031102,
    0.028849,
    0.02826,
    0.02817,
    0.029019,
    0.028192,
    0.027311,
    0.027307,
    0.027243,
    0.026852,
    0.028604,
    0.028511,
    0.027711,
    0.025742,
    0.026065,
    0.026644,
    0.026349,
    0.033064,
    0.025394,
    0.027843,
    0.026454,
    0.026756,
    0.026103,
    0.032985,
    0.025349,
    0.030121,
    0.026167,
    0.025764,
    0.02637,
    0.024876,
    0.026752,
    0.027046,
    0.025282,
    0.024385,
    0.025272,
    0.029839,
    0.024667,
    0.024205,
    0.025418,
    0.024476,
    0.025151,
    0.025207,
    0.031181,
    0.025212,
    0.024534,
    0.02639,
    0.023788,
    0.024709,
    0.02362,
    0.031135,
    0.024274,
    0.024684,
    0.023547,
    0.023746,
    0.023973,
    0.028801,
    0.023878,
    0.0305,
    0.026,
    0.023393,
    0.024058,
    0.023908,
    0.031066,
    0.025536,
    0.024016,
    0.022884,
    0.023256,
    0.024174,
    0.023264,
    0.023536,
    0.023434,
    0.024084,
    0.02358,
    0.023221,
    0.02419,
    0.023948,
    0.02257,
    0.023093,
    0.023361,
    0.024087,
    0.023074,
    0.023575,
    0.026942,
    0.026364,
    0.023265,
    0.023049,
    0.026326,
    0.025137,
    0.023897,
    0.023834,
    0.022576,
    0.022715,
    0.024414,
    0.029574,
    0.022386,
    0.022684,
    0.026386,
    0.02343,
    0.022261,
    0.022529,
    0.022566,
    0.021789,
    0.024387,
    0.022364,
    0.022028,
    0.023312,
    0.022333,
    0.024177,
    0.026639,
    0.022293,
    0.022237,
    0.023586,
    0.02248,
    0.029737,
    0.023512,
    0.022641,
    0.024265,
    0.02632,
    0.02323,
    0.023297,
    0.021511,
    0.023448,
    0.029026,
    0.021807,
    0.028233,
    0.023081,
    0.022236,
    0.022086,
    0.02268,
    0.021747,
    0.021674,
    0.021385,
    0.022006,
    0.022414,
    0.022059,
    0.022522,
    0.026814,
    0.022861,
    0.022267,
    0.022745,
    0.023892,
    0.021443,
    0.023995,
    0.021511,
    0.033384,
    0.022103,
    0.030827,
    0.021426,
    0.0286,
    0.022695,
    0.021603,
    0.021307,
    0.028781,
    0.02249,
    0.021443,
    0.02192,
    0.022423,
    0.022338,
    0.02732
  ],
  "val_loss_curve": [
    0.007078,
    0.006937,
    0.008026,
    0.007095,
    0.007184,
    0.007213,
    0.007071,
    0.007218,
    0.007174,
    0.007435,
    0.007778,
    0.008251,
    0.009141,
    0.009735,
    0.01104,
    0.011878,
    0.01313,
    0.014093,
    0.016174,
    0.017935,
    0.016438,
    0.020699,
    0.020668,
    0.017842,
    0.027408,
    0.025893,
    0.029394,
    0.033531,
    0.032568,
    0.035379,
    0.029618,
    0.028682,
    0.039926,
    0.041645,
    0.039943,
    0.044777,
    0.046029,
    0.042046,
    0.054709,
    0.0483,
    0.057261,
    0.061865,
    0.058595,
    0.070511,
    0.076446,
    0.078665,
    0.078267,
    0.093547,
    0.087378,
    0.083443,
    0.078962,
    0.08609,
    0.107376,
    0.117324,
    0.128954,
    0.135906,
    0.127825,
    0.116717,
    0.126801,
    0.114053,
    0.114394,
    0.108984,
    0.108722,
    0.12453,
    0.126447,
    0.121321,
    0.121195,
    0.095116,
    0.098449,
    0.098608,
    0.110065,
    0.114402,
    0.115272,
    0.137463,
    0.139714,
    0.138386,
    0.134525,
    0.124814,
    0.122628,
    0.122728,
    0.128669,
    0.11762,
    0.123652,
    0.12641,
    0.133839,
    0.122147,
    0.117988,
    0.124871,
    0.121798,
    0.12511,
    0.124506,
    0.12192,
    0.13257,
    0.147366,
    0.151611,
    0.155382,
    0.152325,
    0.131064,
    0.120055,
    0.119573,
    0.111504,
    0.103264,
    0.109403,
    0.113067,
    0.11339,
    0.117934,
    0.120502,
    0.119211,
    0.119931,
    0.124957,
    0.127429,
    0.129112,
    0.13312,
    0.130938,
    0.132353,
    0.135343,
    0.130719,
    0.135975,
    0.137527,
    0.140745,
    0.13269,
    0.127428,
    0.128883,
    0.133639,
    0.139584,
    0.149817,
    0.148077,
    0.150682,
    0.151003,
    0.143561,
    0.131006,
    0.128617,
    0.126777,
    0.123699,
    0.120353,
    0.117071,
    0.119808,
    0.122423,
    0.121519,
    0.121847,
    0.128905,
    0.128893,
    0.130812,
    0.126931,
    0.119939,
    0.116885,
    0.115062,
    0.1146,
    0.115712,
    0.106608,
    0.110514,
    0.11093,
    0.115752,
    0.11993,
    0.122459,
    0.124295,
    0.124514,
    0.126015,
    0.125831,
    0.124349,
    0.121474,
    0.119937,
    0.116799,
    0.115329,
    0.115585,
    0.116193,
    0.117199,
    0.117544,
    0.125192,
    0.128471,
    0.127574,
    0.125054,
    0.124316,
    0.123189,
    0.125148,
    0.126355,
    0.127586,
    0.124156,
    0.125896,
    0.120031,
    0.124301,
    0.124254,
    0.126569,
    0.12431,
    0.130243,
    0.129413,
    0.129952,
    0.126008,
    0.122685,
    0.124162,
    0.124958,
    0.120748,
    0.118499,
    0.118548,
    0.120187,
    0.119445,
    0.119922,
    0.118333,
    0.121084,
    0.120657,
    0.125498
  ],
  "per_company_mape": {
    "C10007": 0.031468,
    "C10019": 0.073356,
    "C10022": 0.030768,
    "C10204": 0.050427,
    "C10308": 0.085079,
    "C10336": 0.012861,
    "C1066": 0.069566,
    "C10783": 0.018918,
    "C10790": 0.075728,
    "C1090": 0.047515,
    "C11037": 0.007318,
    "C11126": 0.076171,
    "C11150": 3.570845,
    "C11231": 0.233823,
    "C12360": 0.042461,
    "C13420": 0.03694,
    "C13439": 0.025956,
    "C13501": 0.043712,
    "C13528": 0.048983,
    "C13587": 0.097523,
    "C13595": 0.021118,
    "C13641": 0.018716,
    "C13781": 0.063248,
    "C13889": 0.033816,
    "C13943": 0.025261,
    "C14044": 0.05634,
    "C14176": 0.060255,
    "C14257": 0.024705,
    "C14311": 0.031749,
    "C14370": 0.053937,
    "C14443": 0.013671,
    "C14550": 0.023725,
    "C14885": 0.021005,
    "C15024": 0.046626,
    "C15172": 0.043158,
    "C15199": 0.014833,
    "C15210": 0.080459,
    "C1538": 0.029875,
    "C15407": 0.066026,
    "C15997": 0.025849,
    "C16373": 0.052754,
    "C16799": 0.016171,
    "C1716": 0.026361,
    "C1767": 0.01982,
    "C17884": 0.638474,
    "C18163": 0.032925,
    "C18309": 0.068065,
    "C18380": 0.005174,
    "C18686": 0.018607,
    "C18791": 0.044514,
    "C19119": 0.056043,
    "C19780": 0.08178,
    "C2003": 0.029344,
    "C20430": 0.011937,
    "C20800": 0.019592,
    "C21172": 0.039559,
    "C2143": 0.011293,
    "C2208": 0.049298,
    "C22390": 0.022678,
    "C2259": 0.054202,
    "C23574": 0.018284,
    "C23663": 0.0,
    "C23876": 0.014764,
    "C25275": 0.045051,
    "C25755": 0.028781,
    "C26077": 0.030112,
    "C26808": 0.024563,
    "C26905": 0.052998,
    "C27022": 0.018727,
    "C27065": 0.021602,
    "C27499": 0.054946,
    "C27766": 0.054275,
    "C29297": 0.0382,
    "C29378": 0.012965,
    "C29440": 0.026372,
    "C31062": 0.048394,