{
  "arch": "gru_baseline",
  "lob": "private_passenger_auto",
  "config_idx": 32,
  "dropout_rate": 0.04227,
  "learning_rate": 0.0004624,
  "batch_size": 256,
  "max_epochs": 500,
  "gru_units": 128,
  "dense_units": 64,
  "mape": 0.056044766874768275,
  "rmspe": 0.3190191536657448,
  "n_companies": 122,
  "n_filtered": 5,
  "mape_std": 0.22208530646991867,
  "mape_p25": 0.02089152935470386,
  "mape_p75": 0.03945373547191824,
  "training_time": 34.0,
  "epochs_trained": 201,
  "best_val_loss": 0.006728177299789552,
  "train_loss_curve": [
    0.041372,
    0.039072,
    0.038545,
    0.037769,
    0.037068,
    0.036598,
    0.036279,
    0.036035,
    0.035326,
    0.03552,
    0.034784,
    0.034524,
    0.035076,
    0.033799,
    0.033681,
    0.032838,
    0.033356,
    0.032101,
    0.031857,
    0.031427,
    0.031343,
    0.032204,
    0.035627,
    0.030407,
    0.029973,
    0.029469,
    0.03041,
    0.029549,
    0.028609,
    0.030873,
    0.027863,
    0.028231,
    0.027655,
    0.026657,
    0.02685,
    0.026147,
    0.026418,
    0.025651,
    0.029019,
    0.02538,
    0.025796,
    0.025602,
    0.03194,
    0.027116,
    0.024417,
    0.023996,
    0.024217,
    0.023743,
    0.023306,
    0.023135,
    0.02328,
    0.022964,
    0.023091,
    0.022207,
    0.023534,
    0.021944,
    0.022653,
    0.022306,
    0.021977,
    0.022255,
    0.021553,
    0.022127,
    0.021552,
    0.021617,
    0.020873,
    0.021027,
    0.028922,
    0.020951,
    0.020942,
    0.021102,
    0.02087,
    0.021105,
    0.020979,
    0.021315,
    0.020298,
    0.021267,
    0.02015,
    0.019741,
    0.020025,
    0.02736,
    0.019754,
    0.022299,
    0.021259,
    0.020261,
    0.019511,
    0.021987,
    0.020157,
    0.020345,
    0.020107,
    0.036024,
    0.019334,
    0.020208,
    0.019674,
    0.019704,
    0.019295,
    0.019781,
    0.019247,
    0.019166,
    0.019277,
    0.01988,
    0.02658,
    0.019075,
    0.018249,
    0.018909,
    0.018801,
    0.018361,
    0.018284,
    0.017847,
    0.017689,
    0.020967,
    0.018922,
    0.021778,
    0.017622,
    0.023229,
    0.018755,
    0.018373,
    0.018416,
    0.017719,
    0.018547,
    0.016952,
    0.01778,
    0.018002,
    0.021127,
    0.018506,
    0.015851,
    0.029154,
    0.018178,
    0.027097,
    0.017706,
    0.017497,
    0.01795,
    0.018386,
    0.017728,
    0.017988,
    0.017117,
    0.016731,
    0.024986,
    0.017476,
    0.017081,
    0.017444,
    0.017342,
    0.016743,
    0.016745,
    0.024404,
    0.020496,
    0.017314,
    0.016856,
    0.016761,
    0.018867,
    0.017264,
    0.016059,
    0.016802,
    0.016575,
    0.024478,
    0.016268,
    0.016755,
    0.016139,
    0.01659,
    0.016141,
    0.017508,
    0.016616,
    0.015959,
    0.016222,
    0.018452,
    0.018693,
    0.015848,
    0.016026,
    0.019174,
    0.016761,
    0.015811,
    0.016254,
    0.016231,
    0.020398,
    0.016034,
    0.019454,
    0.014729,
    0.025791,
    0.015013,
    0.027469,
    0.015887,
    0.015962,
    0.022272,
    0.023637,
    0.01866,
    0.01667,
    0.015768,
    0.016345,
    0.018969,
    0.015621,
    0.01778,
    0.015348,
    0.015433,
    0.015332,
    0.015887,
    0.015381,
    0.015517,
    0.015353,
    0.01586,
    0.015717,
    0.016592,
    0.016007
  ],
  "val_loss_curve": [
    0.007014,
    0.006728,
    0.00688,
    0.006946,
    0.006872,
    0.007053,
    0.007712,
    0.007339,
    0.008345,
    0.008794,
    0.010092,
    0.010182,
    0.00995,
    0.01128,
    0.011282,
    0.013416,
    0.01537,
    0.018209,
    0.0188,
    0.020841,
    0.025085,
    0.023833,
    0.020705,
    0.026122,
    0.02634,
    0.033904,
    0.038932,
    0.040086,
    0.041375,
    0.032107,
    0.042562,
    0.050214,
    0.047075,
    0.05075,
    0.058392,
    0.059595,
    0.0584,
    0.070137,
    0.061454,
    0.057398,
    0.055494,
    0.073496,
    0.075474,
    0.06635,
    0.090483,
    0.073498,
    0.072588,
    0.073864,
    0.075803,
    0.078955,
    0.085333,
    0.084373,
    0.085742,
    0.087526,
    0.087792,
    0.090787,
    0.091247,
    0.091781,
    0.092387,
    0.093055,
    0.097575,
    0.094201,
    0.0982,
    0.098748,
    0.095579,
    0.098544,
    0.092995,
    0.095048,
    0.093628,
    0.088857,
    0.097211,
    0.09166,
    0.092364,
    0.096036,
    0.095942,
    0.092585,
    0.091276,
    0.091987,
    0.092864,
    0.091093,
    0.094792,
    0.093724,
    0.093076,
    0.093258,
    0.093591,
    0.094242,
    0.091522,
    0.096139,
    0.095541,
    0.091856,
    0.094654,
    0.096335,
    0.097244,
    0.098584,
    0.091353,
    0.093506,
    0.096849,
    0.098287,
    0.090577,
    0.090916,
    0.091904,
    0.090889,
    0.098346,
    0.095472,
    0.095884,
    0.099939,
    0.09946,
    0.098446,
    0.098609,
    0.102273,
    0.096047,
    0.099225,
    0.098634,
    0.085036,
    0.082548,
    0.083285,
    0.082482,
    0.085119,
    0.085165,
    0.08618,
    0.086532,
    0.086016,
    0.074695,
    0.077845,
    0.079746,
    0.078332,
    0.081158,
    0.081889,
    0.080846,
    0.080361,
    0.082333,
    0.082792,
    0.084998,
    0.084489,
    0.086011,
    0.08563,
    0.091153,
    0.091021,
    0.090483,
    0.088304,
    0.091399,
    0.09403,
    0.093306,
    0.094148,
    0.094921,
    0.094725,
    0.091578,
    0.095903,
    0.095113,
    0.096148,
    0.096318,
    0.096822,
    0.098555,
    0.098016,
    0.09519,
    0.094261,
    0.095361,
    0.096026,
    0.09578,
    0.095432,
    0.095681,
    0.096181,
    0.096108,
    0.096677,
    0.087428,
    0.085243,
    0.08478,
    0.084602,
    0.084144,
    0.084795,
    0.087159,
    0.088259,
    0.088926,
    0.087766,
    0.088662,
    0.089072,
    0.090146,
    0.090534,
    0.090258,
    0.089152,
    0.088386,
    0.085647,
    0.084967,
    0.082622,
    0.08078,
    0.081669,
    0.080921,
    0.083755,
    0.084165,
    0.083002,
    0.082158,
    0.082215,
    0.082213,
    0.083619,
    0.083886,
    0.088276,
    0.088076,
    0.087879,
    0.088247,
    0.087837,
    0.086917
  ],
  "per_company_mape": {
    "C10007": 0.021645,
    "C10019": 0.06904,
    "C10022": 0.036611,
    "C10204": 0.028459,
    "C10308": 0.0,
    "C10336": 0.015809,
    "C1066": 0.033345,
    "C10783": 0.038057,
    "C10790": 0.044088,
    "C1090": 0.017018,
    "C11037": 0.070706,
    "C11126": 0.06057,
    "C11150": 2.404489,
    "C11231": 0.163708,
    "C12360": 0.013263,
    "C13420": 0.04114,
    "C13439": 0.020735,
    "C13501": 0.039114,
    "C13528": 0.03467,
    "C13587": 0.034109,
    "C13595": 0.017893,
    "C13641": 0.029231,
    "C13781": 0.061928,
    "C13889": 0.030166,
    "C13943": 0.025298,
    "C14044": 0.047221,
    "C14176": 0.028444,
    "C14257": 0.030671,
    "C14311": 0.019699,
    "C14370": 0.081845,
    "C14443": 0.04803,
    "C14550": 0.016626,
    "C14885": 0.022905,
    "C15024": 0.046033,
    "C15172": 0.019,
    "C15199": 0.023347,
    "C15210": 0.063465,
    "C1538": 0.021437,
    "C15407": 0.044587,
    "C15997": 0.052451,
    "C16373": 0.044803,
    "C16799": 0.023023,
    "C1716": 0.042071,
    "C1767": 0.033834,
    "C17884": 0.633488,
    "C18163": 0.021531,
    "C18309": 0.027092,
    "C18380": 0.023024,
    "C18686": 0.024639,
    "C18791": 0.033165,
    "C19119": 0.020117,
    "C19780": 0.073084,
    "C2003": 0.028683,
    "C20430": 0.018045,
    "C20800": 0.0,
    "C21172": 0.068402,
    "C2143": 0.014877,
    "C2208": 0.026084,
    "C22390": 0.023904,
    "C2259": 0.032293,
    "C23574": 0.023421,
    "C23663": 0.0,
    "C23876": 0.01757,
    "C25275": 0.031466,
    "C25755": 0.01616,
    "C26077": 0.035477,
    "C26808": 0.055201,
    "C26905": 0.029612,
    "C27022": 0.027797,
    "C27065": 0.036653,
    "C27499": 0.035093,
    "C27766": 0.026676,
    "C29297": 0.025443,
    "C29378": 0.021361,
    "C29440": 0.012253,
    "C31062": 0.052572,