{
  "arch": "gru_baseline",
  "lob": "private_passenger_auto",
  "config_idx": 43,
  "dropout_rate": 0.17026,
  "learning_rate": 0.0001086,
  "batch_size": 512,
  "max_epochs": 1000,
  "gru_units": 64,
  "dense_units": 64,
  "mape": 0.05107007994807654,
  "rmspe": 0.1345070181665894,
  "n_companies": 122,
  "n_filtered": 1,
  "mape_std": 0.0908737975807836,
  "mape_p25": 0.011097572606073716,
  "mape_p75": 0.05505676104855026,
  "training_time": 19.17,
  "epochs_trained": 201,
  "best_val_loss": 0.005866716586751863,
  "train_loss_curve": [
    0.042072,
    0.041865,
    0.041938,
    0.041503,
    0.041211,
    0.041028,
    0.040866,
    0.040452,
    0.040518,
    0.040442,
    0.040076,
    0.040279,
    0.040113,
    0.039964,
    0.03955,
    0.039728,
    0.039544,
    0.039623,
    0.039236,
    0.0389,
    0.038948,
    0.039143,
    0.038672,
    0.039512,
    0.038761,
    0.038975,
    0.038378,
    0.038711,
    0.03849,
    0.038268,
    0.038506,
    0.038485,
    0.038386,
    0.038472,
    0.038049,
    0.038317,
    0.038492,
    0.037789,
    0.037925,
    0.03851,
    0.037787,
    0.037607,
    0.037934,
    0.038048,
    0.038256,
    0.03818,
    0.037812,
    0.037961,
    0.037557,
    0.03763,
    0.037533,
    0.037344,
    0.037933,
    0.037261,
    0.037627,
    0.037402,
    0.037248,
    0.037147,
    0.037426,
    0.037289,
    0.037478,
    0.03697,
    0.037391,
    0.03652,
    0.037697,
    0.036791,
    0.036457,
    0.037186,
    0.037,
    0.037554,
    0.036706,
    0.037166,
    0.036677,
    0.03641,
    0.036495,
    0.036084,
    0.036071,
    0.036342,
    0.03637,
    0.037659,
    0.036111,
    0.036363,
    0.036483,
    0.035615,
    0.036092,
    0.036302,
    0.036362,
    0.036147,
    0.036431,
    0.03637,
    0.036306,
    0.036158,
    0.035849,
    0.035965,
    0.035256,
    0.036178,
    0.036691,
    0.03582,
    0.036388,
    0.035473,
    0.035873,
    0.035906,
    0.036179,
    0.035773,
    0.035451,
    0.036711,
    0.035855,
    0.036682,
    0.035423,
    0.035419,
    0.035415,
    0.036012,
    0.035827,
    0.035481,
    0.035728,
    0.035638,
    0.035736,
    0.035788,
    0.035449,
    0.036414,
    0.036128,
    0.035242,
    0.035502,
    0.036246,
    0.035502,
    0.034796,
    0.035401,
    0.036263,
    0.03511,
    0.035049,
    0.035589,
    0.035249,
    0.035205,
    0.035066,
    0.035038,
    0.035995,
    0.035127,
    0.035599,
    0.035329,
    0.034862,
    0.035283,
    0.03474,
    0.034914,
    0.034959,
    0.036429,
    0.034472,
    0.035401,
    0.03554,
    0.034953,
    0.034602,
    0.03492,
    0.035121,
    0.035241,
    0.036042,
    0.035026,
    0.034129,
    0.036468,
    0.035498,
    0.035453,
    0.036369,
    0.035377,
    0.034825,
    0.034927,
    0.034036,
    0.034925,
    0.034282,
    0.035405,
    0.035295,
    0.035935,
    0.034172,
    0.034886,
    0.034724,
    0.034608,
    0.034861,
    0.03495,
    0.034523,
    0.035587,
    0.034658,
    0.036591,
    0.035442,
    0.034268,
    0.034825,
    0.035077,
    0.034608,
    0.034502,
    0.034927,
    0.033817,
    0.034702,
    0.034822,
    0.034246,
    0.035267,
    0.035549,
    0.035064,
    0.034349,
    0.034119,
    0.036321,
    0.034341,
    0.036217,
    0.035152,
    0.034577,
    0.034249
  ],
  "val_loss_curve": [
    0.006687,
    0.006569,
    0.006476,
    0.006411,
    0.006351,
    0.006309,
    0.006271,
    0.006224,
    0.006196,
    0.006194,
    0.006156,
    0.006147,
    0.006096,
    0.006119,
    0.00609,
    0.006058,
    0.006031,
    0.006023,
    0.005968,
    0.00594,
    0.005919,
    0.005903,
    0.005922,
    0.005925,
    0.005909,
    0.005905,
    0.005934,
    0.005903,
    0.005913,
    0.005867,
    0.005885,
    0.005881,
    0.005898,
    0.005883,
    0.005899,
    0.005872,
    0.005876,
    0.005905,
    0.00589,
    0.005894,
    0.005905,
    0.005929,
    0.005918,
    0.005905,
    0.005906,
    0.005934,
    0.005924,
    0.005908,
    0.00591,
    0.005926,
    0.005938,
    0.005945,
    0.005956,
    0.005954,
    0.005977,
    0.006,
    0.006006,
    0.006015,
    0.00605,
    0.006048,
    0.00604,
    0.006058,
    0.006088,
    0.006056,
    0.006062,
    0.006076,
    0.006084,
    0.006087,
    0.006087,
    0.006077,
    0.00609,
    0.006106,
    0.006116,
    0.006149,
    0.006143,
    0.006158,
    0.006189,
    0.006195,
    0.006199,
    0.006205,
    0.006241,
    0.006248,
    0.006245,
    0.006263,
    0.006269,
    0.006268,
    0.006272,
    0.006294,
    0.006305,
    0.006315,
    0.006316,
    0.006314,
    0.006322,
    0.006328,
    0.006321,
    0.00631,
    0.006321,
    0.006337,
    0.006335,
    0.00633,
    0.006332,
    0.006349,
    0.006367,
    0.006366,
    0.006367,
    0.006359,
    0.006374,
    0.006387,
    0.006386,
    0.006401,
    0.006411,
    0.006409,
    0.006426,
    0.006434,
    0.006457,
    0.006475,
    0.006495,
    0.006489,
    0.006491,
    0.006519,
    0.006514,
    0.006538,
    0.006547,
    0.006547,
    0.006569,
    0.006601,
    0.006622,
    0.006611,
    0.006609,
    0.006624,
    0.006643,
    0.006646,
    0.006656,
    0.006653,
    0.006647,
    0.006646,
    0.006643,
    0.006652,
    0.006657,
    0.006668,
    0.006687,
    0.006701,
    0.006707,
    0.006702,
    0.006701,
    0.006727,
    0.006739,
    0.006739,
    0.006739,
    0.006746,
    0.006749,
    0.00676,
    0.006759,
    0.006745,
    0.006742,
    0.006754,
    0.006753,
    0.006753,
    0.00677,
    0.006776,
    0.006775,
    0.006771,
    0.006771,
    0.006775,
    0.006792,
    0.006801,
    0.006804,
    0.006811,
    0.006812,
    0.006816,
    0.006829,
    0.006829,
    0.006833,
    0.00683,
    0.006835,
    0.006846,
    0.006842,
    0.006856,
    0.006865,
    0.006864,
    0.006871,
    0.006875,
    0.006903,
    0.006912,
    0.006917,
    0.006917,
    0.00691,
    0.006907,
    0.006909,
    0.006907,
    0.006911,
    0.006918,
    0.006918,
    0.006924,
    0.006922,
    0.00692,
    0.006926,
    0.006927,
    0.00693,
    0.006937,
    0.006939
  ],
  "per_company_mape": {
    "C10007": 0.075985,
    "C10019": 0.058927,
    "C10022": 0.018554,
    "C10204": 0.016635,
    "C10308": 0.160178,
    "C10336": 0.036048,
    "C1066": 0.032816,
    "C10783": 0.009131,
    "C10790": 0.01854,
    "C1090": 0.028799,
    "C11037": 0.01191,
    "C11126": 0.027632,
    "C11150": 0.454358,
    "C11231": 0.527583,
    "C12360": 0.098698,
    "C13420": 0.052047,
    "C13439": 0.070283,
    "C13501": 0.013478,
    "C13528": 0.107856,
    "C13587": 0.035023,
    "C13595": 0.159503,
    "C13641": 0.014953,
    "C13781": 0.006166,
    "C13889": 0.028272,
    "C13943": 0.016173,
    "C14044": 0.045791,
    "C14176": 0.053631,
    "C14257": 0.071967,
    "C14311": 0.080417,
    "C14370": 0.117337,
    "C14443": 0.01134,
    "C14550": 0.012218,
    "C14885": 0.01385,
    "C15024": 0.082876,
    "C15172": 0.074238,
    "C15199": 0.015455,
    "C15210": 0.028917,
    "C1538": 0.024489,
    "C15407": 0.110662,
    "C15997": 0.024827,
    "C16373": 0.002643,
    "C16799": 0.040269,
    "C1716": 0.003624,
    "C1767": 0.007059,
    "C17884": 0.631227,
    "C18163": 0.053522,
    "C18309": 0.024727,
    "C18380": 0.005174,
    "C18686": 0.013989,
    "C18791": 0.024871,
    "C19119": 0.235778,
    "C19780": 0.057078,
    "C2003": 0.00809,
    "C20430": 0.033307,
    "C20800": 0.0,
    "C21172": 0.087665,
    "C2143": 0.008639,
    "C2208": 0.008986,
    "C22390": 0.0,
    "C2259": 0.001876,
    "C23574": 0.027786,
    "C23663": 0.0,
    "C23876": 0.019971,
    "C25275": 0.020444,
    "C25755": 0.010086,
    "C26077": 0.038933,
    "C26808": 0.01716,
    "C26905": 0.001405,
    "C27022": 0.025854,
    "C27065": 0.042572,
    "C27499": 0.085987,
    "C27766": 0.000266,
    "C29297": 0.001066,
    "C29378": 8.6e-05,
    "C29440": 0.050563,
    "C31062": 0.035076,