{
  "arch": "gru_baseline",
  "lob": "private_passenger_auto",
  "config_idx": 23,
  "dropout_rate": 0.06473,
  "learning_rate": 0.0002161,
  "batch_size": 1024,
  "max_epochs": 1000,
  "gru_units": 256,
  "dense_units": 32,
  "mape": 0.06679621946844728,
  "rmspe": 0.18934352185143863,
  "n_companies": 122,
  "n_filtered": 2,
  "mape_std": 0.12376256294959433,
  "mape_p25": 0.02075829653312604,
  "mape_p75": 0.06767318547651804,
  "training_time": 37.57,
  "epochs_trained": 201,
  "best_val_loss": 0.006147901120129973,
  "train_loss_curve": [
    0.039252,
    0.038503,
    0.03798,
    0.037373,
    0.037073,
    0.043811,
    0.036371,
    0.035997,
    0.036151,
    0.035619,
    0.035601,
    0.051411,
    0.035395,
    0.035167,
    0.035128,
    0.03512,
    0.041791,
    0.034648,
    0.034815,
    0.03447,
    0.034414,
    0.035058,
    0.043041,
    0.034626,
    0.041368,
    0.033784,
    0.034142,
    0.033999,
    0.033709,
    0.033598,
    0.049028,
    0.033478,
    0.03556,
    0.033892,
    0.033357,
    0.033505,
    0.033183,
    0.033416,
    0.033277,
    0.048124,
    0.038894,
    0.039596,
    0.032204,
    0.039445,
    0.032247,
    0.031964,
    0.033884,
    0.032146,
    0.0317,
    0.038357,
    0.031357,
    0.05171,
    0.032004,
    0.032687,
    0.032112,
    0.031566,
    0.031373,
    0.036311,
    0.052335,
    0.045796,
    0.033737,
    0.030438,
    0.030557,
    0.036963,
    0.037506,
    0.030208,
    0.029745,
    0.030162,
    0.04092,
    0.033966,
    0.030554,
    0.030734,
    0.030688,
    0.029253,
    0.029699,
    0.030544,
    0.029435,
    0.036326,
    0.030535,
    0.029954,
    0.029778,
    0.031228,
    0.029242,
    0.029309,
    0.028947,
    0.030259,
    0.029338,
    0.037296,
    0.028759,
    0.029335,
    0.029092,
    0.029004,
    0.028834,
    0.0441,
    0.029248,
    0.028461,
    0.028876,
    0.029323,
    0.029002,
    0.02898,
    0.035725,
    0.028798,
    0.043714,
    0.028701,
    0.029732,
    0.028987,
    0.042014,
    0.028544,
    0.02953,
    0.02899,
    0.028463,
    0.028916,
    0.028822,
    0.029495,
    0.032647,
    0.028593,
    0.027874,
    0.027545,
    0.027832,
    0.027776,
    0.02951,
    0.028266,
    0.027719,
    0.027942,
    0.042146,
    0.029069,
    0.027912,
    0.03484,
    0.029329,
    0.028342,
    0.027864,
    0.048387,
    0.027774,
    0.027655,
    0.028974,
    0.041018,
    0.027484,
    0.041815,
    0.033852,
    0.027615,
    0.027627,
    0.027674,
    0.027202,
    0.029384,
    0.02997,
    0.027478,
    0.026987,
    0.028417,
    0.027475,
    0.027103,
    0.033666,
    0.02765,
    0.028185,
    0.027619,
    0.028689,
    0.02678,
    0.040863,
    0.026932,
    0.027118,
    0.027716,
    0.02716,
    0.027842,
    0.026991,
    0.027073,
    0.029793,
    0.027465,
    0.027742,
    0.027504,
    0.027829,
    0.027387,
    0.026975,
    0.026421,
    0.027964,
    0.026655,
    0.026968,
    0.027684,
    0.029443,
    0.034179,
    0.029327,
    0.0267,
    0.028029,
    0.02755,
    0.028008,
    0.028065,
    0.028233,
    0.027817,
    0.027217,
    0.026344,
    0.028637,
    0.027502,
    0.026986,
    0.027243,
    0.026872,
    0.026111,
    0.027522,
    0.045878,
    0.04069,
    0.026423,
    0.02873,
    0.0281,
    0.026534
  ],
  "val_loss_curve": [
    0.006861,
    0.006587,
    0.006472,
    0.006428,
    0.006316,
    0.006422,
    0.006271,
    0.006443,
    0.006355,
    0.00635,
    0.006366,
    0.006319,
    0.006307,
    0.006234,
    0.006208,
    0.006148,
    0.006191,
    0.006153,
    0.006162,
    0.006151,
    0.00618,
    0.006213,
    0.006318,
    0.006521,
    0.006331,
    0.006343,
    0.006502,
    0.006408,
    0.006513,
    0.00679,
    0.007092,
    0.007399,
    0.007328,
    0.007291,
    0.007226,
    0.007449,
    0.007808,
    0.008277,
    0.008296,
    0.008108,
    0.008581,
    0.00928,
    0.009436,
    0.009677,
    0.010173,
    0.010669,
    0.010663,
    0.010588,
    0.010637,
    0.011114,
    0.011779,
    0.011936,
    0.012926,
    0.013135,
    0.014041,
    0.014335,
    0.014266,
    0.014685,
    0.015315,
    0.015687,
    0.015031,
    0.014811,
    0.014999,
    0.015042,
    0.015647,
    0.015529,
    0.016336,
    0.016868,
    0.016846,
    0.017264,
    0.018559,
    0.019249,
    0.019322,
    0.019568,
    0.019829,
    0.019979,
    0.019723,
    0.019662,
    0.019956,
    0.019817,
    0.019878,
    0.020342,
    0.020755,
    0.020905,
    0.020919,
    0.020445,
    0.020314,
    0.020154,
    0.020296,
    0.020789,
    0.021258,
    0.021001,
    0.021195,
    0.021877,
    0.022674,
    0.02312,
    0.023441,
    0.02432,
    0.024404,
    0.024837,
    0.02469,
    0.025104,
    0.025747,
    0.025199,
    0.025305,
    0.026046,
    0.026849,
    0.027211,
    0.026632,
    0.026237,
    0.026137,
    0.026572,
    0.026814,
    0.027498,
    0.027198,
    0.026712,
    0.026569,
    0.026648,
    0.026781,
    0.02693,
    0.027095,
    0.027098,
    0.027156,
    0.027378,
    0.027721,
    0.028505,
    0.028875,
    0.029191,
    0.029231,
    0.028986,
    0.029142,
    0.029368,
    0.029281,
    0.02972,
    0.030352,
    0.030992,
    0.031253,
    0.031404,
    0.031835,
    0.032206,
    0.032667,
    0.033061,
    0.033366,
    0.033178,
    0.032743,
    0.033431,
    0.033992,
    0.0344,
    0.034484,
    0.03434,
    0.033923,
    0.033286,
    0.033522,
    0.033594,
    0.033783,
    0.034829,
    0.035236,
    0.035572,
    0.035776,
    0.036035,
    0.036286,
    0.036496,
    0.036789,
    0.037245,
    0.036986,
    0.03689,
    0.037016,
    0.037294,
    0.037427,
    0.037573,
    0.037563,
    0.037633,
    0.037716,
    0.037827,
    0.037976,
    0.038145,
    0.038026,
    0.038412,
    0.038683,
    0.038613,
    0.038619,
    0.038518,
    0.038694,
    0.039212,
    0.039557,
    0.039698,
    0.039551,
    0.039655,
    0.039672,
    0.039998,
    0.039761,
    0.039566,
    0.039409,
    0.039644,
    0.039802,
    0.039749,
    0.039851,
    0.040078,
    0.040139,
    0.040027,
    0.040244
  ],
  "per_company_mape": {
    "C10007": 0.099275,
    "C10019": 0.06066,
    "C10022": 0.024737,
    "C10204": 0.108298,
    "C10308": 0.224062,
    "C10336": 0.018392,
    "C1066": 0.032348,
    "C10783": 0.074852,
    "C10790": 0.077396,
    "C1090": 0.056561,
    "C11037": 0.01191,
    "C11126": 0.092051,
    "C11150": 1.19017,
    "C11231": 0.273118,
    "C12360": 0.077431,
    "C13420": 0.046033,
    "C13439": 0.089937,
    "C13501": 0.062962,
    "C13528": 0.108299,
    "C13587": 0.028299,
    "C13595": 0.012666,
    "C13641": 0.045986,
    "C13781": 0.064152,
    "C13889": 0.066403,
    "C13943": 0.015099,
    "C14044": 0.06467,
    "C14176": 0.016122,
    "C14257": 0.117276,
    "C14311": 0.018367,
    "C14370": 0.161071,
    "C14443": 0.051555,
    "C14550": 0.054233,
    "C14885": 0.246378,
    "C15024": 0.055859,
    "C15172": 0.079589,
    "C15199": 0.019975,
    "C15210": 0.120202,
    "C1538": 0.023251,
    "C15407": 0.08408,
    "C15997": 0.05568,
    "C16373": 0.002643,
    "C16799": 0.04921,
    "C1716": 0.058924,
    "C1767": 0.012411,
    "C17884": 0.632971,
    "C18163": 0.020162,
    "C18309": 0.051667,
    "C18380": 0.005005,
    "C18686": 0.067935,
    "C18791": 0.030266,
    "C19119": 0.106123,
    "C19780": 0.054259,
    "C2003": 0.030799,
    "C20430": 0.050783,
    "C20800": 0.059781,
    "C21172": 0.056047,
    "C2143": 0.065372,
    "C2208": 0.008878,
    "C22390": 0.086631,
    "C2259": 0.041103,
    "C23574": 0.081125,
    "C23663": 0.0,
    "C23876": 0.019548,
    "C25275": 0.021254,
    "C25755": 0.05835,
    "C26077": 0.026633,
    "C26808": 0.051793,
    "C26905": 0.068221,
    "C27022": 0.012699,
    "C27065": 0.038182,
    "C27499": 0.048133,
    "C27766": 0.061765,
    "C29297": 0.001066,
    "C29378": 0.053756,
    "C29440": 0.044034,
    "C31062": 0.028647,