{
  "arch": "gru_baseline",
  "lob": "private_passenger_auto",
  "config_idx": 11,
  "dropout_rate": 0.0354,
  "learning_rate": 0.0026108,
  "batch_size": 256,
  "max_epochs": 500,
  "gru_units": 128,
  "dense_units": 128,
  "mape": 0.01951534501837007,
  "rmspe": 0.08203090597994281,
  "n_companies": 122,
  "n_filtered": 0,
  "mape_std": 0.059454403830305314,
  "mape_p25": 0.0038996027624577305,
  "mape_p75": 0.02010635364755757,
  "training_time": 48.48,
  "epochs_trained": 298,
  "best_val_loss": 0.0064625338647082186,
  "train_loss_curve": [
    0.040445,
    0.039075,
    0.03789,
    0.037131,
    0.037073,
    0.03586,
    0.035705,
    0.037038,
    0.036481,
    0.037501,
    0.037411,
    0.035442,
    0.035239,
    0.035082,
    0.034735,
    0.032649,
    0.032424,
    0.031032,
    0.030843,
    0.028922,
    0.030295,
    0.032795,
    0.031126,
    0.027145,
    0.029813,
    0.028742,
    0.027479,
    0.025027,
    0.027698,
    0.027561,
    0.024522,
    0.020968,
    0.022078,
    0.027973,
    0.02248,
    0.026716,
    0.02413,
    0.022452,
    0.026723,
    0.027033,
    0.02596,
    0.022466,
    0.03439,
    0.023761,
    0.030517,
    0.01953,
    0.01707,
    0.016743,
    0.014894,
    0.014587,
    0.015126,
    0.015242,
    0.014732,
    0.014165,
    0.013597,
    0.013356,
    0.020134,
    0.013029,
    0.013019,
    0.013201,
    0.01329,
    0.013435,
    0.012965,
    0.01309,
    0.012947,
    0.012988,
    0.019841,
    0.012896,
    0.012923,
    0.022649,
    0.016195,
    0.013009,
    0.013044,
    0.029234,
    0.018849,
    0.014022,
    0.012811,
    0.012896,
    0.012749,
    0.012848,
    0.012815,
    0.019704,
    0.012726,
    0.012722,
    0.012835,
    0.019802,
    0.012835,
    0.012583,
    0.012771,
    0.012917,
    0.012743,
    0.012825,
    0.019578,
    0.012721,
    0.012598,
    0.012828,
    0.012519,
    0.012636,
    0.012878,
    0.013663,
    0.012627,
    0.012553,
    0.019535,
    0.012606,
    0.012536,
    0.012636,
    0.012636,
    0.019496,
    0.012524,
    0.013304,
    0.012575,
    0.026595,
    0.01701,
    0.018248,
    0.02164,
    0.013585,
    0.013244,
    0.01262,
    0.012565,
    0.012447,
    0.012493,
    0.012621,
    0.0125,
    0.012501,
    0.028839,
    0.013468,
    0.01969,
    0.0125,
    0.01258,
    0.012482,
    0.012454,
    0.028707,
    0.012516,
    0.012409,
    0.012416,
    0.012458,
    0.012391,
    0.012559,
    0.01245,
    0.012835,
    0.012435,
    0.012411,
    0.012364,
    0.012514,
    0.013171,
    0.012452,
    0.012334,
    0.01244,
    0.035311,
    0.023358,
    0.03166,
    0.017327,
    0.016871,
    0.019616,
    0.014559,
    0.014579,
    0.013796,
    0.013095,
    0.012791,
    0.012638,
    0.013095,
    0.012379,
    0.012642,
    0.012357,
    0.012411,
    0.012301,
    0.012436,
    0.012361,
    0.012346,
    0.012445,
    0.012407,
    0.01246,
    0.012293,
    0.028785,
    0.012357,
    0.012405,
    0.01293,
    0.012376,
    0.014573,
    0.013082,
    0.012484,
    0.012558,
    0.012459,
    0.012324,
    0.01325,
    0.012405,
    0.012465,
    0.028762,
    0.012283,
    0.012341,
    0.012306,
    0.012499,
    0.012392,
    0.012474,
    0.012335,
    0.012335,
    0.012449,
    0.012523,
    0.012291,
    0.012365,
    0.012616,
    0.012285,
    0.013283,
    0.01229,
    0.0123,
    0.012274,
    0.012252,
    0.012302,
    0.028607,
    0.012893,
    0.012287,
    0.012266,
    0.012296,
    0.012307,
    0.012238,
    0.012492,
    0.01265,
    0.012396,
    0.012334,
    0.028758,
    0.012325,
    0.012345,
    0.012383,
    0.012385,
    0.028581,
    0.012437,
    0.012245,
    0.012247,
    0.012279,
    0.012273,
    0.012425,
    0.012328,
    0.012263,
    0.015994,
    0.012929,
    0.012987,
    0.019247,
    0.012725,
    0.012669,
    0.012333,
    0.012298,
    0.012234,
    0.0192,
    0.012239,
    0.012569,
    0.012275,
    0.012287,
    0.012396,
    0.012337,
    0.012397,
    0.012291,
    0.01227,
    0.012517,
    0.012306,
    0.012214,
    0.012426,
    0.012212,
    0.012214,
    0.012301,
    0.032084,
    0.012725,
    0.01241,
    0.012743,
    0.017172,
    0.012797,
    0.012801,
    0.012423,
    0.012994,
    0.012404,
    0.013027,
    0.012417,
    0.028768,
    0.012371,
    0.012327,
    0.012398,
    0.012858,
    0.012305,
    0.012341,
    0.012382,
    0.012911,
    0.012449,
    0.012339,
    0.01226,
    0.012316,
    0.012231,
    0.012236,
    0.012253,
    0.012303,
    0.012254,
    0.012247,
    0.012327,
    0.012383,
    0.012251,
    0.012209,
    0.012227,
    0.01231,
    0.028659,
    0.01234
  ],