{
  "arch": "gru_baseline",
  "lob": "private_passenger_auto",
  "config_idx": 14,
  "dropout_rate": 0.03113,
  "learning_rate": 0.0005285,
  "batch_size": 512,
  "max_epochs": 500,
  "gru_units": 256,
  "dense_units": 64,
  "mape": 0.0630167449526728,
  "rmspe": 0.45899945413999377,
  "n_companies": 121,
  "n_filtered": 7,
  "mape_std": 0.3216535618877633,
  "mape_p25": 0.01764873017069977,
  "mape_p75": 0.03600484055986646,
  "training_time": 23.92,
  "epochs_trained": 201,
  "best_val_loss": 0.006147658117697574,
  "train_loss_curve": [
    0.040651,
    0.038791,
    0.038371,
    0.037611,
    0.037356,
    0.036851,
    0.036493,
    0.036357,
    0.0366,
    0.035787,
    0.035305,
    0.034766,
    0.034363,
    0.033887,
    0.033487,
    0.032719,
    0.032586,
    0.032064,
    0.033444,
    0.03179,
    0.031923,
    0.031137,
    0.030513,
    0.029893,
    0.030186,
    0.029261,
    0.029126,
    0.029701,
    0.029218,
    0.027638,
    0.027912,
    0.027128,
    0.030411,
    0.032963,
    0.030184,
    0.026913,
    0.026384,
    0.026107,
    0.025817,
    0.025642,
    0.024978,
    0.02507,
    0.025196,
    0.02445,
    0.025437,
    0.024144,
    0.025186,
    0.024309,
    0.027448,
    0.023389,
    0.023421,
    0.023495,
    0.023893,
    0.023052,
    0.030337,
    0.022804,
    0.023063,
    0.022544,
    0.023475,
    0.022468,
    0.022195,
    0.022399,
    0.022209,
    0.021571,
    0.021915,
    0.022041,
    0.021684,
    0.029254,
    0.022315,
    0.021801,
    0.021588,
    0.021248,
    0.022152,
    0.021371,
    0.021825,
    0.027974,
    0.021286,
    0.02099,
    0.021126,
    0.020843,
    0.021068,
    0.021697,
    0.021431,
    0.021677,
    0.020526,
    0.020491,
    0.02093,
    0.021277,
    0.0201,
    0.020554,
    0.019977,
    0.019903,
    0.020133,
    0.028294,
    0.0204,
    0.02003,
    0.028769,
    0.019706,
    0.019699,
    0.019095,
    0.028285,
    0.020324,
    0.019827,
    0.017993,
    0.018923,
    0.018811,
    0.02828,
    0.018446,
    0.018473,
    0.023171,
    0.018805,
    0.019035,
    0.018589,
    0.019421,
    0.017781,
    0.018287,
    0.025974,
    0.018349,
    0.017938,
    0.017328,
    0.025937,
    0.017954,
    0.017918,
    0.017554,
    0.017508,
    0.017115,
    0.017955,
    0.021088,
    0.017733,
    0.017541,
    0.017452,
    0.01673,
    0.017628,
    0.017308,
    0.016494,
    0.017435,
    0.016686,
    0.020859,
    0.020379,
    0.016453,
    0.016486,
    0.027403,
    0.0271,
    0.016165,
    0.017319,
    0.015678,
    0.016086,
    0.026777,
    0.016802,
    0.016056,
    0.016617,
    0.01639,
    0.016849,
    0.017214,
    0.016241,
    0.016609,
    0.019555,
    0.016856,
    0.015749,
    0.015823,
    0.015703,
    0.016151,
    0.015012,
    0.015273,
    0.016147,
    0.015607,
    0.018304,
    0.02666,
    0.015357,
    0.014803,
    0.023226,
    0.027159,
    0.015132,
    0.015956,
    0.015824,
    0.01705,
    0.015216,
    0.014475,
    0.014937,
    0.015549,
    0.026574,
    0.014588,
    0.015472,
    0.014943,
    0.014976,
    0.014681,
    0.014946,
    0.025612,
    0.022066,
    0.014107,
    0.015696,
    0.014791,
    0.017345,
    0.019513,
    0.014816,
    0.015675,
    0.01438,
    0.015103,
    0.014954,
    0.014913,
    0.015125
  ],
  "val_loss_curve": [
    0.006148,
    0.006192,
    0.006501,
    0.006253,
    0.00616,
    0.00667,
    0.006258,
    0.006391,
    0.007161,
    0.007964,
    0.008717,
    0.008172,
    0.009858,
    0.00895,
    0.013017,
    0.013436,
    0.013046,
    0.014938,
    0.021905,
    0.017716,
    0.024047,
    0.028019,
    0.027179,
    0.03244,
    0.029805,
    0.041041,
    0.046424,
    0.038154,
    0.056568,
    0.056542,
    0.068229,
    0.08133,
    0.07011,
    0.035449,
    0.042146,
    0.06583,
    0.066964,
    0.074025,
    0.0899,
    0.104677,
    0.107272,
    0.110013,
    0.101125,
    0.134522,
    0.124192,
    0.140109,
    0.139882,
    0.117763,
    0.095368,
    0.102987,
    0.107092,
    0.105376,
    0.106523,
    0.124015,
    0.128437,
    0.125209,
    0.12457,
    0.125684,
    0.126113,
    0.123712,
    0.130143,
    0.138318,
    0.139901,
    0.142543,
    0.134285,
    0.124309,
    0.132535,
    0.129844,
    0.129776,
    0.129422,
    0.135449,
    0.149119,
    0.15083,
    0.152591,
    0.150623,
    0.150191,
    0.153027,
    0.15494,
    0.157284,
    0.156012,
    0.150733,
    0.148845,
    0.153703,
    0.149036,
    0.147213,
    0.150984,
    0.152617,
    0.149524,
    0.145221,
    0.146357,
    0.146175,
    0.148272,
    0.145669,
    0.146593,
    0.146462,
    0.150978,
    0.155378,
    0.157002,
    0.153633,
    0.151306,
    0.146448,
    0.149792,
    0.150308,
    0.147082,
    0.144776,
    0.145079,
    0.145269,
    0.148003,
    0.151794,
    0.125885,
    0.119518,
    0.128812,
    0.135028,
    0.139079,
    0.138568,
    0.141276,
    0.140783,
    0.14286,
    0.143895,
    0.15999,
    0.167808,
    0.171736,
    0.174019,
    0.174415,
    0.173064,
    0.173222,
    0.172882,
    0.142988,
    0.139129,
    0.153775,
    0.154784,
    0.149392,
    0.153881,
    0.155119,
    0.153849,
    0.15081,
    0.154359,
    0.140839,
    0.13557,
    0.134618,
    0.134696,
    0.139135,
    0.14378,
    0.148252,
    0.151675,
    0.151704,
    0.151079,
    0.153988,
    0.148053,
    0.143713,
    0.151968,
    0.162612,
    0.164492,
    0.162605,
    0.163035,
    0.16336,
    0.162263,
    0.160413,
    0.159485,
    0.157507,
    0.155312,
    0.152689,
    0.156295,
    0.160402,
    0.163215,
    0.166983,
    0.158637,
    0.154766,
    0.157553,
    0.158453,
    0.157542,
    0.156337,
    0.155508,
    0.156461,
    0.156469,
    0.151552,
    0.142093,
    0.14153,
    0.139974,
    0.142691,
    0.142952,
    0.142798,
    0.143259,
    0.144595,
    0.14596,
    0.14594,
    0.146245,
    0.148723,
    0.150179,
    0.151736,
    0.151848,
    0.150466,
    0.145561,
    0.134857,
    0.135731,
    0.139081,
    0.139812,
    0.139168,
    0.142288,
    0.144612,
    0.145874
  ],
  "per_company_mape": {
    "C10007": 0.024946,
    "C10019": 0.067444,
    "C10022": 0.027843,
    "C10204": 0.011703,
    "C10308": 0.016957,
    "C10336": 0.013604,
    "C1066": 0.039522,
    "C10783": 0.023492,
    "C10790": 0.045556,
    "C1090": 0.010245,
    "C11037": 0.003766,
    "C11126": 0.036005,
    "C11150": 3.511215,
    "C11231": 0.125714,
    "C12360": 0.01533,
    "C13420": 0.045001,
    "C13439": 0.032761,
    "C13501": 0.023031,
    "C13528": 0.036819,
    "C13587": 0.034395,
    "C13595": 0.025042,
    "C13641": 0.000962,
    "C13781": 0.065783,
    "C13889": 0.02343,
    "C13943": 0.023059,
    "C14044": 0.04551,
    "C14176": 0.020982,
    "C14257": 0.020442,
    "C14311": 0.097687,
    "C14370": 0.051767,
    "C14443": 0.044448,
    "C14550": 0.032947,
    "C14885": 0.021314,
    "C15024": 0.036628,
    "C15172": 0.023914,
    "C15199": 0.021365,
    "C15210": 0.057756,
    "C1538": 0.019252,
    "C15407": 0.020841,
    "C15997": 0.040398,
    "C16373": 0.002643,
    "C16799": 0.005389,
    "C1716": 0.012779,
    "C1767": 0.019372,
    "C17884": 0.644293,
    "C18163": 0.018316,
    "C18309": 0.024083,
    "C18380": 0.013834,
    "C18686": 0.018556,
    "C18791": 0.031373,
    "C19119": 0.06456,
    "C19780": 0.073102,
    "C2003": 0.019025,
    "C20430": 0.014001,
    "C20800": 0.022239,
    "C21172": 0.023925,
    "C2143": 0.012381,
    "C2208": 0.013625,
    "C22390": 0.031268,
    "C2259": 0.02773,
    "C23574": 0.032442,
    "C23663": 0.0,
    "C23876": 0.015385,
    "C25275": 0.020027,
    "C25755": 0.006637,
    "C26077": 0.025693,
    "C26808": 0.020959,
    "C26905": 0.0302,
    "C27022": 0.017426,
    "C27065": 0.069254,
    "C27499": 0.038479,
    "C27766": 0.024391,
    "C29297": 0.022392,
    "C29378": 0.025945,
    "C29440": 0.018461,
    "C31062": 0.044237,