{
  "arch": "gru_baseline",
  "lob": "private_passenger_auto",
  "config_idx": 89,
  "dropout_rate": 0.0224,
  "learning_rate": 0.0003366,
  "batch_size": 512,
  "max_epochs": 500,
  "gru_units": 128,
  "dense_units": 32,
  "mape": 0.09202450638790008,
  "rmspe": 0.1861755826730098,
  "n_companies": 121,
  "n_filtered": 7,
  "mape_std": 0.11669692958511965,
  "mape_p25": 0.02016115452729226,
  "mape_p75": 0.12272769389076317,
  "training_time": 23.52,
  "epochs_trained": 201,
  "best_val_loss": 0.00602744711068226,
  "train_loss_curve": [
    0.041784,
    0.040663,
    0.03969,
    0.038958,
    0.038375,
    0.037993,
    0.037744,
    0.037394,
    0.037367,
    0.036996,
    0.03712,
    0.036783,
    0.036504,
    0.03643,
    0.036993,
    0.036195,
    0.036009,
    0.035685,
    0.035498,
    0.035454,
    0.035446,
    0.035311,
    0.034862,
    0.034712,
    0.034638,
    0.034402,
    0.034329,
    0.034008,
    0.033912,
    0.034269,
    0.033503,
    0.033673,
    0.032835,
    0.03277,
    0.032781,
    0.033167,
    0.032568,
    0.032163,
    0.032034,
    0.03164,
    0.032538,
    0.031425,
    0.031209,
    0.031087,
    0.030722,
    0.030874,
    0.030614,
    0.030146,
    0.030306,
    0.030135,
    0.029989,
    0.029895,
    0.029299,
    0.029301,
    0.029082,
    0.028796,
    0.028909,
    0.028484,
    0.028306,
    0.028293,
    0.02805,
    0.028705,
    0.028216,
    0.027912,
    0.028098,
    0.028134,
    0.027665,
    0.028175,
    0.027763,
    0.027511,
    0.027289,
    0.028283,
    0.027318,
    0.028318,
    0.026684,
    0.027113,
    0.028685,
    0.029287,
    0.027578,
    0.027406,
    0.027301,
    0.026173,
    0.026216,
    0.026639,
    0.025993,
    0.026498,
    0.025847,
    0.027125,
    0.025837,
    0.026214,
    0.025706,
    0.025476,
    0.02497,
    0.026508,
    0.025345,
    0.025372,
    0.025242,
    0.025075,
    0.02742,
    0.025608,
    0.024959,
    0.025698,
    0.024821,
    0.025637,
    0.025812,
    0.025134,
    0.024363,
    0.024698,
    0.024769,
    0.024554,
    0.024831,
    0.025119,
    0.024061,
    0.024014,
    0.024063,
    0.024775,
    0.024765,
    0.023996,
    0.023946,
    0.024711,
    0.024051,
    0.024309,
    0.023597,
    0.023724,
    0.023831,
    0.023834,
    0.024308,
    0.024027,
    0.023385,
    0.023654,
    0.023864,
    0.023487,
    0.023786,
    0.02448,
    0.024127,
    0.023659,
    0.023819,
    0.023869,
    0.024232,
    0.023536,
    0.023137,
    0.024027,
    0.023419,
    0.023516,
    0.023385,
    0.023204,
    0.023472,
    0.023333,
    0.02328,
    0.023256,
    0.024031,
    0.02313,
    0.023029,
    0.026777,
    0.022971,
    0.022691,
    0.023083,
    0.022878,
    0.022897,
    0.022742,
    0.02736,
    0.022887,
    0.02267,
    0.022899,
    0.023963,
    0.022849,
    0.023729,
    0.022918,
    0.022732,
    0.02355,
    0.023298,
    0.022809,
    0.02302,
    0.022782,
    0.022928,
    0.0227,
    0.022746,
    0.022713,
    0.026483,
    0.022533,
    0.023134,
    0.022567,
    0.022576,
    0.026133,
    0.022895,
    0.023519,
    0.022684,
    0.023943,
    0.022577,
    0.022706,
    0.022759,
    0.022432,
    0.023404,
    0.022892,
    0.023229,
    0.022398,
    0.022563,
    0.022345,
    0.022525,
    0.022269,
    0.023072
  ],
  "val_loss_curve": [
    0.006497,
    0.006215,
    0.006117,
    0.006031,
    0.006027,
    0.00604,
    0.006092,
    0.006157,
    0.006099,
    0.006133,
    0.006053,
    0.00618,
    0.006143,
    0.006206,
    0.006227,
    0.006414,
    0.006481,
    0.006648,
    0.006767,
    0.006872,
    0.00687,
    0.007001,
    0.007289,
    0.007417,
    0.007749,
    0.007821,
    0.008152,
    0.008651,
    0.008423,
    0.009538,
    0.009532,
    0.010089,
    0.010205,
    0.010705,
    0.010749,
    0.011967,
    0.01284,
    0.014108,
    0.013924,
    0.015115,
    0.015377,
    0.016366,
    0.016466,
    0.018449,
    0.018824,
    0.019412,
    0.02092,
    0.01952,
    0.02119,
    0.023078,
    0.023565,
    0.025515,
    0.025821,
    0.028146,
    0.028776,
    0.02996,
    0.028969,
    0.030533,
    0.031198,
    0.032448,
    0.03217,
    0.033139,
    0.034435,
    0.034381,
    0.035308,
    0.034932,
    0.036429,
    0.037734,
    0.038083,
    0.038876,
    0.039123,
    0.041735,
    0.04182,
    0.043141,
    0.04483,
    0.04442,
    0.046632,
    0.046506,
    0.047211,
    0.049247,
    0.050089,
    0.051039,
    0.052782,
    0.055287,
    0.056765,
    0.057524,
    0.057016,
    0.058672,
    0.059497,
    0.060403,
    0.062489,
    0.063111,
    0.064461,
    0.065906,
    0.066002,
    0.067843,
    0.071159,
    0.07071,
    0.073175,
    0.074562,
    0.074557,
    0.07702,
    0.079146,
    0.079971,
    0.078608,
    0.083776,
    0.084179,
    0.084453,
    0.08368,
    0.082758,
    0.082816,
    0.082275,
    0.084018,
    0.085582,
    0.085803,
    0.087611,
    0.089153,
    0.090561,
    0.090905,
    0.090606,
    0.091102,
    0.091439,
    0.092523,
    0.093774,
    0.092888,
    0.094658,
    0.095442,
    0.09594,
    0.096457,
    0.095749,
    0.096466,
    0.096955,
    0.097275,
    0.095173,
    0.095885,
    0.096676,
    0.097648,
    0.097959,
    0.09921,
    0.100985,
    0.100656,
    0.101147,
    0.102007,
    0.100731,
    0.102639,
    0.104542,
    0.104381,
    0.108228,
    0.110272,
    0.110041,
    0.109065,
    0.108325,
    0.106857,
    0.108003,
    0.109402,
    0.110312,
    0.110483,
    0.111796,
    0.112162,
    0.11295,
    0.112527,
    0.112613,
    0.112885,
    0.113126,
    0.113027,
    0.113981,
    0.114438,
    0.114353,
    0.114601,
    0.115142,
    0.115355,
    0.115127,
    0.115546,
    0.115511,
    0.115144,
    0.114836,
    0.114641,
    0.115318,
    0.114173,
    0.113296,
    0.113569,
    0.114625,
    0.115151,
    0.115258,
    0.116395,
    0.116314,
    0.116212,
    0.116924,
    0.118004,
    0.118192,
    0.118465,
    0.1181,
    0.118849,
    0.119643,
    0.119471,
    0.119547,
    0.119802,
    0.119863,
    0.120611,
    0.121308,
    0.121347
  ],
  "per_company_mape": {
    "C10007": 0.042974,
    "C10019": 0.073249,
    "C10022": 0.034475,
    "C10204": 0.129031,
    "C10308": 0.755968,
    "C10336": 0.01457,
    "C1066": 0.157049,
    "C10783": 0.076424,
    "C10790": 0.019303,
    "C1090": 0.009251,
    "C11037": 0.01191,
    "C11126": 0.144157,
    "C11150": 0.003251,
    "C11231": 0.642386,
    "C12360": 0.073426,
    "C13420": 0.100669,
    "C13439": 0.050241,
    "C13501": 0.018797,
    "C13528": 0.028293,
    "C13587": 0.185711,
    "C13595": 0.269891,
    "C13641": 0.000699,
    "C13781": 0.310078,
    "C13889": 0.09949,
    "C13943": 0.077353,
    "C14044": 0.038381,
    "C14176": 0.017568,
    "C14257": 0.132627,
    "C14311": 0.189762,
    "C14370": 0.021993,
    "C14443": 0.074422,
    "C14550": 0.130642,
    "C14885": 0.317093,
    "C15024": 0.024463,
    "C15172": 0.091972,
    "C15199": 0.128951,
    "C15210": 0.342854,
    "C1538": 0.07106,
    "C15407": 0.164451,
    "C15997": 0.078373,
    "C16373": 0.002643,
    "C16799": 0.009363,
    "C1716": 0.062151,
    "C1767": 0.065663,
    "C17884": 0.627503,
    "C18163": 0.137342,
    "C18309": 0.144188,
    "C18380": 0.035166,
    "C18686": 0.08492,
    "C18791": 0.124848,
    "C19119": 0.212846,
    "C19780": 0.057078,
    "C2003": 0.093214,
    "C20430": 0.119162,
    "C20800": 0.0,
    "C21172": 0.026783,
    "C2143": 0.008553,
    "C2208": 0.008986,
    "C22390": 0.070848,
    "C2259": 0.047695,
    "C23574": 0.019724,
    "C23663": 0.018311,
    "C23876": 0.020161,
    "C25275": 0.044743,
    "C25755": 0.051727,
    "C26077": 0.020531,
    "C26808": 0.177815,
    "C26905": 0.067746,
    "C27022": 0.099425,
    "C27065": 0.006738,
    "C27499": 0.122064,
    "C27766": 0.123111,
    "C29297": 0.001066,
    "C29378": 0.092525,
    "C29440": 0.154568,
    "C31062": 0.054708,