{
  "arch": "gru_baseline",
  "lob": "private_passenger_auto",
  "config_idx": 88,
  "dropout_rate": 0.01545,
  "learning_rate": 0.0017658,
  "batch_size": 256,
  "max_epochs": 1000,
  "gru_units": 64,
  "dense_units": 32,
  "mape": 0.025672488158124267,
  "rmspe": 0.13308459549305868,
  "n_companies": 122,
  "n_filtered": 2,
  "mape_std": 0.09352887454817672,
  "mape_p25": 0.00483010180700454,
  "mape_p75": 0.017802657283101618,
  "training_time": 44.24,
  "epochs_trained": 201,
  "best_val_loss": 0.006744147631772128,
  "train_loss_curve": [
    0.040201,
    0.038078,
    0.037052,
    0.036252,
    0.035273,
    0.034973,
    0.035014,
    0.03308,
    0.031825,
    0.03132,
    0.032561,
    0.030187,
    0.029409,
    0.028857,
    0.028176,
    0.033198,
    0.026803,
    0.025994,
    0.026091,
    0.025091,
    0.024598,
    0.025106,
    0.024329,
    0.02326,
    0.024019,
    0.023748,
    0.023791,
    0.02337,
    0.023656,
    0.02268,
    0.022282,
    0.022036,
    0.023148,
    0.022135,
    0.021867,
    0.019565,
    0.020852,
    0.019723,
    0.019817,
    0.01971,
    0.01764,
    0.019194,
    0.017846,
    0.01863,
    0.017507,
    0.017528,
    0.017418,
    0.016363,
    0.015667,
    0.018137,
    0.017782,
    0.01572,
    0.015436,
    0.013291,
    0.012749,
    0.013046,
    0.011701,
    0.012542,
    0.012328,
    0.011725,
    0.018003,
    0.011083,
    0.010212,
    0.00988,
    0.010091,
    0.011353,
    0.013173,
    0.009022,
    0.009651,
    0.010466,
    0.008809,
    0.012711,
    0.008026,
    0.008674,
    0.007555,
    0.007513,
    0.008533,
    0.008435,
    0.007673,
    0.007555,
    0.006722,
    0.016769,
    0.006346,
    0.00633,
    0.006065,
    0.006281,
    0.00642,
    0.006743,
    0.006701,
    0.005542,
    0.005456,
    0.005509,
    0.004994,
    0.021169,
    0.005963,
    0.008686,
    0.007271,
    0.005699,
    0.004926,
    0.012788,
    0.004615,
    0.008225,
    0.005157,
    0.005042,
    0.004893,
    0.004735,
    0.004389,
    0.00445,
    0.004691,
    0.004786,
    0.00478,
    0.004604,
    0.004584,
    0.021726,
    0.004309,
    0.004499,
    0.004657,
    0.004839,
    0.004384,
    0.004636,
    0.004439,
    0.004522,
    0.004365,
    0.004503,
    0.004453,
    0.00425,
    0.005301,
    0.004324,
    0.004182,
    0.005378,
    0.021595,
    0.004251,
    0.004315,
    0.00537,
    0.004307,
    0.020569,
    0.004744,
    0.00442,
    0.004251,
    0.00413,
    0.004698,
    0.004118,
    0.004477,
    0.004476,
    0.004704,
    0.004121,
    0.004385,
    0.00437,
    0.004358,
    0.004749,
    0.004225,
    0.004209,
    0.004324,
    0.005373,
    0.005399,
    0.004074,
    0.00408,
    0.004633,
    0.005545,
    0.004245,
    0.011017,
    0.004633,
    0.004425,
    0.00572,
    0.004504,
    0.004907,
    0.004368,
    0.00418,
    0.004112,
    0.005215,
    0.004212,
    0.005326,
    0.004326,
    0.004574,
    0.00422,
    0.004237,
    0.004364,
    0.004252,
    0.004125,
    0.004286,
    0.004208,
    0.004169,
    0.004255,
    0.004242,
    0.004331,
    0.004262,
    0.004265,
    0.004344,
    0.004362,
    0.004245,
    0.004313,
    0.004118,
    0.004249,
    0.004225,
    0.004148,
    0.004267,
    0.004084,
    0.004221,
    0.004259,
    0.004212,
    0.011102
  ],
  "val_loss_curve": [
    0.006744,
    0.007292,
    0.007562,
    0.008114,
    0.009022,
    0.008853,
    0.013137,
    0.012967,
    0.01536,
    0.016442,
    0.022258,
    0.020953,
    0.024185,
    0.046046,
    0.035236,
    0.041139,
    0.035632,
    0.039008,
    0.047084,
    0.058495,
    0.052637,
    0.051975,
    0.063113,
    0.062397,
    0.048713,
    0.050712,
    0.047228,
    0.06191,
    0.055206,
    0.060002,
    0.049008,
    0.04631,
    0.059484,
    0.051646,
    0.055038,
    0.043988,
    0.056299,
    0.044558,
    0.040646,
    0.052151,
    0.04223,
    0.039993,
    0.049514,
    0.041869,
    0.047763,
    0.042026,
    0.040238,
    0.041992,
    0.031518,
    0.015171,
    0.034412,
    0.020534,
    0.026,
    0.028962,
    0.027886,
    0.026145,
    0.026123,
    0.026708,
    0.028641,
    0.025609,
    0.026554,
    0.028165,
    0.023362,
    0.021058,
    0.019609,
    0.021411,
    0.017152,
    0.01729,
    0.016082,
    0.015344,
    0.017243,
    0.015849,
    0.010949,
    0.013386,
    0.010569,
    0.016589,
    0.008329,
    0.009947,
    0.011221,
    0.0092,
    0.008447,
    0.008418,
    0.00859,
    0.011446,
    0.007265,
    0.009837,
    0.009735,
    0.00783,
    0.007593,
    0.007581,
    0.008821,
    0.00743,
    0.008731,
    0.006963,
    0.013753,
    0.006912,
    0.00725,
    0.007694,
    0.007137,
    0.007065,
    0.007634,
    0.006985,
    0.009507,
    0.008878,
    0.00957,
    0.007507,
    0.006929,
    0.006955,
    0.007505,
    0.008192,
    0.007093,
    0.006896,
    0.006856,
    0.006947,
    0.006964,
    0.007056,
    0.007446,
    0.007027,
    0.006982,
    0.006932,
    0.006902,
    0.007227,
    0.006935,
    0.006881,
    0.006927,
    0.006922,
    0.006905,
    0.006926,
    0.006907,
    0.006969,
    0.00697,
    0.006933,
    0.006937,
    0.006969,
    0.006951,
    0.006974,
    0.006993,
    0.006944,
    0.006927,
    0.006941,
    0.006988,
    0.006948,
    0.006966,
    0.007585,
    0.007455,
    0.006917,
    0.006921,
    0.006882,
    0.00691,
    0.006892,
    0.006919,
    0.006874,
    0.006903,
    0.006881,
    0.00691,
    0.006928,
    0.006952,
    0.006908,
    0.007081,
    0.006966,
    0.00692,
    0.006932,
    0.006932,
    0.006917,
    0.006938,
    0.006903,
    0.006921,
    0.00694,
    0.006898,
    0.006927,
    0.006936,
    0.006964,
    0.00697,
    0.006984,
    0.006951,
    0.00693,
    0.006922,
    0.00692,
    0.006891,
    0.006901,
    0.006891,
    0.006898,
    0.006894,
    0.006912,
    0.006902,
    0.006921,
    0.006928,
    0.006902,
    0.006921,
    0.006986,
    0.006963,
    0.006945,
    0.006905,
    0.006899,
    0.006909,
    0.006916,
    0.006904,
    0.006924,
    0.006918,
    0.006899,
    0.006903
  ],
  "per_company_mape": {
    "C10007": 0.011543,
    "C10019": 0.058927,
    "C10022": 0.028176,
    "C10204": 0.005002,
    "C10308": 0.0,
    "C10336": 0.011465,
    "C1066": 0.032832,
    "C10783": 0.007289,
    "C10790": 0.014276,
    "C1090": 0.005627,
    "C11037": 0.013009,
    "C11126": 0.010239,
    "C11150": 0.836749,
    "C11231": 0.033102,
    "C12360": 0.004298,
    "C13420": 0.023327,
    "C13439": 0.003499,
    "C13501": 0.015888,
    "C13528": 2.3e-05,
    "C13587": 0.028545,
    "C13595": 0.012929,
    "C13641": 0.00098,
    "C13781": 0.014023,
    "C13889": 0.017778,
    "C13943": 0.030515,
    "C14044": 0.048532,
    "C14176": 0.016901,
    "C14257": 0.012831,
    "C14311": 0.024043,
    "C14370": 0.057929,
    "C14443": 0.004773,
    "C14550": 0.014752,
    "C14885": 0.005319,
    "C15024": 0.01405,
    "C15172": 7.4e-05,
    "C15199": 0.011011,
    "C15210": 0.03347,
    "C1538": 0.017772,
    "C15407": 0.008223,
    "C15997": 0.015739,
    "C16373": 0.005948,
    "C16799": 0.006457,
    "C1716": 0.003624,
    "C1767": 0.016772,
    "C17884": 0.627503,
    "C18163": 0.008052,
    "C18309": 0.023688,
    "C18380": 0.005858,
    "C18686": 0.004307,
    "C18791": 0.022847,
    "C19119": 0.006813,
    "C19780": 0.050237,
    "C2003": 0.012626,
    "C20430": 0.003573,
    "C20800": 0.0,
    "C21172": 0.020334,
    "C2143": 0.011448,
    "C2208": 0.005821,
    "C22390": 0.0,
    "C2259": 0.001374,
    "C23574": 0.017456,
    "C23663": 0.0,
    "C23876": 0.017396,
    "C25275": 0.013707,
    "C25755": 0.008397,
    "C26077": 0.031991,
    "C26808": 0.018356,
    "C26905": 0.002428,
    "C27022": 0.014971,
    "C27065": 0.015178,
    "C27499": 0.024133,
    "C27766": 0.003025,
    "C29297": 0.001066,
    "C29378": 0.020255,
    "C29440": 0.010792,
    "C31062": 0.046133,
    "C3131": 8e-06,