{
  "arch": "gru_baseline",
  "lob": "private_passenger_auto",
  "config_idx": 95,
  "dropout_rate": 0.26626,
  "learning_rate": 0.0014984,
  "batch_size": 256,
  "max_epochs": 1000,
  "gru_units": 64,
  "dense_units": 64,
  "mape": 0.0779922550736116,
  "rmspe": 0.4386940106670467,
  "n_companies": 121,
  "n_filtered": 7,
  "mape_std": 0.3046548220137428,
  "mape_p25": 0.027988122362214016,
  "mape_p75": 0.05540898848489491,
  "training_time": 33.26,
  "epochs_trained": 201,
  "best_val_loss": 0.006743151407655594,
  "train_loss_curve": [
    0.04129,
    0.039426,
    0.03855,
    0.038305,
    0.037735,
    0.037888,
    0.036789,
    0.037995,
    0.036548,
    0.035298,
    0.034945,
    0.036333,
    0.035553,
    0.033857,
    0.033092,
    0.032565,
    0.031501,
    0.03201,
    0.033175,
    0.031508,
    0.030711,
    0.028084,
    0.028558,
    0.030874,
    0.036637,
    0.027285,
    0.026948,
    0.03548,
    0.027497,
    0.034889,
    0.027541,
    0.036025,
    0.036904,
    0.033027,
    0.027585,
    0.024063,
    0.031769,
    0.035282,
    0.032993,
    0.038373,
    0.026345,
    0.038111,
    0.029053,
    0.032303,
    0.026273,
    0.030764,
    0.028413,
    0.024657,
    0.032102,
    0.027053,
    0.030514,
    0.023765,
    0.027955,
    0.023807,
    0.025558,
    0.029067,
    0.025287,
    0.028656,
    0.033023,
    0.031585,
    0.027071,
    0.02777,
    0.031323,
    0.020811,
    0.020659,
    0.031292,
    0.026667,
    0.032951,
    0.022108,
    0.023279,
    0.029106,
    0.020097,
    0.030596,
    0.031175,
    0.023514,
    0.029507,
    0.028725,
    0.028897,
    0.028562,
    0.022349,
    0.022759,
    0.022187,
    0.022401,
    0.029345,
    0.02258,
    0.023051,
    0.028965,
    0.039651,
    0.028178,
    0.026781,
    0.02936,
    0.021412,
    0.01993,
    0.01906,
    0.029264,
    0.030527,
    0.020503,
    0.026748,
    0.016869,
    0.038822,
    0.01855,
    0.025893,
    0.01696,
    0.029389,
    0.01647,
    0.032219,
    0.018145,
    0.02942,
    0.017638,
    0.018171,
    0.018071,
    0.025482,
    0.032992,
    0.027468,
    0.017796,
    0.019968,
    0.025519,
    0.016789,
    0.020078,
    0.021229,
    0.015927,
    0.022721,
    0.01636,
    0.017874,
    0.01808,
    0.017984,
    0.016308,
    0.016965,
    0.014119,
    0.029643,
    0.014539,
    0.02752,
    0.028018,
    0.025339,
    0.027071,
    0.023023,
    0.029575,
    0.017301,
    0.018102,
    0.025706,
    0.030902,
    0.028821,
    0.017703,
    0.018029,
    0.014389,
    0.018437,
    0.014151,
    0.020582,
    0.017742,
    0.016519,
    0.022464,
    0.026215,
    0.029053,
    0.01818,
    0.028104,
    0.016668,
    0.022885,
    0.015478,
    0.014353,
    0.022809,
    0.014177,
    0.013714,
    0.015168,
    0.03308,
    0.02481,
    0.023464,
    0.027922,
    0.018828,
    0.01576,
    0.021033,
    0.0311,
    0.035708,
    0.022025,
    0.030967,
    0.01802,
    0.014375,
    0.012279,
    0.02424,
    0.033499,
    0.018751,
    0.02961,
    0.01545,
    0.013115,
    0.013079,
    0.014589,
    0.032991,
    0.020054,
    0.022935,
    0.022024,
    0.019852,
    0.01881,
    0.017565,
    0.016686,
    0.016473,
    0.015716,
    0.014478,
    0.017639,
    0.020189,
    0.014951,
    0.027992,
    0.015849
  ],
  "val_loss_curve": [
    0.00705,
    0.006743,
    0.006897,
    0.007071,
    0.006889,
    0.00697,
    0.007083,
    0.007247,
    0.007226,
    0.007296,
    0.007684,
    0.007734,
    0.00779,
    0.008989,
    0.009673,
    0.009803,
    0.009992,
    0.012703,
    0.011641,
    0.012933,
    0.015869,
    0.016639,
    0.019116,
    0.013955,
    0.017192,
    0.025922,
    0.036026,
    0.027872,
    0.031484,
    0.022976,
    0.023016,
    0.028656,
    0.026217,
    0.028171,
    0.034655,
    0.044995,
    0.036487,
    0.016439,
    0.024832,
    0.022209,
    0.026846,
    0.019784,
    0.025083,
    0.02416,
    0.029728,
    0.03091,
    0.035542,
    0.037344,
    0.035676,
    0.026698,
    0.034369,
    0.039846,
    0.037329,
    0.029542,
    0.030355,
    0.035123,
    0.037073,
    0.036535,
    0.035916,
    0.03491,
    0.036748,
    0.036592,
    0.029944,
    0.032052,
    0.034007,
    0.035306,
    0.032665,
    0.035291,
    0.039676,
    0.045296,
    0.043831,
    0.052021,
    0.049975,
    0.041592,
    0.035219,
    0.032192,
    0.033146,
    0.032285,
    0.03338,
    0.035932,
    0.037614,
    0.039845,
    0.038098,
    0.035457,
    0.037786,
    0.036409,
    0.03439,
    0.0235,
    0.023611,
    0.027095,
    0.028405,
    0.029193,
    0.032013,
    0.033005,
    0.030597,
    0.031163,
    0.03275,
    0.034205,
    0.03518,
    0.032208,
    0.034555,
    0.027765,
    0.029543,
    0.028275,
    0.029981,
    0.031679,
    0.031936,
    0.032194,
    0.03383,
    0.032635,
    0.032973,
    0.031528,
    0.029447,
    0.030186,
    0.030949,
    0.031394,
    0.031141,
    0.032666,
    0.03236,
    0.030331,
    0.030437,
    0.033237,
    0.03429,
    0.034856,
    0.037566,
    0.037041,
    0.037517,
    0.037592,
    0.036568,
    0.034155,
    0.033471,
    0.032296,
    0.031454,
    0.030939,
    0.031136,
    0.0293,
    0.026314,
    0.02878,
    0.030357,
    0.028697,
    0.028786,
    0.030885,
    0.034267,
    0.033497,
    0.03689,
    0.038035,
    0.039586,
    0.036239,
    0.033018,
    0.035258,
    0.035936,
    0.036166,
    0.038475,
    0.036948,
    0.032504,
    0.03088,
    0.031755,
    0.031623,
    0.033475,
    0.035282,
    0.037547,
    0.037582,
    0.035848,
    0.034378,
    0.033854,
    0.033715,
    0.034642,
    0.03522,
    0.036581,
    0.037177,
    0.036936,
    0.035523,
    0.034829,
    0.034913,
    0.034399,
    0.033715,
    0.03339,
    0.033126,
    0.033538,
    0.035005,
    0.033495,
    0.03311,
    0.034741,
    0.035011,
    0.035837,
    0.033978,
    0.033821,
    0.035068,
    0.035535,
    0.037326,
    0.036819,
    0.035447,
    0.032531,
    0.031733,
    0.03062,
    0.028253,
    0.028818,
    0.02886,
    0.030937,
    0.03173,
    0.033025
  ],
  "per_company_mape": {
    "C10007": 0.014733,
    "C10019": 0.066751,
    "C10022": 0.038564,
    "C10204": 0.048112,
    "C10308": 0.0,
    "C10336": 0.024289,
    "C1066": 0.039745,
    "C10783": 0.031922,
    "C10790": 0.04534,
    "C1090": 0.053043,
    "C11037": 0.126489,
    "C11126": 0.025216,
    "C11150": 3.325168,
    "C11231": 0.11597,
    "C12360": 0.00446,
    "C13420": 0.04363,
    "C13439": 0.027118,
    "C13501": 0.035647,
    "C13528": 0.060048,
    "C13587": 0.056953,
    "C13595": 0.011927,
    "C13641": 0.02423,
    "C13781": 0.072352,
    "C13889": 0.027189,
    "C13943": 0.025281,
    "C14044": 0.06493,
    "C14176": 0.025907,
    "C14257": 0.083519,
    "C14311": 0.149359,
    "C14370": 0.13873,
    "C14443": 0.019648,
    "C14550": 0.040703,
    "C14885": 0.075241,
    "C15024": 0.031001,
    "C15172": 0.076595,
    "C15199": 0.026492,
    "C15210": 0.080699,
    "C1538": 0.045825,
    "C15407": 0.044647,
    "C15997": 0.061898,
    "C16373": 0.044641,
    "C16799": 0.041305,
    "C1716": 0.038733,
    "C1767": 0.029276,
    "C17884": 0.679525,
    "C18163": 0.027988,
    "C18309": 0.042083,
    "C18380": 0.020415,
    "C18686": 0.040164,
    "C18791": 0.052258,
    "C19119": 0.022491,
    "C19780": 0.09589,
    "C2003": 0.049145,
    "C20430": 0.051499,
    "C20800": 0.029279,
    "C21172": 0.110208,
    "C2143": 0.014074,
    "C2208": 0.017831,
    "C22390": 0.028008,
    "C2259": 0.039744,
    "C23574": 0.021002,
    "C23663": 0.0,
    "C23876": 0.021059,
    "C25275": 0.0437,
    "C25755": 0.019506,
    "C26077": 0.082205,
    "C26808": 0.05972,
    "C26905": 0.041543,
    "C27022": 0.037759,
    "C27065": 0.061735,
    "C27499": 0.047173,
    "C27766": 0.048812,
    "C29297": 0.000711,
    "C29378": 0.040826,
    "C29440": 0.038062,
    "C31062": 0.058531,
    "C3131": 0.050404,