{
  "arch": "gru_baseline",
  "lob": "private_passenger_auto",
  "config_idx": 74,
  "dropout_rate": 0.01039,
  "learning_rate": 0.0010332,
  "batch_size": 1024,
  "max_epochs": 500,
  "gru_units": 64,
  "dense_units": 128,
  "mape": 0.05066108606730424,
  "rmspe": 0.09939288618319794,
  "n_companies": 122,
  "n_filtered": 6,
  "mape_std": 0.06644954751719685,
  "mape_p25": 0.02161425714110531,
  "mape_p75": 0.05782597654391549,
  "training_time": 16.12,
  "epochs_trained": 201,
  "best_val_loss": 0.006051721458788961,
  "train_loss_curve": [
    0.038718,
    0.037138,
    0.037291,
    0.044146,
    0.042141,
    0.03465,
    0.034612,
    0.034091,
    0.041224,
    0.033929,
    0.033454,
    0.047974,
    0.032956,
    0.032517,
    0.032311,
    0.032069,
    0.031905,
    0.031234,
    0.032489,
    0.031082,
    0.050916,
    0.030279,
    0.029473,
    0.029861,
    0.029297,
    0.028585,
    0.040966,
    0.027291,
    0.026918,
    0.026665,
    0.025633,
    0.037076,
    0.026668,
    0.025002,
    0.023776,
    0.029497,
    0.023136,
    0.023164,
    0.022403,
    0.022838,
    0.02769,
    0.023096,
    0.021166,
    0.021041,
    0.027322,
    0.02073,
    0.021232,
    0.021159,
    0.019813,
    0.019946,
    0.020274,
    0.027937,
    0.020329,
    0.018917,
    0.019485,
    0.018084,
    0.01825,
    0.023239,
    0.018636,
    0.01813,
    0.017545,
    0.017391,
    0.02224,
    0.016976,
    0.02163,
    0.021765,
    0.017177,
    0.016799,
    0.016393,
    0.016492,
    0.016459,
    0.016383,
    0.016889,
    0.016887,
    0.015792,
    0.016607,
    0.016046,
    0.016022,
    0.015886,
    0.015545,
    0.015492,
    0.018225,
    0.01568,
    0.016312,
    0.015327,
    0.014595,
    0.015259,
    0.020546,
    0.014433,
    0.015146,
    0.014068,
    0.014083,
    0.016673,
    0.01417,
    0.018453,
    0.016565,
    0.014257,
    0.013826,
    0.013921,
    0.013497,
    0.013603,
    0.013582,
    0.013609,
    0.021356,
    0.012744,
    0.013298,
    0.012643,
    0.024531,
    0.014378,
    0.012533,
    0.01354,
    0.013246,
    0.012388,
    0.012608,
    0.012005,
    0.012654,
    0.01254,
    0.012292,
    0.01246,
    0.011514,
    0.01231,
    0.011508,
    0.012451,
    0.011968,
    0.011787,
    0.012406,
    0.011706,
    0.014065,
    0.01192,
    0.011378,
    0.014676,
    0.011279,
    0.011283,
    0.013671,
    0.011285,
    0.010743,
    0.019767,
    0.011404,
    0.013532,
    0.011127,
    0.010357,
    0.011014,
    0.010924,
    0.010951,
    0.011363,
    0.010575,
    0.010207,
    0.013596,
    0.013443,
    0.010855,
    0.012465,
    0.011783,
    0.011721,
    0.010781,
    0.00998,
    0.010417,
    0.010259,
    0.011432,
    0.00987,
    0.011029,
    0.009369,
    0.010044,
    0.009777,
    0.009989,
    0.009873,
    0.011532,
    0.010133,
    0.012213,
    0.009961,
    0.023078,
    0.010579,
    0.009377,
    0.009926,
    0.011338,
    0.010868,
    0.009904,
    0.01158,
    0.009899,
    0.009463,
    0.023566,
    0.009484,
    0.010188,
    0.009232,
    0.009462,
    0.009552,
    0.010093,
    0.010037,
    0.009845,
    0.009266,
    0.009399,
    0.009243,
    0.009039,
    0.009736,
    0.009094,
    0.012046,
    0.008772,
    0.008991,
    0.008696,
    0.009298,
    0.009025,
    0.012501
  ],
  "val_loss_curve": [
    0.006333,
    0.006316,
    0.006052,
    0.006475,
    0.006156,
    0.006183,
    0.006141,
    0.006263,
    0.006291,
    0.006312,
    0.006368,
    0.006702,
    0.006612,
    0.006963,
    0.006992,
    0.006972,
    0.007574,
    0.007867,
    0.007654,
    0.007793,
    0.008253,
    0.008799,
    0.009178,
    0.010258,
    0.01052,
    0.011637,
    0.012736,
    0.013786,
    0.014914,
    0.017068,
    0.019187,
    0.020061,
    0.023396,
    0.025466,
    0.027094,
    0.02615,
    0.028891,
    0.032311,
    0.034605,
    0.036127,
    0.037193,
    0.037523,
    0.042338,
    0.044849,
    0.046985,
    0.044799,
    0.043986,
    0.047374,
    0.048623,
    0.048353,
    0.048811,
    0.048438,
    0.051464,
    0.047726,
    0.04632,
    0.047103,
    0.04661,
    0.047043,
    0.047406,
    0.047654,
    0.046934,
    0.047379,
    0.046685,
    0.04731,
    0.047491,
    0.047248,
    0.047344,
    0.047961,
    0.048325,
    0.048767,
    0.048475,
    0.048214,
    0.046191,
    0.045466,
    0.045207,
    0.044575,
    0.045903,
    0.046187,
    0.04583,
    0.045636,
    0.045538,
    0.045852,
    0.045049,
    0.046203,
    0.045272,
    0.045742,
    0.046303,
    0.045639,
    0.047835,
    0.047403,
    0.046948,
    0.046178,
    0.045876,
    0.044026,
    0.043565,
    0.036812,
    0.032986,
    0.032131,
    0.033522,
    0.033709,
    0.034966,
    0.036186,
    0.036853,
    0.03693,
    0.03614,
    0.036271,
    0.037142,
    0.037147,
    0.037266,
    0.036656,
    0.036668,
    0.036083,
    0.036681,
    0.037802,
    0.038137,
    0.037912,
    0.036948,
    0.036875,
    0.038169,
    0.038234,
    0.037592,
    0.036793,
    0.036504,
    0.035079,
    0.03456,
    0.034701,
    0.034928,
    0.032026,
    0.031024,
    0.030746,
    0.032164,
    0.032563,
    0.032342,
    0.032532,
    0.032727,
    0.032126,
    0.031648,
    0.031456,
    0.03041,
    0.029871,
    0.029579,
    0.029644,
    0.029216,
    0.028659,
    0.027935,
    0.028198,
    0.028568,
    0.028644,
    0.028326,
    0.028753,
    0.029002,
    0.029571,
    0.027297,
    0.025333,
    0.024768,
    0.025824,
    0.026335,
    0.026474,
    0.026354,
    0.025981,
    0.02563,
    0.025443,
    0.025233,
    0.02495,
    0.024874,
    0.024936,
    0.025028,
    0.024924,
    0.024931,
    0.02488,
    0.025,
    0.025255,
    0.025257,
    0.025074,
    0.02492,
    0.024414,
    0.024255,
    0.024416,
    0.024633,
    0.024609,
    0.024605,
    0.024403,
    0.024165,
    0.024349,
    0.024212,
    0.02399,
    0.023443,
    0.023254,
    0.023181,
    0.023202,
    0.023178,
    0.023151,
    0.02343,
    0.023747,
    0.024226,
    0.024685,
    0.024629,
    0.024246,
    0.023844,
    0.023695,
    0.023462
  ],
  "per_company_mape": {
    "C10007": 0.04267,
    "C10019": 0.066877,
    "C10022": 0.043478,
    "C10204": 0.067652,
    "C10308": 0.023206,
    "C10336": 0.017537,
    "C1066": 0.032644,
    "C10783": 0.008797,
    "C10790": 0.045258,
    "C1090": 0.036804,
    "C11037": 0.059485,
    "C11126": 0.045324,
    "C11150": 0.001309,
    "C11231": 0.2163,
    "C12360": 0.02335,
    "C13420": 0.048891,
    "C13439": 0.017318,
    "C13501": 0.052493,
    "C13528": 0.016069,
    "C13587": 0.037556,
    "C13595": 0.045739,
    "C13641": 0.013662,
    "C13781": 0.078037,
    "C13889": 0.057575,
    "C13943": 0.20117,
    "C14044": 0.050008,
    "C14176": 0.027322,
    "C14257": 0.036596,
    "C14311": 0.013998,
    "C14370": 0.10216,
    "C14443": 0.033457,
    "C14550": 0.114481,
    "C14885": 0.145159,
    "C15024": 0.057091,
    "C15172": 0.059498,
    "C15199": 0.019642,
    "C15210": 0.093298,
    "C1538": 0.013122,
    "C15407": 0.011333,
    "C15997": 0.098014,
    "C16373": 0.046748,
    "C16799": 0.01038,
    "C1716": 0.011423,
    "C1767": 0.013184,
    "C17884": 0.645252,
    "C18163": 0.027188,
    "C18309": 0.029753,
    "C18380": 0.005174,
    "C18686": 0.025687,
    "C18791": 0.027301,
    "C19119": 0.178485,
    "C19780": 0.07475,
    "C2003": 0.029959,
    "C20430": 0.044816,
    "C20800": 0.049563,
    "C21172": 0.097711,
    "C2143": 0.05791,
    "C2208": 0.049998,
    "C22390": 0.046988,
    "C2259": 0.056569,
    "C23574": 0.043087,
    "C23663": 0.003458,
    "C23876": 0.009657,
    "C25275": 0.033233,
    "C25755": 0.038152,
    "C26077": 0.03559,
    "C26808": 0.020777,
    "C26905": 0.020535,
    "C27022": 0.03918,
    "C27065": 0.028834,
    "C27499": 0.034269,
    "C27766": 0.023955,
    "C29297": 0.02535,
    "C29378": 0.050681,
    "C29440": 0.015525,
    "C31062": 0.03768,