{
  "arch": "gru_baseline",
  "lob": "private_passenger_auto",
  "config_idx": 53,
  "dropout_rate": 0.03649,
  "learning_rate": 0.0001142,
  "batch_size": 512,
  "max_epochs": 1000,
  "gru_units": 128,
  "dense_units": 64,
  "mape": 0.07452500396875103,
  "rmspe": 0.15948498413193382,
  "n_companies": 121,
  "n_filtered": 5,
  "mape_std": 0.10413314195567541,
  "mape_p25": 0.02155818667915534,
  "mape_p75": 0.10236883620025172,
  "training_time": 21.91,
  "epochs_trained": 201,
  "best_val_loss": 0.005943856540397974,
  "train_loss_curve": [
    0.041895,
    0.041373,
    0.040893,
    0.040569,
    0.04002,
    0.039844,
    0.039344,
    0.039048,
    0.038739,
    0.038568,
    0.038511,
    0.038461,
    0.038176,
    0.037998,
    0.037937,
    0.037952,
    0.037725,
    0.037574,
    0.037586,
    0.037321,
    0.037258,
    0.037249,
    0.037022,
    0.037039,
    0.037371,
    0.036802,
    0.036685,
    0.036753,
    0.037396,
    0.036651,
    0.036454,
    0.036466,
    0.036612,
    0.036253,
    0.036145,
    0.035876,
    0.036404,
    0.03594,
    0.035826,
    0.035546,
    0.035969,
    0.035503,
    0.03576,
    0.035907,
    0.035359,
    0.035194,
    0.035165,
    0.035071,
    0.035236,
    0.035387,
    0.034705,
    0.035089,
    0.03477,
    0.034818,
    0.035877,
    0.034906,
    0.034532,
    0.034455,
    0.034451,
    0.034304,
    0.034193,
    0.034146,
    0.034102,
    0.034066,
    0.03396,
    0.033727,
    0.034297,
    0.033659,
    0.033752,
    0.033669,
    0.033388,
    0.033416,
    0.03365,
    0.033714,
    0.033716,
    0.033688,
    0.033289,
    0.033617,
    0.033154,
    0.03328,
    0.033053,
    0.03314,
    0.033691,
    0.032942,
    0.03276,
    0.035247,
    0.033324,
    0.032986,
    0.032613,
    0.032721,
    0.032638,
    0.032997,
    0.032694,
    0.033034,
    0.032337,
    0.032231,
    0.032483,
    0.032345,
    0.032249,
    0.032561,
    0.032154,
    0.032319,
    0.031987,
    0.032245,
    0.0318,
    0.032156,
    0.032409,
    0.032015,
    0.032069,
    0.032501,
    0.032556,
    0.031852,
    0.032472,
    0.03173,
    0.03192,
    0.031989,
    0.031961,
    0.031895,
    0.031488,
    0.031956,
    0.031761,
    0.031476,
    0.032287,
    0.031538,
    0.031791,
    0.031562,
    0.031942,
    0.031881,
    0.031155,
    0.031894,
    0.031115,
    0.031929,
    0.031403,
    0.031309,
    0.031278,
    0.031112,
    0.031145,
    0.031161,
    0.031489,
    0.031095,
    0.031327,
    0.031389,
    0.031108,
    0.031511,
    0.031278,
    0.031647,
    0.031346,
    0.030862,
    0.031144,
    0.031129,
    0.03486,
    0.030825,
    0.031295,
    0.030983,
    0.030827,
    0.031999,
    0.03089,
    0.031904,
    0.031604,
    0.032029,
    0.031099,
    0.032476,
    0.030899,
    0.031379,
    0.031107,
    0.032189,
    0.03156,
    0.034679,
    0.031741,
    0.031207,
    0.030921,
    0.030874,
    0.030739,
    0.030653,
    0.030623,
    0.031039,
    0.030819,
    0.031022,
    0.030955,
    0.030615,
    0.031195,
    0.030579,
    0.030973,
    0.031824,
    0.031661,
    0.030687,
    0.030774,
    0.031755,
    0.030476,
    0.030679,
    0.030641,
    0.03053,
    0.030794,
    0.030292,
    0.030812,
    0.030666,
    0.030674,
    0.030706,
    0.030712,
    0.030934,
    0.030663
  ],
  "val_loss_curve": [
    0.006716,
    0.006526,
    0.006372,
    0.006268,
    0.006201,
    0.006145,
    0.006076,
    0.006033,
    0.005988,
    0.00596,
    0.006012,
    0.005944,
    0.005948,
    0.005961,
    0.005986,
    0.00597,
    0.006006,
    0.006009,
    0.005964,
    0.005984,
    0.005978,
    0.005993,
    0.005997,
    0.006009,
    0.00606,
    0.006039,
    0.006053,
    0.006074,
    0.00609,
    0.006131,
    0.006161,
    0.006134,
    0.00619,
    0.006208,
    0.006203,
    0.006258,
    0.006319,
    0.006404,
    0.006471,
    0.006532,
    0.006621,
    0.006643,
    0.00674,
    0.00685,
    0.006879,
    0.006889,
    0.007018,
    0.007232,
    0.007188,
    0.007308,
    0.007447,
    0.007402,
    0.007595,
    0.007695,
    0.007701,
    0.007732,
    0.007912,
    0.008002,
    0.008238,
    0.008322,
    0.008402,
    0.008619,
    0.008698,
    0.008798,
    0.008838,
    0.008823,
    0.009042,
    0.009088,
    0.009104,
    0.009307,
    0.009262,
    0.009523,
    0.009538,
    0.009659,
    0.009757,
    0.009858,
    0.009995,
    0.010052,
    0.010026,
    0.010105,
    0.010148,
    0.010234,
    0.010304,
    0.010403,
    0.010559,
    0.010612,
    0.010655,
    0.010729,
    0.01081,
    0.011033,
    0.011245,
    0.011262,
    0.01111,
    0.01119,
    0.011319,
    0.011618,
    0.011787,
    0.011742,
    0.011749,
    0.011939,
    0.012167,
    0.01208,
    0.012448,
    0.012501,
    0.012597,
    0.012674,
    0.012703,
    0.013055,
    0.012928,
    0.013273,
    0.01339,
    0.013599,
    0.013639,
    0.013565,
    0.013644,
    0.013697,
    0.013759,
    0.013843,
    0.013923,
    0.013903,
    0.013885,
    0.01398,
    0.014058,
    0.014199,
    0.014399,
    0.014564,
    0.014523,
    0.014492,
    0.014616,
    0.014817,
    0.014947,
    0.014971,
    0.015054,
    0.015014,
    0.01498,
    0.015134,
    0.015195,
    0.015132,
    0.015279,
    0.015278,
    0.01519,
    0.015203,
    0.015232,
    0.015286,
    0.015386,
    0.015536,
    0.015664,
    0.015755,
    0.015813,
    0.016054,
    0.015948,
    0.015921,
    0.015961,
    0.016077,
    0.016076,
    0.016214,
    0.016353,
    0.016283,
    0.01647,
    0.01654,
    0.016628,
    0.0168,
    0.016841,
    0.016833,
    0.016758,
    0.016777,
    0.016777,
    0.016774,
    0.016777,
    0.016961,
    0.016956,
    0.016957,
    0.017036,
    0.017056,
    0.017036,
    0.01711,
    0.017045,
    0.017067,
    0.017117,
    0.017083,
    0.01716,
    0.017194,
    0.017266,
    0.0173,
    0.017404,
    0.017427,
    0.01756,
    0.017526,
    0.017471,
    0.017449,
    0.017503,
    0.017561,
    0.017464,
    0.017538,
    0.017576,
    0.017642,
    0.017643,
    0.017662,
    0.01781,
    0.017834,
    0.017864
  ],
  "per_company_mape": {
    "C10007": 0.103036,
    "C10019": 0.065152,
    "C10022": 0.078922,
    "C10204": 0.104186,
    "C10308": 0.105595,
    "C10336": 0.111125,
    "C1066": 0.106382,
    "C10783": 0.03398,
    "C10790": 0.029996,
    "C1090": 0.009251,
    "C11037": 0.015133,
    "C11126": 0.026878,
    "C11150": 0.424461,
    "C11231": 0.79937,
    "C12360": 0.008705,
    "C13420": 0.041495,
    "C13439": 0.128495,
    "C13501": 0.065321,
    "C13528": 0.006778,
    "C13587": 0.042876,
    "C13595": 0.032372,
    "C13641": 0.00098,
    "C13781": 0.122533,
    "C13889": 0.087428,
    "C13943": 0.140843,
    "C14044": 0.094249,
    "C14176": 0.109135,
    "C14257": 0.130694,
    "C14311": 0.031529,
    "C14370": 0.102702,
    "C14443": 0.041367,
    "C14550": 0.038568,
    "C14885": 0.005319,
    "C15024": 0.021346,
    "C15172": 0.029959,
    "C15199": 0.022327,
    "C15210": 0.157765,
    "C1538": 0.021558,
    "C15407": 0.065583,
    "C15997": 0.026258,
    "C16373": 0.002643,
    "C16799": 0.007868,
    "C1716": 0.10596,
    "C1767": 0.079414,
    "C17884": 0.657825,
    "C18163": 0.118771,
    "C18309": 0.024727,
    "C18380": 0.081419,
    "C18686": 0.032455,
    "C18791": 0.024871,
    "C19119": 0.098495,
    "C19780": 0.048099,
    "C2003": 0.072292,
    "C20430": 0.067902,
    "C20800": 0.065185,
    "C21172": 0.039423,
    "C2143": 0.012582,
    "C2208": 0.060131,
    "C22390": 0.09568,
    "C2259": 0.033752,
    "C23574": 0.055776,
    "C23663": 0.0,
    "C23876": 0.162292,
    "C25275": 0.037545,
    "C25755": 0.010086,
    "C26077": 0.118105,
    "C26808": 0.020777,
    "C26905": 0.01201,
    "C27022": 0.02945,
    "C27065": 0.105079,
    "C27499": 0.038569,
    "C27766": 0.003025,
    "C29297": 0.002763,
    "C29378": 0.010065,
    "C29440": 0.113472,
    "C31062": 0.064232,