{
  "arch": "gru_baseline",
  "lob": "private_passenger_auto",
  "config_idx": 52,
  "dropout_rate": 0.02073,
  "learning_rate": 0.002396,
  "batch_size": 512,
  "max_epochs": 1000,
  "gru_units": 64,
  "dense_units": 128,
  "mape": 0.06677629730809966,
  "rmspe": 0.2863037381572881,
  "n_companies": 121,
  "n_filtered": 7,
  "mape_std": 0.1965270231507375,
  "mape_p25": 0.028168200082561618,
  "mape_p75": 0.05573213507537796,
  "training_time": 40.06,
  "epochs_trained": 201,
  "best_val_loss": 0.0062014021968934685,
  "train_loss_curve": [
    0.040455,
    0.038354,
    0.037536,
    0.036828,
    0.036056,
    0.034904,
    0.033662,
    0.032964,
    0.032951,
    0.031137,
    0.029879,
    0.028185,
    0.026952,
    0.026496,
    0.026302,
    0.024738,
    0.023947,
    0.025532,
    0.022992,
    0.022307,
    0.022565,
    0.022362,
    0.019863,
    0.020419,
    0.018957,
    0.019804,
    0.02055,
    0.019429,
    0.017841,
    0.017418,
    0.017538,
    0.016392,
    0.015361,
    0.015696,
    0.014813,
    0.017081,
    0.013367,
    0.017872,
    0.018965,
    0.015564,
    0.013754,
    0.009074,
    0.011686,
    0.01524,
    0.019279,
    0.018358,
    0.017066,
    0.018555,
    0.01802,
    0.018358,
    0.018202,
    0.015408,
    0.015924,
    0.016285,
    0.016213,
    0.016023,
    0.014043,
    0.013459,
    0.01357,
    0.013499,
    0.013368,
    0.010655,
    0.009571,
    0.007191,
    0.006937,
    0.006225,
    0.006349,
    0.005595,
    0.005935,
    0.005664,
    0.015406,
    0.014516,
    0.007276,
    0.005781,
    0.005685,
    0.005513,
    0.005648,
    0.005646,
    0.005493,
    0.005413,
    0.005382,
    0.005189,
    0.005397,
    0.013731,
    0.007589,
    0.006374,
    0.005561,
    0.005318,
    0.005181,
    0.005764,
    0.012984,
    0.005384,
    0.011893,
    0.00504,
    0.006366,
    0.005169,
    0.004984,
    0.00515,
    0.005083,
    0.004993,
    0.005054,
    0.004927,
    0.005016,
    0.005153,
    0.005011,
    0.005166,
    0.005162,
    0.005002,
    0.004917,
    0.005951,
    0.004993,
    0.011902,
    0.004928,
    0.004986,
    0.004899,
    0.004996,
    0.005078,
    0.004999,
    0.005127,
    0.012819,
    0.005169,
    0.004923,
    0.00489,
    0.004916,
    0.012101,
    0.013107,
    0.006143,
    0.005112,
    0.005151,
    0.005081,
    0.004929,
    0.004862,
    0.004952,
    0.00501,
    0.004932,
    0.004866,
    0.00488,
    0.004867,
    0.004947,
    0.00491,
    0.004835,
    0.004814,
    0.004921,
    0.004815,
    0.00477,
    0.004936,
    0.004851,
    0.004825,
    0.005634,
    0.004833,
    0.004992,
    0.004965,
    0.004791,
    0.004718,
    0.004761,
    0.004756,
    0.004848,
    0.004762,
    0.004793,
    0.004733,
    0.004927,
    0.004779,
    0.004726,
    0.004803,
    0.004702,
    0.004904,
    0.004833,
    0.004814,
    0.004957,
    0.004858,
    0.004737,
    0.004887,
    0.004821,
    0.004767,
    0.005703,
    0.004877,
    0.004732,
    0.004802,
    0.011715,
    0.004943,
    0.004762,
    0.0118,
    0.005261,
    0.005017,
    0.005105,
    0.004921,
    0.005521,
    0.005674,
    0.004807,
    0.004769,
    0.004768,
    0.004748,
    0.004748,
    0.004693,
    0.004694,
    0.004761,
    0.004816,
    0.004843,
    0.004689,
    0.004729,
    0.004691
  ],
  "val_loss_curve": [
    0.006812,
    0.006362,
    0.006302,
    0.006263,
    0.007229,
    0.008546,
    0.009842,
    0.008753,
    0.018607,
    0.016374,
    0.025393,
    0.033866,
    0.041385,
    0.039623,
    0.053919,
    0.05415,
    0.050195,
    0.052039,
    0.067282,
    0.056671,
    0.056466,
    0.0563,
    0.05651,
    0.050863,
    0.050179,
    0.051944,
    0.050183,
    0.049119,
    0.046424,
    0.068395,
    0.057177,
    0.034571,
    0.028321,
    0.026293,
    0.019927,
    0.021144,
    0.026188,
    0.020555,
    0.011904,
    0.023071,
    0.014365,
    0.011822,
    0.011082,
    0.01003,
    0.01037,
    0.012777,
    0.012175,
    0.010244,
    0.009402,
    0.010813,
    0.008412,
    0.008936,
    0.014127,
    0.009525,
    0.007171,
    0.006721,
    0.011031,
    0.010158,
    0.009514,
    0.008958,
    0.006404,
    0.007486,
    0.007795,
    0.009908,
    0.008378,
    0.008938,
    0.006788,
    0.007106,
    0.00678,
    0.007158,
    0.006927,
    0.011735,
    0.010623,
    0.008376,
    0.008159,
    0.006835,
    0.00681,
    0.00724,
    0.007851,
    0.008011,
    0.007482,
    0.006669,
    0.007415,
    0.006296,
    0.007579,
    0.007911,
    0.006391,
    0.006573,
    0.006381,
    0.00624,
    0.006201,
    0.006343,
    0.007658,
    0.008076,
    0.006777,
    0.006567,
    0.006576,
    0.006718,
    0.006537,
    0.006923,
    0.0066,
    0.006546,
    0.007752,
    0.007895,
    0.006583,
    0.007455,
    0.007192,
    0.007213,
    0.008417,
    0.006858,
    0.006608,
    0.006712,
    0.007512,
    0.007287,
    0.00725,
    0.007555,
    0.008636,
    0.008971,
    0.006456,
    0.006469,
    0.006739,
    0.006945,
    0.007144,
    0.007449,
    0.006569,
    0.006712,
    0.008756,
    0.008084,
    0.0067,
    0.006739,
    0.00677,
    0.00701,
    0.007285,
    0.006909,
    0.00674,
    0.007037,
    0.006991,
    0.006771,
    0.006597,
    0.007649,
    0.006806,
    0.007138,
    0.007304,
    0.006823,
    0.006722,
    0.00724,
    0.007279,
    0.006994,
    0.007088,
    0.006931,
    0.007172,
    0.007326,
    0.007228,
    0.007218,
    0.007404,
    0.00712,
    0.006962,
    0.006947,
    0.006738,
    0.006812,
    0.006904,
    0.007098,
    0.007221,
    0.007062,
    0.006736,
    0.006527,
    0.00691,
    0.007342,
    0.007209,
    0.006668,
    0.006597,
    0.006706,
    0.006846,
    0.006718,
    0.007041,
    0.007355,
    0.007355,
    0.007246,
    0.007016,
    0.006936,
    0.00691,
    0.00687,
    0.006748,
    0.007442,
    0.008561,
    0.008678,
    0.008503,
    0.007773,
    0.007278,
    0.007233,
    0.007149,
    0.00718,
    0.007253,
    0.00706,
    0.007038,
    0.007162,
    0.007193,
    0.007067,
    0.006874,
    0.006859,
    0.00693
  ],
  "per_company_mape": {
    "C10007": 0.041847,
    "C10019": 0.06794,
    "C10022": 0.032507,
    "C10204": 0.066678,
    "C10308": 0.0,
    "C10336": 0.034334,
    "C1066": 0.031745,
    "C10783": 0.022381,
    "C10790": 0.06894,
    "C1090": 0.027173,
    "C11037": 0.0813,
    "C11126": 0.043461,
    "C11150": 2.095751,
    "C11231": 0.193155,
    "C12360": 0.010768,
    "C13420": 0.028967,
    "C13439": 0.006275,
    "C13501": 0.040983,
    "C13528": 0.031791,
    "C13587": 0.040244,
    "C13595": 0.037198,
    "C13641": 0.00098,
    "C13781": 0.101969,
    "C13889": 0.028168,
    "C13943": 0.023784,
    "C14044": 0.06916,
    "C14176": 0.039129,
    "C14257": 0.042456,
    "C14311": 0.09363,
    "C14370": 0.193158,
    "C14443": 0.065532,
    "C14550": 0.011142,
    "C14885": 0.049972,
    "C15024": 0.05079,
    "C15172": 0.04129,
    "C15199": 0.066969,
    "C15210": 0.023105,
    "C1538": 0.013767,
    "C15407": 0.032272,
    "C15997": 0.031616,
    "C16373": 0.035595,
    "C16799": 0.04976,
    "C1716": 0.074666,
    "C1767": 0.034731,
    "C17884": 0.649419,
    "C18163": 0.024237,
    "C18309": 0.00747,
    "C18380": 0.014289,
    "C18686": 0.019854,
    "C18791": 0.037793,
    "C19119": 0.049245,
    "C19780": 0.055503,
    "C2003": 0.060072,
    "C20430": 0.059593,
    "C20800": 0.051554,
    "C21172": 0.076468,
    "C2143": 0.03486,
    "C2208": 0.064031,
    "C22390": 0.061301,
    "C2259": 0.031704,
    "C23574": 0.044231,
    "C23663": 0.0,
    "C23876": 0.016717,
    "C25275": 0.053591,
    "C25755": 0.025644,
    "C26077": 0.047334,
    "C26808": 0.09203,
    "C26905": 0.021575,
    "C27022": 0.051827,
    "C27065": 0.044495,
    "C27499": 0.027312,
    "C27766": 0.003145,
    "C29297": 0.031449,
    "C29378": 0.023149,
    "C29440": 0.052624,
    "C31062": 0.038726,