{
  "arch": "gru_baseline",
  "lob": "private_passenger_auto",
  "config_idx": 99,
  "dropout_rate": 0.01519,
  "learning_rate": 0.0001072,
  "batch_size": 512,
  "max_epochs": 500,
  "gru_units": 256,
  "dense_units": 128,
  "mape": 0.09633430192931164,
  "rmspe": 0.2696886497952061,
  "n_companies": 121,
  "n_filtered": 7,
  "mape_std": 0.1768259112364397,
  "mape_p25": 0.028442946650205053,
  "mape_p75": 0.09295253297978744,
  "training_time": 22.34,
  "epochs_trained": 201,
  "best_val_loss": 0.00612949885908165,
  "train_loss_curve": [
    0.04181,
    0.041126,
    0.040159,
    0.03951,
    0.039073,
    0.038762,
    0.038277,
    0.038031,
    0.037836,
    0.037681,
    0.037567,
    0.03734,
    0.037211,
    0.037417,
    0.037304,
    0.03704,
    0.0368,
    0.036669,
    0.036566,
    0.036464,
    0.03641,
    0.036358,
    0.036372,
    0.036111,
    0.035967,
    0.036123,
    0.035986,
    0.035732,
    0.035772,
    0.0354,
    0.035312,
    0.035268,
    0.035108,
    0.035759,
    0.035026,
    0.035298,
    0.034717,
    0.034639,
    0.034804,
    0.03456,
    0.034302,
    0.034191,
    0.034105,
    0.034161,
    0.03384,
    0.033862,
    0.033626,
    0.033544,
    0.033749,
    0.033769,
    0.03363,
    0.033035,
    0.033464,
    0.032933,
    0.032634,
    0.032352,
    0.032301,
    0.032597,
    0.032309,
    0.032467,
    0.032319,
    0.031842,
    0.031953,
    0.031738,
    0.031958,
    0.031608,
    0.031571,
    0.035337,
    0.031512,
    0.031557,
    0.031495,
    0.031462,
    0.031442,
    0.031488,
    0.031035,
    0.031004,
    0.031131,
    0.031089,
    0.035076,
    0.031076,
    0.030835,
    0.030617,
    0.030439,
    0.030808,
    0.030585,
    0.030581,
    0.030689,
    0.030604,
    0.030517,
    0.030451,
    0.030377,
    0.030364,
    0.030193,
    0.030361,
    0.030114,
    0.030401,
    0.030305,
    0.029897,
    0.030233,
    0.029938,
    0.030024,
    0.029779,
    0.034901,
    0.029701,
    0.029692,
    0.029925,
    0.029515,
    0.029552,
    0.029649,
    0.0295,
    0.029228,
    0.030252,
    0.02987,
    0.029461,
    0.029346,
    0.029211,
    0.029514,
    0.029367,
    0.029237,
    0.029219,
    0.029355,
    0.029166,
    0.031831,
    0.029063,
    0.029041,
    0.029262,
    0.029178,
    0.029007,
    0.029034,
    0.029182,
    0.028841,
    0.02888,
    0.028885,
    0.029074,
    0.028848,
    0.028751,
    0.029105,
    0.028945,
    0.028815,
    0.029154,
    0.029214,
    0.028845,
    0.028624,
    0.028969,
    0.02859,
    0.028665,
    0.02893,
    0.028502,
    0.028543,
    0.028856,
    0.028603,
    0.028845,
    0.028545,
    0.029637,
    0.028312,
    0.02848,
    0.028393,
    0.028383,
    0.02836,
    0.028172,
    0.028163,
    0.028586,
    0.028239,
    0.028622,
    0.028417,
    0.028257,
    0.028419,
    0.028122,
    0.028083,
    0.028468,
    0.030762,
    0.028636,
    0.028093,
    0.028055,
    0.02803,
    0.028887,
    0.029269,
    0.02801,
    0.031283,
    0.028011,
    0.033803,
    0.028057,
    0.028126,
    0.02803,
    0.028657,
    0.030468,
    0.028195,
    0.028192,
    0.028039,
    0.028074,
    0.02788,
    0.028259,
    0.028012,
    0.028008,
    0.028034,
    0.029358,
    0.027907,
    0.027904,
    0.028954,
    0.027308,
    0.028148
  ],
  "val_loss_curve": [
    0.006517,
    0.006365,
    0.006388,
    0.006307,
    0.006187,
    0.006239,
    0.006129,
    0.006247,
    0.006223,
    0.00632,
    0.006164,
    0.006274,
    0.006316,
    0.006204,
    0.006175,
    0.006231,
    0.006183,
    0.006141,
    0.006336,
    0.006205,
    0.006226,
    0.006263,
    0.006332,
    0.006399,
    0.006436,
    0.006622,
    0.006515,
    0.006597,
    0.006615,
    0.006912,
    0.007005,
    0.007117,
    0.007203,
    0.007268,
    0.007056,
    0.007405,
    0.007776,
    0.007736,
    0.007659,
    0.00806,
    0.008306,
    0.00828,
    0.008532,
    0.009206,
    0.009171,
    0.00919,
    0.009226,
    0.009889,
    0.010044,
    0.010522,
    0.010419,
    0.01188,
    0.012015,
    0.012118,
    0.01268,
    0.012891,
    0.01333,
    0.013852,
    0.013828,
    0.014209,
    0.014616,
    0.015239,
    0.01521,
    0.015211,
    0.015877,
    0.015814,
    0.016227,
    0.016065,
    0.016184,
    0.016609,
    0.016757,
    0.016644,
    0.017441,
    0.017853,
    0.018319,
    0.01865,
    0.018437,
    0.018819,
    0.018486,
    0.018226,
    0.018477,
    0.018719,
    0.019792,
    0.020268,
    0.020511,
    0.020902,
    0.021101,
    0.020522,
    0.020872,
    0.021911,
    0.022289,
    0.022338,
    0.022966,
    0.023286,
    0.023577,
    0.023606,
    0.023907,
    0.024549,
    0.024915,
    0.025327,
    0.025716,
    0.025342,
    0.025874,
    0.025818,
    0.02616,
    0.025952,
    0.026577,
    0.0271,
    0.027708,
    0.027725,
    0.027851,
    0.028086,
    0.028575,
    0.028821,
    0.029151,
    0.029268,
    0.029959,
    0.029939,
    0.029982,
    0.029941,
    0.030198,
    0.030588,
    0.030054,
    0.030216,
    0.030619,
    0.030858,
    0.031385,
    0.031178,
    0.031421,
    0.03185,
    0.032326,
    0.032331,
    0.032177,
    0.032871,
    0.032795,
    0.033172,
    0.033635,
    0.033706,
    0.033636,
    0.033836,
    0.034358,
    0.034937,
    0.034639,
    0.035097,
    0.034992,
    0.0353,
    0.035082,
    0.035574,
    0.035954,
    0.036071,
    0.036675,
    0.036505,
    0.037366,
    0.037404,
    0.037452,
    0.037614,
    0.037919,
    0.038391,
    0.037949,
    0.038516,
    0.038617,
    0.038622,
    0.038863,
    0.039058,
    0.03925,
    0.039352,
    0.039589,
    0.039559,
    0.03992,
    0.03995,
    0.039953,
    0.039911,
    0.039914,
    0.040244,
    0.040289,
    0.040247,
    0.040556,
    0.040697,
    0.040492,
    0.0404,
    0.040382,
    0.040426,
    0.040537,
    0.040479,
    0.040656,
    0.040659,
    0.040891,
    0.040875,
    0.041033,
    0.041264,
    0.041233,
    0.041421,
    0.041889,
    0.041945,
    0.041907,
    0.042062,
    0.042362,
    0.042514,
    0.042678,
    0.042869,
    0.043096
  ],
  "per_company_mape": {
    "C10007": 0.222917,
    "C10019": 0.06571,
    "C10022": 0.070678,
    "C10204": 0.052298,
    "C10308": 0.744049,
    "C10336": 0.031176,
    "C1066": 0.104191,
    "C10783": 0.021347,
    "C10790": 0.019523,
    "C1090": 0.022759,
    "C11037": 0.032325,
    "C11126": 0.195833,
    "C11150": 1.510688,
    "C11231": 0.869443,
    "C12360": 0.115096,
    "C13420": 0.040352,
    "C13439": 0.048827,
    "C13501": 0.059292,
    "C13528": 0.047378,
    "C13587": 0.046507,
    "C13595": 0.031602,
    "C13641": 0.064235,
    "C13781": 0.086265,
    "C13889": 0.150152,
    "C13943": 0.074618,
    "C14044": 0.096554,
    "C14176": 0.03684,
    "C14257": 0.051216,
    "C14311": 0.019323,
    "C14370": 0.193404,
    "C14443": 0.026885,
    "C14550": 0.01504,
    "C14885": 0.290359,
    "C15024": 0.116878,
    "C15172": 0.045398,
    "C15199": 0.022876,
    "C15210": 0.019937,
    "C1538": 0.021337,
    "C15407": 0.015482,
    "C15997": 0.018537,
    "C16373": 0.056343,
    "C16799": 0.072786,
    "C1716": 0.137994,
    "C1767": 0.013314,
    "C17884": 0.649877,
    "C18163": 0.008797,
    "C18309": 0.101062,
    "C18380": 0.037677,
    "C18686": 0.072734,
    "C18791": 0.120674,
    "C19119": 0.035171,
    "C19780": 0.106575,
    "C2003": 0.062225,
    "C20430": 0.05526,
    "C20800": 0.027454,
    "C21172": 0.027144,
    "C2143": 0.069546,
    "C2208": 0.102626,
    "C22390": 0.073295,
    "C2259": 0.09738,
    "C23574": 0.078913,
    "C23663": 0.024258,
    "C23876": 0.089335,
    "C25275": 0.069249,
    "C25755": 0.083968,
    "C26077": 0.030896,
    "C26808": 0.11014,
    "C26905": 0.082866,
    "C27022": 0.128048,
    "C27065": 0.097449,
    "C27499": 0.12977,
    "C27766": 0.092869,
    "C29297": 0.01615,
    "C29378": 0.027349,
    "C29440": 0.046992,
    "C31062": 0.035311,