{
  "arch": "gru_baseline",
  "lob": "private_passenger_auto",
  "config_idx": 94,
  "dropout_rate": 0.14074,
  "learning_rate": 0.0006473,
  "batch_size": 256,
  "max_epochs": 500,
  "gru_units": 64,
  "dense_units": 64,
  "mape": 0.03419232146152017,
  "rmspe": 0.08559709282647487,
  "n_companies": 121,
  "n_filtered": 6,
  "mape_std": 0.06036345836268642,
  "mape_p25": 0.016657595578793614,
  "mape_p75": 0.03510152690383883,
  "training_time": 33.03,
  "epochs_trained": 201,
  "best_val_loss": 0.006667107112921907,
  "train_loss_curve": [
    0.041643,
    0.039705,
    0.038675,
    0.038355,
    0.038119,
    0.037675,
    0.037183,
    0.03737,
    0.036915,
    0.036611,
    0.036957,
    0.036851,
    0.036036,
    0.035102,
    0.035572,
    0.035504,
    0.034767,
    0.034095,
    0.035244,
    0.033972,
    0.035186,
    0.033047,
    0.032521,
    0.035656,
    0.032263,
    0.030985,
    0.034297,
    0.03103,
    0.030781,
    0.030031,
    0.029621,
    0.028378,
    0.03441,
    0.030748,
    0.028689,
    0.031438,
    0.027028,
    0.027751,
    0.027287,
    0.026673,
    0.031363,
    0.02655,
    0.030569,
    0.025593,
    0.025448,
    0.027978,
    0.026158,
    0.032331,
    0.028977,
    0.023535,
    0.030921,
    0.026444,
    0.024261,
    0.029689,
    0.023823,
    0.026676,
    0.023906,
    0.023037,
    0.022929,
    0.024328,
    0.023356,
    0.036494,
    0.022272,
    0.020999,
    0.022967,
    0.028367,
    0.019183,
    0.022588,
    0.02389,
    0.03183,
    0.020909,
    0.028651,
    0.021672,
    0.020882,
    0.020729,
    0.031349,
    0.024931,
    0.027833,
    0.021755,
    0.036932,
    0.022562,
    0.029072,
    0.030163,
    0.021239,
    0.022208,
    0.022091,
    0.020165,
    0.022447,
    0.03361,
    0.030105,
    0.028882,
    0.024373,
    0.022325,
    0.029287,
    0.022479,
    0.021854,
    0.032605,
    0.021799,
    0.029387,
    0.020749,
    0.026828,
    0.020354,
    0.028808,
    0.021312,
    0.036106,
    0.031404,
    0.022685,
    0.028748,
    0.029634,
    0.027358,
    0.020281,
    0.023359,
    0.020005,
    0.022522,
    0.028802,
    0.020483,
    0.030241,
    0.028653,
    0.020368,
    0.027206,
    0.021973,
    0.020246,
    0.020645,
    0.028803,
    0.019941,
    0.018863,
    0.037046,
    0.021232,
    0.028342,
    0.019475,
    0.019095,
    0.020133,
    0.021054,
    0.021248,
    0.020042,
    0.019123,
    0.018626,
    0.01819,
    0.020077,
    0.019327,
    0.019265,
    0.025987,
    0.017827,
    0.018963,
    0.029851,
    0.022086,
    0.028848,
    0.020133,
    0.028383,
    0.027707,
    0.018076,
    0.017452,
    0.019552,
    0.020156,
    0.018234,
    0.019567,
    0.019036,
    0.020017,
    0.028515,
    0.028986,
    0.021117,
    0.035916,
    0.024518,
    0.021824,
    0.017866,
    0.019631,
    0.020875,
    0.019948,
    0.017732,
    0.020371,
    0.028038,
    0.030274,
    0.017672,
    0.016783,
    0.019295,
    0.020359,
    0.030226,
    0.015724,
    0.018852,
    0.020577,
    0.02133,
    0.024788,
    0.019895,
    0.025634,
    0.023123,
    0.018444,
    0.017313,
    0.021828,
    0.021541,
    0.020484,
    0.018986,
    0.017768,
    0.016538,
    0.017188,
    0.031035,
    0.018241,
    0.018518,
    0.019218,
    0.017254,
    0.018914,
    0.028619
  ],
  "val_loss_curve": [
    0.006867,
    0.006731,
    0.006826,
    0.006667,
    0.006745,
    0.00667,
    0.00668,
    0.006697,
    0.006701,
    0.00677,
    0.006802,
    0.007029,
    0.007179,
    0.007392,
    0.007382,
    0.007211,
    0.007827,
    0.008249,
    0.007997,
    0.008674,
    0.008179,
    0.009367,
    0.010187,
    0.008864,
    0.009904,
    0.011051,
    0.010461,
    0.010493,
    0.013342,
    0.012391,
    0.013699,
    0.014405,
    0.013439,
    0.015018,
    0.016556,
    0.017838,
    0.01894,
    0.021746,
    0.021247,
    0.024265,
    0.025309,
    0.022952,
    0.020322,
    0.02619,
    0.02591,
    0.023128,
    0.024289,
    0.025328,
    0.026487,
    0.028766,
    0.032841,
    0.028437,
    0.034716,
    0.032047,
    0.033257,
    0.034109,
    0.034241,
    0.035077,
    0.03736,
    0.04209,
    0.041858,
    0.039104,
    0.040206,
    0.038187,
    0.041469,
    0.041761,
    0.04407,
    0.041207,
    0.039249,
    0.037914,
    0.04114,
    0.041262,
    0.04026,
    0.043084,
    0.044535,
    0.042038,
    0.036464,
    0.030806,
    0.03151,
    0.030088,
    0.032324,
    0.035766,
    0.035569,
    0.03642,
    0.037175,
    0.038834,
    0.039099,
    0.040153,
    0.036278,
    0.034356,
    0.036366,
    0.032249,
    0.032907,
    0.033858,
    0.032067,
    0.0351,
    0.035702,
    0.036541,
    0.037385,
    0.038271,
    0.039978,
    0.040505,
    0.037983,
    0.039882,
    0.038225,
    0.036596,
    0.036685,
    0.037443,
    0.035818,
    0.035318,
    0.035297,
    0.036805,
    0.037754,
    0.039885,
    0.039942,
    0.041305,
    0.040059,
    0.038656,
    0.039403,
    0.039615,
    0.041333,
    0.041518,
    0.040475,
    0.039617,
    0.040338,
    0.042019,
    0.039445,
    0.040319,
    0.041412,
    0.041414,
    0.042319,
    0.042359,
    0.042417,
    0.043014,
    0.044128,
    0.044543,
    0.044485,
    0.044743,
    0.044699,
    0.04423,
    0.044641,
    0.044541,
    0.045774,
    0.045495,
    0.044098,
    0.042091,
    0.040824,
    0.040828,
    0.041828,
    0.041638,
    0.04225,
    0.043667,
    0.043991,
    0.043726,
    0.044202,
    0.044803,
    0.045154,
    0.044041,
    0.042893,
    0.042441,
    0.042687,
    0.042356,
    0.041088,
    0.040885,
    0.041111,
    0.041715,
    0.041018,
    0.040741,
    0.040735,
    0.041232,
    0.040526,
    0.039901,
    0.040527,
    0.040017,
    0.039825,
    0.04013,
    0.038606,
    0.038196,
    0.038356,
    0.037665,
    0.037143,
    0.0367,
    0.036398,
    0.036516,
    0.035932,
    0.036113,
    0.036871,
    0.037428,
    0.037402,
    0.037212,
    0.037299,
    0.03727,
    0.037561,
    0.037864,
    0.038205,
    0.038083,
    0.038838,
    0.03859,
    0.039505,
    0.040408,
    0.039987
  ],
  "per_company_mape": {
    "C10007": 0.016623,
    "C10019": 0.058767,
    "C10022": 0.033464,
    "C10204": 0.015309,
    "C10308": 0.0191,
    "C10336": 0.013537,
    "C1066": 0.029619,
    "C10783": 0.032119,
    "C10790": 0.03945,
    "C1090": 0.011958,
    "C11037": 0.063553,
    "C11126": 0.027097,
    "C11150": 0.0,
    "C11231": 0.180891,
    "C12360": 0.003262,
    "C13420": 0.032941,
    "C13439": 0.021598,
    "C13501": 0.020555,
    "C13528": 0.015707,
    "C13587": 0.036002,
    "C13595": 0.016611,
    "C13641": 0.001457,
    "C13781": 0.034071,
    "C13889": 0.026632,
    "C13943": 0.031203,
    "C14044": 0.041853,
    "C14176": 0.012956,
    "C14257": 0.032612,
    "C14311": 0.047267,
    "C14370": 0.026722,
    "C14443": 0.02883,
    "C14550": 0.017543,
    "C14885": 0.076306,
    "C15024": 0.0187,
    "C15172": 0.022293,
    "C15199": 0.027679,
    "C15210": 0.066211,
    "C1538": 0.01189,
    "C15407": 0.012365,
    "C15997": 0.024194,
    "C16373": 0.031728,
    "C16799": 0.024893,
    "C1716": 0.026434,
    "C1767": 0.023772,
    "C17884": 0.643401,
    "C18163": 0.015286,
    "C18309": 0.029642,
    "C18380": 0.014235,
    "C18686": 0.029327,
    "C18791": 0.022442,
    "C19119": 0.042046,
    "C19780": 0.058881,
    "C2003": 0.025959,
    "C20430": 0.025203,
    "C20800": 0.0,
    "C21172": 0.021641,
    "C2143": 0.03849,
    "C2208": 0.033049,
    "C22390": 0.025886,
    "C2259": 0.022312,
    "C23574": 0.016658,
    "C23663": 0.0,
    "C23876": 0.015421,
    "C25275": 0.019645,
    "C25755": 0.00594,
    "C26077": 0.03864,
    "C26808": 0.083081,
    "C26905": 0.019453,
    "C27022": 0.028617,
    "C27065": 0.049111,
    "C27499": 0.029565,
    "C27766": 0.015807,
    "C29297": 0.001136,
    "C29378": 0.037396,
    "C29440": 0.03467,
    "C31062": 0.064112,