{
  "arch": "gru_baseline",
  "lob": "private_passenger_auto",
  "config_idx": 63,
  "dropout_rate": 0.01589,
  "learning_rate": 0.0002794,
  "batch_size": 256,
  "max_epochs": 1000,
  "gru_units": 64,
  "dense_units": 32,
  "mape": 0.09390768776229765,
  "rmspe": 0.18834307684055104,
  "n_companies": 121,
  "n_filtered": 7,
  "mape_std": 0.1181878393121004,
  "mape_p25": 0.025597156802789834,
  "mape_p75": 0.10780523926264657,
  "training_time": 32.84,
  "epochs_trained": 201,
  "best_val_loss": 0.006760281030437909,
  "train_loss_curve": [
    0.04175,
    0.040578,
    0.039766,
    0.0391,
    0.038489,
    0.038128,
    0.037814,
    0.037413,
    0.037479,
    0.03696,
    0.036872,
    0.036652,
    0.036731,
    0.03625,
    0.036385,
    0.035913,
    0.035901,
    0.035553,
    0.035244,
    0.035169,
    0.035509,
    0.03486,
    0.03466,
    0.034526,
    0.034292,
    0.034042,
    0.035558,
    0.03377,
    0.033906,
    0.03347,
    0.033224,
    0.033031,
    0.033115,
    0.032513,
    0.032441,
    0.032173,
    0.031996,
    0.031783,
    0.03179,
    0.031505,
    0.031511,
    0.03172,
    0.030823,
    0.031037,
    0.030893,
    0.030176,
    0.030003,
    0.030504,
    0.029796,
    0.029562,
    0.029339,
    0.029201,
    0.029063,
    0.028795,
    0.028562,
    0.028414,
    0.028283,
    0.028222,
    0.02816,
    0.028666,
    0.027637,
    0.02765,
    0.027776,
    0.027667,
    0.028366,
    0.028214,
    0.027375,
    0.027144,
    0.027352,
    0.027604,
    0.027551,
    0.027454,
    0.026815,
    0.026815,
    0.026812,
    0.027024,
    0.028239,
    0.027043,
    0.027423,
    0.026802,
    0.026676,
    0.026271,
    0.026185,
    0.026154,
    0.025912,
    0.025557,
    0.028653,
    0.025833,
    0.025716,
    0.025705,
    0.025985,
    0.026504,
    0.025702,
    0.025655,
    0.025611,
    0.025402,
    0.025163,
    0.025498,
    0.025871,
    0.025302,
    0.025378,
    0.025149,
    0.025096,
    0.025107,
    0.027147,
    0.024642,
    0.024686,
    0.024993,
    0.024911,
    0.024615,
    0.024931,
    0.024989,
    0.025023,
    0.024667,
    0.024926,
    0.024336,
    0.024579,
    0.024555,
    0.024758,
    0.024303,
    0.0242,
    0.025058,
    0.024622,
    0.024646,
    0.024198,
    0.024101,
    0.024593,
    0.024368,
    0.024017,
    0.023989,
    0.024379,
    0.023965,
    0.024412,
    0.024236,
    0.023754,
    0.023959,
    0.023941,
    0.024221,
    0.025023,
    0.023727,
    0.024482,
    0.027104,
    0.024208,
    0.023926,
    0.023762,
    0.02351,
    0.023711,
    0.023661,
    0.023751,
    0.024032,
    0.023742,
    0.023548,
    0.023815,
    0.024401,
    0.027053,
    0.023507,
    0.023516,
    0.024089,
    0.023355,
    0.024207,
    0.026795,
    0.023346,
    0.023285,
    0.023631,
    0.023296,
    0.023531,
    0.023032,
    0.023309,
    0.023234,
    0.023171,
    0.023154,
    0.023519,
    0.023003,
    0.023652,
    0.023137,
    0.023169,
    0.023322,
    0.023583,
    0.023131,
    0.023291,
    0.023228,
    0.02309,
    0.023168,
    0.023924,
    0.023104,
    0.025985,
    0.022979,
    0.022992,
    0.023095,
    0.022701,
    0.023386,
    0.023444,
    0.023248,
    0.023548,
    0.022831,
    0.022988,
    0.022958,
    0.023203,
    0.023076,
    0.023711,
    0.026537
  ],
  "val_loss_curve": [
    0.00734,
    0.007009,
    0.006988,
    0.006816,
    0.00676,
    0.006773,
    0.006877,
    0.006872,
    0.007002,
    0.007022,
    0.007006,
    0.007002,
    0.007075,
    0.007199,
    0.007234,
    0.007412,
    0.007388,
    0.007498,
    0.007571,
    0.007685,
    0.007971,
    0.008017,
    0.008249,
    0.008512,
    0.009103,
    0.00901,
    0.009145,
    0.009325,
    0.009718,
    0.009518,
    0.010221,
    0.010677,
    0.010906,
    0.011664,
    0.012201,
    0.011615,
    0.012973,
    0.013339,
    0.013358,
    0.014672,
    0.014681,
    0.015141,
    0.015469,
    0.015543,
    0.017663,
    0.017742,
    0.018548,
    0.0194,
    0.019374,
    0.02046,
    0.020703,
    0.022324,
    0.022509,
    0.02392,
    0.024784,
    0.025227,
    0.024874,
    0.026595,
    0.025978,
    0.027665,
    0.027689,
    0.027851,
    0.028919,
    0.028581,
    0.029155,
    0.028706,
    0.030155,
    0.030729,
    0.030441,
    0.030928,
    0.031298,
    0.031239,
    0.032121,
    0.032641,
    0.032468,
    0.035287,
    0.035624,
    0.03488,
    0.035802,
    0.03594,
    0.03622,
    0.037245,
    0.037482,
    0.038008,
    0.037912,
    0.040123,
    0.040259,
    0.040498,
    0.040774,
    0.041705,
    0.043273,
    0.042997,
    0.043399,
    0.043948,
    0.044181,
    0.043928,
    0.044422,
    0.046429,
    0.046277,
    0.0455,
    0.047589,
    0.046996,
    0.048029,
    0.049601,
    0.049124,
    0.050464,
    0.051536,
    0.0513,
    0.051381,
    0.051696,
    0.052479,
    0.052169,
    0.053492,
    0.053132,
    0.05344,
    0.053703,
    0.053395,
    0.054581,
    0.05418,
    0.054373,
    0.054188,
    0.054891,
    0.055232,
    0.05577,
    0.055671,
    0.056857,
    0.056662,
    0.056615,
    0.056614,
    0.056395,
    0.058117,
    0.057651,
    0.058236,
    0.058628,
    0.05918,
    0.059719,
    0.059676,
    0.059535,
    0.059255,
    0.059681,
    0.05968,
    0.05916,
    0.059513,
    0.059916,
    0.060753,
    0.060391,
    0.060496,
    0.06169,
    0.06154,
    0.061554,
    0.061698,
    0.06201,
    0.061799,
    0.062045,
    0.061592,
    0.061811,
    0.06211,
    0.061882,
    0.06218,
    0.062855,
    0.062969,
    0.062551,
    0.062601,
    0.062802,
    0.062631,
    0.0625,
    0.063005,
    0.063352,
    0.063433,
    0.063569,
    0.063673,
    0.063875,
    0.063868,
    0.064469,
    0.065269,
    0.065376,
    0.065419,
    0.065128,
    0.065465,
    0.065504,
    0.065594,
    0.065969,
    0.066063,
    0.066196,
    0.066123,
    0.06662,
    0.066842,
    0.066713,
    0.067373,
    0.067426,
    0.067196,
    0.067469,
    0.067737,
    0.068166,
    0.06844,
    0.068387,
    0.068484,
    0.068202,
    0.068083,
    0.068027,
    0.067854
  ],
  "per_company_mape": {
    "C10007": 0.137306,
    "C10019": 0.068074,
    "C10022": 0.03403,
    "C10204": 0.083943,
    "C10308": 0.572895,
    "C10336": 0.026753,
    "C1066": 0.073283,
    "C10783": 0.074846,
    "C10790": 0.079371,
    "C1090": 0.022115,
    "C11037": 0.062566,
    "C11126": 0.044249,
    "C11150": 0.854602,
    "C11231": 0.173358,
    "C12360": 0.079411,
    "C13420": 0.027612,
    "C13439": 0.114441,
    "C13501": 0.079629,
    "C13528": 0.071115,
    "C13587": 0.031877,
    "C13595": 0.09538,
    "C13641": 0.00098,
    "C13781": 0.185307,
    "C13889": 0.087706,
    "C13943": 0.080969,
    "C14044": 0.102036,
    "C14176": 0.13143,
    "C14257": 0.021043,
    "C14311": 0.144625,
    "C14370": 0.126278,
    "C14443": 0.106101,
    "C14550": 0.079208,
    "C14885": 0.16993,
    "C15024": 0.072437,
    "C15172": 0.025019,
    "C15199": 0.022327,
    "C15210": 0.103093,
    "C1538": 0.104372,
    "C15407": 0.075522,
    "C15997": 0.042188,
    "C16373": 0.139489,
    "C16799": 0.12872,
    "C1716": 0.017477,
    "C1767": 0.013088,
    "C17884": 0.715559,
    "C18163": 0.025597,
    "C18309": 0.119645,
    "C18380": 0.065765,
    "C18686": 0.146426,
    "C18791": 0.099019,
    "C19119": 0.165511,
    "C19780": 0.123675,
    "C2003": 0.009199,
    "C20430": 0.081597,
    "C20800": 0.0,
    "C21172": 0.183013,
    "C2143": 0.105075,
    "C2208": 0.096274,
    "C22390": 0.125964,
    "C2259": 0.001876,
    "C23574": 0.105695,
    "C23663": 0.008168,
    "C23876": 0.01561,
    "C25275": 0.10623,
    "C25755": 0.010086,
    "C26077": 0.053518,
    "C26808": 0.068091,
    "C26905": 0.068726,
    "C27022": 0.022549,
    "C27065": 0.006738,
    "C27499": 0.103867,
    "C27766": 0.046482,
    "C29297": 0.024464,
    "C29378": 0.039795,
    "C29440": 0.030602,
    "C31062": 0.047643,