{
  "arch": "gru_baseline",
  "lob": "private_passenger_auto",
  "config_idx": 71,
  "dropout_rate": 0.08254,
  "learning_rate": 0.0001477,
  "batch_size": 512,
  "max_epochs": 500,
  "gru_units": 128,
  "dense_units": 32,
  "mape": 0.05747140023274017,
  "rmspe": 0.14901713746134612,
  "n_companies": 122,
  "n_filtered": 4,
  "mape_std": 0.10228249128937991,
  "mape_p25": 0.01134007066963876,
  "mape_p75": 0.0646603172776482,
  "training_time": 20.96,
  "epochs_trained": 201,
  "best_val_loss": 0.005844520790560637,
  "train_loss_curve": [
    0.041925,
    0.041221,
    0.040796,
    0.040371,
    0.040061,
    0.039755,
    0.039227,
    0.039394,
    0.038813,
    0.038648,
    0.038778,
    0.038783,
    0.038342,
    0.038118,
    0.038579,
    0.037963,
    0.037862,
    0.037866,
    0.037576,
    0.037527,
    0.037699,
    0.037466,
    0.037443,
    0.037731,
    0.037731,
    0.03766,
    0.037003,
    0.037284,
    0.037515,
    0.037228,
    0.037255,
    0.037166,
    0.037991,
    0.037013,
    0.036711,
    0.036864,
    0.036424,
    0.036522,
    0.036161,
    0.036644,
    0.036169,
    0.036095,
    0.03608,
    0.035836,
    0.035942,
    0.035926,
    0.036829,
    0.035737,
    0.036264,
    0.03635,
    0.036969,
    0.035413,
    0.035886,
    0.036154,
    0.035237,
    0.035258,
    0.035054,
    0.035204,
    0.0355,
    0.036646,
    0.035296,
    0.034653,
    0.035588,
    0.034712,
    0.034541,
    0.035316,
    0.034731,
    0.034527,
    0.034533,
    0.034607,
    0.034192,
    0.03499,
    0.034743,
    0.034234,
    0.033829,
    0.034366,
    0.034101,
    0.03407,
    0.03408,
    0.034163,
    0.034215,
    0.033918,
    0.033529,
    0.034203,
    0.034109,
    0.033461,
    0.034932,
    0.033891,
    0.033867,
    0.033936,
    0.035927,
    0.034102,
    0.033769,
    0.03362,
    0.035674,
    0.033679,
    0.034033,
    0.032805,
    0.032979,
    0.033201,
    0.033486,
    0.033514,
    0.035388,
    0.032689,
    0.032627,
    0.033149,
    0.03563,
    0.032989,
    0.033487,
    0.035423,
    0.032764,
    0.032802,
    0.03251,
    0.033845,
    0.032898,
    0.032571,
    0.033956,
    0.033542,
    0.033657,
    0.033066,
    0.032409,
    0.032813,
    0.032535,
    0.032737,
    0.032913,
    0.032603,
    0.032816,
    0.032944,
    0.033548,
    0.032885,
    0.033082,
    0.032474,
    0.031906,
    0.03302,
    0.032225,
    0.032176,
    0.032195,
    0.032793,
    0.033075,
    0.031919,
    0.035291,
    0.031993,
    0.032827,
    0.032588,
    0.031797,
    0.032362,
    0.033403,
    0.031829,
    0.032122,
    0.032781,
    0.032588,
    0.03147,
    0.03189,
    0.032011,
    0.032355,
    0.03233,
    0.031431,
    0.032514,
    0.032085,
    0.032357,
    0.032418,
    0.031746,
    0.032378,
    0.031782,
    0.033294,
    0.031671,
    0.032549,
    0.031756,
    0.032889,
    0.033029,
    0.035225,
    0.032466,
    0.03249,
    0.031792,
    0.032185,
    0.031193,
    0.031534,
    0.032048,
    0.031736,
    0.032329,
    0.032613,
    0.031711,
    0.033698,
    0.031659,
    0.031921,
    0.031605,
    0.031273,
    0.030993,
    0.031536,
    0.032141,
    0.032129,
    0.031975,
    0.031493,
    0.032469,
    0.035067,
    0.031411,
    0.031081,
    0.032834,
    0.031027,
    0.031613,
    0.032939
  ],
  "val_loss_curve": [
    0.006584,
    0.006368,
    0.006231,
    0.006187,
    0.006154,
    0.006072,
    0.006066,
    0.005905,
    0.006002,
    0.005882,
    0.005918,
    0.005947,
    0.005916,
    0.005845,
    0.005888,
    0.005869,
    0.005915,
    0.005912,
    0.005946,
    0.005938,
    0.005906,
    0.005913,
    0.005934,
    0.005922,
    0.005937,
    0.005949,
    0.005939,
    0.005947,
    0.005934,
    0.00597,
    0.005955,
    0.005994,
    0.005997,
    0.005995,
    0.006018,
    0.006014,
    0.006027,
    0.006046,
    0.006085,
    0.006122,
    0.006149,
    0.006198,
    0.006253,
    0.006258,
    0.006367,
    0.006373,
    0.006504,
    0.006537,
    0.006698,
    0.006776,
    0.006657,
    0.006689,
    0.006829,
    0.006959,
    0.007118,
    0.007085,
    0.00711,
    0.007246,
    0.007498,
    0.007606,
    0.007603,
    0.00758,
    0.007506,
    0.007696,
    0.007868,
    0.007936,
    0.007999,
    0.008101,
    0.008184,
    0.008245,
    0.008339,
    0.008435,
    0.008461,
    0.008474,
    0.008444,
    0.008517,
    0.008656,
    0.008639,
    0.008626,
    0.008635,
    0.00879,
    0.008861,
    0.009025,
    0.009001,
    0.009053,
    0.009105,
    0.009145,
    0.009276,
    0.009442,
    0.009389,
    0.009476,
    0.009643,
    0.00981,
    0.00992,
    0.009917,
    0.009884,
    0.009932,
    0.009944,
    0.010073,
    0.010066,
    0.010027,
    0.010119,
    0.010308,
    0.010497,
    0.010571,
    0.010732,
    0.010637,
    0.010662,
    0.010697,
    0.01071,
    0.010838,
    0.010926,
    0.010991,
    0.010929,
    0.011132,
    0.011151,
    0.011306,
    0.011381,
    0.011428,
    0.011514,
    0.011531,
    0.011585,
    0.011641,
    0.0117,
    0.011776,
    0.011791,
    0.011859,
    0.011885,
    0.011999,
    0.012135,
    0.012198,
    0.012293,
    0.012335,
    0.012342,
    0.012386,
    0.012508,
    0.012497,
    0.0125,
    0.012541,
    0.012496,
    0.012406,
    0.012397,
    0.012507,
    0.012617,
    0.012652,
    0.012645,
    0.012775,
    0.012821,
    0.012863,
    0.012883,
    0.013001,
    0.013053,
    0.013027,
    0.013044,
    0.01314,
    0.013134,
    0.01334,
    0.013396,
    0.013475,
    0.013505,
    0.0136,
    0.013614,
    0.013644,
    0.013689,
    0.013788,
    0.013727,
    0.013877,
    0.013914,
    0.013935,
    0.013907,
    0.013924,
    0.013906,
    0.013891,
    0.013878,
    0.013897,
    0.013963,
    0.014004,
    0.014053,
    0.014043,
    0.014126,
    0.014136,
    0.014195,
    0.014173,
    0.014193,
    0.014229,
    0.014208,
    0.014223,
    0.014229,
    0.014205,
    0.014246,
    0.01426,
    0.014298,
    0.014321,
    0.01434,
    0.014333,
    0.014385,
    0.014348,
    0.014371,
    0.014435,
    0.014529,
    0.014508
  ],
  "per_company_mape": {
    "C10007": 0.067719,
    "C10019": 0.062573,
    "C10022": 0.034253,
    "C10204": 0.016635,
    "C10308": 0.515596,
    "C10336": 0.012372,
    "C1066": 0.129155,
    "C10783": 0.009131,
    "C10790": 0.01854,
    "C1090": 0.052944,
    "C11037": 0.01191,
    "C11126": 0.033226,
    "C11150": 0.048222,
    "C11231": 0.774988,
    "C12360": 0.006609,
    "C13420": 0.041495,
    "C13439": 0.016768,
    "C13501": 0.018797,
    "C13528": 0.0,
    "C13587": 0.057922,
    "C13595": 0.019805,
    "C13641": 0.06657,
    "C13781": 0.132744,
    "C13889": 0.029228,
    "C13943": 0.037533,
    "C14044": 0.073286,
    "C14176": 0.01066,
    "C14257": 0.011228,
    "C14311": 0.022709,
    "C14370": 0.0,
    "C14443": 0.008661,
    "C14550": 0.020416,
    "C14885": 0.055782,
    "C15024": 0.024463,
    "C15172": 7.4e-05,
    "C15199": 0.047562,
    "C15210": 0.109859,
    "C1538": 0.021558,
    "C15407": 0.027298,
    "C15997": 0.013291,
    "C16373": 0.038077,
    "C16799": 0.007868,
    "C1716": 0.003624,
    "C1767": 0.06353,
    "C17884": 0.627503,
    "C18163": 0.10172,
    "C18309": 0.146285,
    "C18380": 0.015217,
    "C18686": 0.046662,
    "C18791": 0.024871,
    "C19119": 0.034312,
    "C19780": 0.098926,
    "C2003": 0.010979,
    "C20430": 0.004298,
    "C20800": 0.140216,
    "C21172": 0.026615,
    "C2143": 0.040395,
    "C2208": 0.008853,
    "C22390": 0.106832,
    "C2259": 0.001874,
    "C23574": 0.017274,
    "C23663": 0.008973,
    "C23876": 0.03805,
    "C25275": 0.019944,
    "C25755": 0.008629,
    "C26077": 0.06477,
    "C26808": 0.026917,
    "C26905": 0.024106,
    "C27022": 0.032121,
    "C27065": 0.0072,
    "C27499": 0.056734,
    "C27766": 0.104565,
    "C29297": 0.001002,
    "C29378": 0.000593,
    "C29440": 0.047674,
    "C31062": 0.049526,