{
  "arch": "gru_baseline",
  "lob": "private_passenger_auto",
  "config_idx": 84,
  "dropout_rate": 0.03246,
  "learning_rate": 0.0002051,
  "batch_size": 256,
  "max_epochs": 1000,
  "gru_units": 256,
  "dense_units": 32,
  "mape": 0.13572958447366396,
  "rmspe": 0.5734510287160465,
  "n_companies": 121,
  "n_filtered": 7,
  "mape_std": 0.39092404787604546,
  "mape_p25": 0.05451838578267252,
  "mape_p75": 0.12392303347929227,
  "training_time": 38.63,
  "epochs_trained": 201,
  "best_val_loss": 0.006772237900544756,
  "train_loss_curve": [
    0.041133,
    0.039479,
    0.038935,
    0.038362,
    0.038094,
    0.03772,
    0.037506,
    0.037304,
    0.036822,
    0.036927,
    0.036582,
    0.036374,
    0.037127,
    0.036945,
    0.036051,
    0.035826,
    0.035372,
    0.035374,
    0.035406,
    0.035532,
    0.03501,
    0.034577,
    0.034249,
    0.033969,
    0.033953,
    0.033618,
    0.033457,
    0.034316,
    0.032991,
    0.032767,
    0.032689,
    0.032243,
    0.032024,
    0.031964,
    0.032767,
    0.03241,
    0.031367,
    0.031225,
    0.030793,
    0.030977,
    0.031028,
    0.030452,
    0.030102,
    0.032338,
    0.03021,
    0.029085,
    0.029748,
    0.030506,
    0.028713,
    0.02912,
    0.029199,
    0.028256,
    0.028256,
    0.028231,
    0.028481,
    0.028821,
    0.028396,
    0.027494,
    0.027432,
    0.02712,
    0.027853,
    0.027563,
    0.026372,
    0.027521,
    0.026983,
    0.026665,
    0.026507,
    0.026371,
    0.026416,
    0.026847,
    0.026764,
    0.028161,
    0.026253,
    0.026056,
    0.026007,
    0.025977,
    0.026583,
    0.026452,
    0.026093,
    0.025612,
    0.026046,
    0.033015,
    0.02555,
    0.025754,
    0.026327,
    0.027408,
    0.025807,
    0.025275,
    0.025133,
    0.025974,
    0.025161,
    0.025003,
    0.024844,
    0.025174,
    0.024744,
    0.024552,
    0.024668,
    0.024597,
    0.024621,
    0.025517,
    0.024498,
    0.024308,
    0.024459,
    0.024774,
    0.024895,
    0.02531,
    0.02475,
    0.024186,
    0.024101,
    0.023879,
    0.023772,
    0.024528,
    0.024191,
    0.02455,
    0.024095,
    0.024767,
    0.032018,
    0.024547,
    0.026764,
    0.024077,
    0.023852,
    0.023882,
    0.023691,
    0.023679,
    0.023339,
    0.02347,
    0.023558,
    0.024403,
    0.023612,
    0.023802,
    0.023769,
    0.024852,
    0.023655,
    0.023445,
    0.023487,
    0.030887,
    0.02328,
    0.023241,
    0.023723,
    0.023647,
    0.023246,
    0.023093,
    0.023868,
    0.023381,
    0.023591,
    0.023284,
    0.023093,
    0.026116,
    0.026932,
    0.030522,
    0.023206,
    0.022722,
    0.023821,
    0.022915,
    0.023575,
    0.022924,
    0.022966,
    0.024112,
    0.022933,
    0.023968,
    0.023394,
    0.022873,
    0.026604,
    0.022265,
    0.022678,
    0.023241,
    0.023537,
    0.022967,
    0.022667,
    0.022533,
    0.022631,
    0.023347,
    0.02299,
    0.022636,
    0.022777,
    0.022706,
    0.02246,
    0.022754,
    0.022407,
    0.02298,
    0.023813,
    0.022517,
    0.022493,
    0.022873,
    0.023722,
    0.022427,
    0.02269,
    0.02248,
    0.022615,
    0.026077,
    0.022559,
    0.022446,
    0.022926,
    0.023384,
    0.022358,
    0.022541,
    0.022468,
    0.022174,
    0.022196,
    0.022375,
    0.023675
  ],
  "val_loss_curve": [
    0.007132,
    0.007006,
    0.00699,
    0.007015,
    0.007057,
    0.006984,
    0.006772,
    0.0069,
    0.006965,
    0.006901,
    0.006916,
    0.006921,
    0.007265,
    0.007179,
    0.007241,
    0.007545,
    0.007652,
    0.007998,
    0.008268,
    0.008686,
    0.008817,
    0.008907,
    0.010179,
    0.010031,
    0.012009,
    0.011824,
    0.011877,
    0.014267,
    0.017259,
    0.015456,
    0.019161,
    0.019066,
    0.019146,
    0.02103,
    0.022565,
    0.022733,
    0.026256,
    0.027575,
    0.030719,
    0.031316,
    0.031909,
    0.032887,
    0.037515,
    0.044223,
    0.040606,
    0.047542,
    0.048198,
    0.05176,
    0.054595,
    0.050225,
    0.063269,
    0.064077,
    0.065554,
    0.070034,
    0.0669,
    0.069854,
    0.067691,
    0.067495,
    0.075802,
    0.078166,
    0.084325,
    0.086589,
    0.089395,
    0.090816,
    0.088863,
    0.094187,
    0.101936,
    0.104246,
    0.109106,
    0.110678,
    0.108145,
    0.112968,
    0.109483,
    0.110126,
    0.10957,
    0.118562,
    0.120248,
    0.12105,
    0.124239,
    0.1242,
    0.123755,
    0.126276,
    0.118854,
    0.127333,
    0.131579,
    0.130422,
    0.134621,
    0.130888,
    0.134181,
    0.138647,
    0.136412,
    0.136035,
    0.138522,
    0.140421,
    0.143216,
    0.150193,
    0.146121,
    0.142217,
    0.150619,
    0.148275,
    0.158323,
    0.157964,
    0.158235,
    0.153034,
    0.156194,
    0.156099,
    0.156293,
    0.153585,
    0.152123,
    0.15399,
    0.156908,
    0.15888,
    0.16296,
    0.163792,
    0.161312,
    0.161206,
    0.159442,
    0.16064,
    0.157823,
    0.158601,
    0.146952,
    0.138606,
    0.140588,
    0.140206,
    0.140603,
    0.144963,
    0.144602,
    0.151694,
    0.161275,
    0.165612,
    0.164479,
    0.164625,
    0.163731,
    0.170007,
    0.16851,
    0.167103,
    0.165859,
    0.1655,
    0.164516,
    0.163705,
    0.165127,
    0.164656,
    0.162159,
    0.164495,
    0.163661,
    0.167697,
    0.166976,
    0.15945,
    0.162582,
    0.165209,
    0.164986,
    0.165162,
    0.165584,
    0.163664,
    0.162905,
    0.163101,
    0.164631,
    0.164803,
    0.164597,
    0.167902,
    0.169106,
    0.170891,
    0.17071,
    0.170255,
    0.169555,
    0.169114,
    0.170341,
    0.170693,
    0.170827,
    0.170532,
    0.170521,
    0.169508,
    0.169744,
    0.16892,
    0.16844,
    0.169714,
    0.169106,
    0.169422,
    0.168992,
    0.168637,
    0.171179,
    0.171548,
    0.172118,
    0.17257,
    0.173311,
    0.172189,
    0.172104,
    0.17409,
    0.17463,
    0.172399,
    0.16783,
    0.167716,
    0.167826,
    0.167541,
    0.167848,
    0.170253,
    0.169736,
    0.169492,
    0.16956,
    0.169773,
    0.169129
  ],
  "per_company_mape": {
    "C10007": 0.132536,
    "C10019": 0.071916,
    "C10022": 0.019346,
    "C10204": 0.023132,
    "C10308": 0.562911,
    "C10336": 0.039189,
    "C1066": 0.042683,
    "C10783": 0.15206,
    "C10790": 0.070196,
    "C1090": 0.13371,
    "C11037": 0.039612,
    "C11126": 0.137523,
    "C11150": 4.286552,
    "C11231": 0.42151,
    "C12360": 0.046159,
    "C13420": 0.084119,
    "C13439": 0.071692,
    "C13501": 0.050078,
    "C13528": 0.133856,
    "C13587": 0.03779,
    "C13595": 0.129929,
    "C13641": 0.050663,
    "C13781": 0.289999,
    "C13889": 0.087126,
    "C13943": 0.107854,
    "C14044": 0.033205,
    "C14176": 0.017568,
    "C14257": 0.08983,
    "C14311": 0.178029,
    "C14370": 0.025924,
    "C14443": 0.115113,
    "C14550": 0.113994,
    "C14885": 0.224179,
    "C15024": 0.033822,
    "C15172": 0.072126,
    "C15199": 0.083869,
    "C15210": 0.24952,
    "C1538": 0.132015,
    "C15407": 0.054518,
    "C15997": 0.119428,
    "C16373": 0.08506,
    "C16799": 0.07018,
    "C1716": 0.10625,
    "C1767": 0.132885,
    "C17884": 0.645231,
    "C18163": 0.071979,
    "C18309": 0.146979,
    "C18380": 0.065971,
    "C18686": 0.142357,
    "C18791": 0.038122,
    "C19119": 0.203658,
    "C19780": 0.082037,
    "C2003": 0.111385,
    "C20430": 0.011479,
    "C20800": 0.032781,
    "C21172": 0.123923,
    "C2143": 0.116946,
    "C2208": 0.092339,
    "C22390": 0.113429,
    "C2259": 0.088212,
    "C23574": 0.108666,
    "C23663": 0.016991,
    "C23876": 0.098821,
    "C25275": 0.117306,
    "C25755": 0.074505,
    "C26077": 0.078686,
    "C26808": 0.113179,
    "C26905": 0.090104,
    "C27022": 0.096095,
    "C27065": 0.109678,
    "C27499": 0.104409,
    "C27766": 0.073674,
    "C29297": 0.094932,
    "C29378": 0.039478,
    "C29440": 0.0551,
    "C31062": 0.050696,