{
  "arch": "gru_baseline",
  "lob": "private_passenger_auto",
  "config_idx": 31,
  "dropout_rate": 0.02099,
  "learning_rate": 0.0038407,
  "batch_size": 1024,
  "max_epochs": 1000,
  "gru_units": 128,
  "dense_units": 32,
  "mape": 0.05239482951297697,
  "rmspe": 0.09840739201813967,
  "n_companies": 122,
  "n_filtered": 4,
  "mape_std": 0.06429899454054824,
  "mape_p25": 0.02638916367146567,
  "mape_p75": 0.06278566654557727,
  "training_time": 16.84,
  "epochs_trained": 201,
  "best_val_loss": 0.006152189569547772,
  "train_loss_curve": [
    0.039637,
    0.037165,
    0.036051,
    0.036078,
    0.04275,
    0.033977,
    0.033674,
    0.033938,
    0.03299,
    0.033724,
    0.032353,
    0.03294,
    0.031677,
    0.030171,
    0.040402,
    0.028322,
    0.026825,
    0.029553,
    0.02533,
    0.024273,
    0.02452,
    0.030933,
    0.022357,
    0.022389,
    0.0204,
    0.020512,
    0.023072,
    0.022584,
    0.021765,
    0.020212,
    0.020805,
    0.027078,
    0.019812,
    0.020272,
    0.017371,
    0.024356,
    0.017256,
    0.017252,
    0.018571,
    0.018065,
    0.02302,
    0.018087,
    0.019091,
    0.019136,
    0.015876,
    0.015849,
    0.015891,
    0.015239,
    0.01534,
    0.013501,
    0.013915,
    0.012597,
    0.012959,
    0.012302,
    0.012576,
    0.012054,
    0.011634,
    0.011558,
    0.011487,
    0.019373,
    0.012034,
    0.011758,
    0.012222,
    0.012706,
    0.013076,
    0.01168,
    0.011969,
    0.019219,
    0.011426,
    0.011773,
    0.011895,
    0.011751,
    0.011521,
    0.018863,
    0.011772,
    0.011666,
    0.012629,
    0.011571,
    0.011377,
    0.01848,
    0.012486,
    0.011973,
    0.012481,
    0.01224,
    0.011857,
    0.011766,
    0.018797,
    0.019065,
    0.011865,
    0.013995,
    0.011429,
    0.011877,
    0.011443,
    0.011481,
    0.011475,
    0.01157,
    0.011766,
    0.011834,
    0.011589,
    0.011581,
    0.011388,
    0.026857,
    0.011591,
    0.012758,
    0.011545,
    0.012439,
    0.012275,
    0.011868,
    0.011979,
    0.012596,
    0.011949,
    0.011473,
    0.018957,
    0.011302,
    0.011881,
    0.011278,
    0.011497,
    0.011987,
    0.011345,
    0.011435,
    0.01128,
    0.011751,
    0.011365,
    0.026933,
    0.011529,
    0.018466,
    0.011604,
    0.011289,
    0.011822,
    0.014018,
    0.018662,
    0.011811,
    0.011939,
    0.011271,
    0.011371,
    0.013595,
    0.011666,
    0.011354,
    0.011674,
    0.011797,
    0.011256,
    0.011909,
    0.011464,
    0.011266,
    0.011529,
    0.011409,
    0.01138,
    0.011627,
    0.011883,
    0.011271,
    0.012858,
    0.013081,
    0.011432,
    0.011448,
    0.011949,
    0.011365,
    0.011458,
    0.012451,
    0.011549,
    0.012406,
    0.027057,
    0.018321,
    0.012427,
    0.011276,
    0.011543,
    0.011605,
    0.012792,
    0.011418,
    0.011396,
    0.011321,
    0.042475,
    0.018707,
    0.011594,
    0.011317,
    0.01217,
    0.011341,
    0.011285,
    0.011423,
    0.011211,
    0.01133,
    0.011283,
    0.011892,
    0.026521,
    0.011319,
    0.01869,
    0.019186,
    0.018931,
    0.012313,
    0.011414,
    0.012507,
    0.01125,
    0.012161,
    0.011658,
    0.011172,
    0.011412,
    0.011741,
    0.01168,
    0.012752,
    0.012373,
    0.011216,
    0.011603
  ],
  "val_loss_curve": [
    0.0069,
    0.006464,
    0.006285,
    0.006182,
    0.006244,
    0.006433,
    0.006152,
    0.006582,
    0.006493,
    0.00634,
    0.006467,
    0.006514,
    0.007867,
    0.011273,
    0.013725,
    0.014818,
    0.017099,
    0.020827,
    0.027123,
    0.045104,
    0.050436,
    0.060975,
    0.057501,
    0.05695,
    0.072866,
    0.075494,
    0.069555,
    0.059052,
    0.071943,
    0.095872,
    0.072249,
    0.046607,
    0.04573,
    0.042976,
    0.042708,
    0.042542,
    0.051177,
    0.051894,
    0.066317,
    0.08848,
    0.100833,
    0.053638,
    0.006623,
    0.069927,
    0.026352,
    0.04221,
    0.053112,
    0.038562,
    0.036197,
    0.059225,
    0.039565,
    0.020117,
    0.032025,
    0.036548,
    0.016877,
    0.02,
    0.024281,
    0.023487,
    0.02394,
    0.021502,
    0.018322,
    0.015606,
    0.015633,
    0.021522,
    0.024711,
    0.020518,
    0.017065,
    0.015665,
    0.014907,
    0.014489,
    0.015559,
    0.018934,
    0.022515,
    0.025512,
    0.019654,
    0.013909,
    0.01288,
    0.01539,
    0.017875,
    0.018557,
    0.017342,
    0.015747,
    0.013287,
    0.015244,
    0.017778,
    0.017374,
    0.020874,
    0.023079,
    0.023605,
    0.024453,
    0.018114,
    0.01607,
    0.016119,
    0.01563,
    0.014802,
    0.017927,
    0.021036,
    0.017336,
    0.014964,
    0.013611,
    0.009953,
    0.008755,
    0.010508,
    0.0185,
    0.020439,
    0.012222,
    0.020706,
    0.02355,
    0.023308,
    0.019639,
    0.018678,
    0.01941,
    0.01974,
    0.018435,
    0.019505,
    0.019869,
    0.020724,
    0.021454,
    0.02217,
    0.021908,
    0.02134,
    0.019208,
    0.017914,
    0.017222,
    0.015177,
    0.014708,
    0.015193,
    0.015405,
    0.018631,
    0.017558,
    0.016332,
    0.0144,
    0.015808,
    0.017851,
    0.019225,
    0.01621,
    0.012888,
    0.013794,
    0.013907,
    0.012858,
    0.012609,
    0.01271,
    0.014271,
    0.016735,
    0.015185,
    0.013263,
    0.012103,
    0.012125,
    0.012743,
    0.013405,
    0.012543,
    0.011858,
    0.011504,
    0.012666,
    0.012926,
    0.012491,
    0.011835,
    0.011222,
    0.010833,
    0.010185,
    0.010221,
    0.010126,
    0.010069,
    0.00998,
    0.010515,
    0.010972,
    0.01195,
    0.012396,
    0.011698,
    0.010828,
    0.009739,
    0.009585,
    0.009613,
    0.009577,
    0.009508,
    0.009322,
    0.0092,
    0.009459,
    0.009686,
    0.00974,
    0.009643,
    0.009459,
    0.009219,
    0.008854,
    0.008421,
    0.008314,
    0.008398,
    0.008394,
    0.008239,
    0.008152,
    0.008012,
    0.007905,
    0.007861,
    0.00785,
    0.007551,
    0.007359,
    0.007412,
    0.008025,
    0.008515,
    0.008324,
    0.007933
  ],
  "per_company_mape": {
    "C10007": 0.057731,
    "C10019": 0.058927,
    "C10022": 0.023025,
    "C10204": 0.043182,
    "C10308": 0.012115,
    "C10336": 0.014103,
    "C1066": 0.032971,
    "C10783": 0.067515,
    "C10790": 0.037549,
    "C1090": 0.043401,
    "C11037": 0.075978,
    "C11126": 0.039335,
    "C11150": 0.001351,
    "C11231": 0.23679,
    "C12360": 0.025395,
    "C13420": 0.03559,
    "C13439": 0.038386,
    "C13501": 0.054126,
    "C13528": 0.064414,
    "C13587": 0.048242,
    "C13595": 0.033571,
    "C13641": 0.027084,
    "C13781": 0.067857,
    "C13889": 0.063252,
    "C13943": 0.01845,
    "C14044": 0.045574,
    "C14176": 0.016942,
    "C14257": 0.025893,
    "C14311": 0.082314,
    "C14370": 0.087912,
    "C14443": 0.033524,
    "C14550": 0.090642,
    "C14885": 0.099713,
    "C15024": 0.05557,
    "C15172": 0.065757,
    "C15199": 0.041241,
    "C15210": 0.05275,
    "C1538": 0.029202,
    "C15407": 0.072261,
    "C15997": 0.03246,
    "C16373": 0.043799,
    "C16799": 0.052517,
    "C1716": 0.017294,
    "C1767": 0.032183,
    "C17884": 0.648636,
    "C18163": 0.041945,
    "C18309": 0.039925,
    "C18380": 0.01914,
    "C18686": 0.046819,
    "C18791": 0.018433,
    "C19119": 0.065881,
    "C19780": 0.056449,
    "C2003": 0.039505,
    "C20430": 0.043409,
    "C20800": 0.0,
    "C21172": 0.170086,
    "C2143": 0.02388,
    "C2208": 0.024014,
    "C22390": 0.021799,
    "C2259": 0.035775,
    "C23574": 0.044841,
    "C23663": 0.0,
    "C23876": 0.020008,
    "C25275": 0.03172,
    "C25755": 0.043327,
    "C26077": 0.061386,
    "C26808": 0.092868,
    "C26905": 0.039815,
    "C27022": 0.033595,
    "C27065": 0.047205,
    "C27499": 0.043811,
    "C27766": 0.02449,
    "C29297": 0.007155,
    "C29378": 0.026924,
    "C29440": 0.029679,
    "C31062": 0.043334,
    "C3131": 0.064427,