{
  "arch": "gru_baseline",
  "lob": "private_passenger_auto",
  "config_idx": 58,
  "dropout_rate": 0.02998,
  "learning_rate": 0.0038611,
  "batch_size": 1024,
  "max_epochs": 1000,
  "gru_units": 256,
  "dense_units": 32,
  "mape": 0.021329546103404266,
  "rmspe": 0.08157568588749843,
  "n_companies": 122,
  "n_filtered": 0,
  "mape_std": 0.05774547959454175,
  "mape_p25": 0.005210053309430579,
  "mape_p75": 0.023995963253777924,
  "training_time": 20.33,
  "epochs_trained": 204,
  "best_val_loss": 0.0057762000360526145,
  "train_loss_curve": [
    0.056578,
    0.047218,
    0.038418,
    0.03717,
    0.03664,
    0.035482,
    0.035369,
    0.035227,
    0.034346,
    0.033922,
    0.033454,
    0.034568,
    0.04134,
    0.033393,
    0.03273,
    0.032412,
    0.032475,
    0.032098,
    0.032332,
    0.041774,
    0.03038,
    0.042903,
    0.037793,
    0.031022,
    0.029368,
    0.029043,
    0.0281,
    0.028524,
    0.028618,
    0.028209,
    0.025898,
    0.02808,
    0.026501,
    0.027331,
    0.026535,
    0.029705,
    0.025172,
    0.022259,
    0.0248,
    0.027996,
    0.028853,
    0.027901,
    0.023551,
    0.021214,
    0.02104,
    0.020653,
    0.019729,
    0.020328,
    0.019233,
    0.020173,
    0.019333,
    0.019021,
    0.019,
    0.019065,
    0.027975,
    0.026176,
    0.029276,
    0.021197,
    0.037451,
    0.034675,
    0.020951,
    0.021132,
    0.021119,
    0.020998,
    0.020287,
    0.01959,
    0.019214,
    0.034854,
    0.019248,
    0.019976,
    0.019843,
    0.01998,
    0.019231,
    0.019136,
    0.02707,
    0.01894,
    0.020145,
    0.018897,
    0.018866,
    0.018796,
    0.019096,
    0.018945,
    0.018801,
    0.018703,
    0.026701,
    0.022493,
    0.021075,
    0.019838,
    0.034908,
    0.020432,
    0.020391,
    0.019465,
    0.019197,
    0.019254,
    0.019296,
    0.019315,
    0.03506,
    0.026664,
    0.020165,
    0.020517,
    0.020025,
    0.019231,
    0.027094,
    0.019716,
    0.019165,
    0.019104,
    0.026901,
    0.02077,
    0.026641,
    0.022993,
    0.027089,
    0.019917,
    0.019535,
    0.019068,
    0.027489,
    0.018941,
    0.027041,
    0.020072,
    0.026512,
    0.019468,
    0.018731,
    0.019896,
    0.019156,
    0.026311,
    0.018894,
    0.025743,
    0.018725,
    0.021277,
    0.027662,
    0.026176,
    0.019668,
    0.018834,
    0.01961,
    0.018952,
    0.018725,
    0.026131,
    0.01977,
    0.01952,
    0.018971,
    0.029538,
    0.026076,
    0.026888,
    0.019142,
    0.018712,
    0.018736,
    0.027086,
    0.026011,
    0.026762,
    0.018888,
    0.019794,
    0.018875,
    0.018722,
    0.018747,
    0.019271,
    0.019623,
    0.018866,
    0.019124,
    0.01873,
    0.018748,
    0.019162,
    0.018831,
    0.019021,
    0.019414,
    0.018688,
    0.01861,
    0.018748,
    0.018776,
    0.019357,
    0.018623,
    0.018725,
    0.018613,
    0.026164,
    0.020025,
    0.019172,
    0.018661,
    0.018888,
    0.018654,
    0.018809,
    0.019017,
    0.018847,
    0.040921,
    0.018663,
    0.018974,
    0.019078,
    0.018711,
    0.025741,
    0.019382,
    0.020811,
    0.018667,
    0.018844,
    0.018619,
    0.025832,
    0.018707,
    0.018599,
    0.018904,
    0.01914,
    0.018717,
    0.01865,
    0.018557,
    0.01982,
    0.019273,
    0.018829,
    0.018754,
    0.018607
  ],
  "val_loss_curve": [
    0.007172,
    0.006732,
    0.006337,
    0.006091,
    0.006232,
    0.006206,
    0.006052,
    0.006783,
    0.006897,
    0.006491,
    0.006213,
    0.006473,
    0.006692,
    0.00622,
    0.006325,
    0.006111,
    0.006228,
    0.006292,
    0.006651,
    0.006712,
    0.006705,
    0.006475,
    0.006879,
    0.007119,
    0.006401,
    0.006168,
    0.006516,
    0.006303,
    0.006277,
    0.006148,
    0.006146,
    0.00599,
    0.006147,
    0.00647,
    0.006708,
    0.006652,
    0.006565,
    0.006625,
    0.006303,
    0.006137,
    0.006398,
    0.006283,
    0.006009,
    0.006176,
    0.006216,
    0.006001,
    0.006117,
    0.005909,
    0.006145,
    0.006205,
    0.005969,
    0.005869,
    0.005867,
    0.005813,
    0.005776,
    0.00593,
    0.005834,
    0.005872,
    0.005824,
    0.005844,
    0.006383,
    0.006191,
    0.006748,
    0.006886,
    0.006419,
    0.006519,
    0.006437,
    0.006439,
    0.006418,
    0.006498,
    0.00633,
    0.006517,
    0.006466,
    0.006337,
    0.006389,
    0.006216,
    0.006192,
    0.006228,
    0.006354,
    0.006155,
    0.006286,
    0.006284,
    0.006421,
    0.006227,
    0.006175,
    0.007148,
    0.006703,
    0.006727,
    0.006691,
    0.006518,
    0.006579,
    0.006518,
    0.006477,
    0.006321,
    0.006345,
    0.006473,
    0.006473,
    0.006497,
    0.00664,
    0.006331,
    0.006557,
    0.006521,
    0.006312,
    0.006376,
    0.006297,
    0.00621,
    0.006303,
    0.00633,
    0.006316,
    0.006324,
    0.006334,
    0.006337,
    0.006237,
    0.006208,
    0.006162,
    0.00614,
    0.00621,
    0.006063,
    0.00612,
    0.006065,
    0.005916,
    0.006055,
    0.006152,
    0.006138,
    0.006235,
    0.006163,
    0.006041,
    0.005957,
    0.006032,
    0.006169,
    0.006099,
    0.006051,
    0.006126,
    0.006281,
    0.006205,
    0.006179,
    0.006223,
    0.006123,
    0.006124,
    0.006009,
    0.006175,
    0.006137,
    0.006158,
    0.00623,
    0.00622,
    0.006181,
    0.005991,
    0.005991,
    0.006015,
    0.006008,
    0.006031,
    0.006137,
    0.0062,
    0.006055,
    0.006007,
    0.00601,
    0.006087,
    0.006099,
    0.006125,
    0.006117,
    0.006082,
    0.006094,
    0.006095,
    0.006097,
    0.006049,
    0.006058,
    0.006078,
    0.006072,
    0.00613,
    0.006121,
    0.006109,
    0.006179,
    0.006227,
    0.006151,
    0.006082,
    0.006062,
    0.006114,
    0.006159,
    0.006148,
    0.006091,
    0.006095,
    0.00612,
    0.006203,
    0.006081,
    0.006091,
    0.006156,
    0.006084,
    0.006102,
    0.006099,
    0.006085,
    0.0062,
    0.006222,
    0.006079,
    0.006061,
    0.006103,
    0.006106,
    0.006126,
    0.006165,
    0.006122,
    0.006097,
    0.006081,
    0.006138,
    0.006199,
    0.006199
  ],
  "per_company_mape": {
    "C10007": 0.020737,
    "C10019": 0.058927,
    "C10022": 0.034253,
    "C10204": 0.016635,
    "C10308": 0.0,
    "C10336": 0.012372,
    "C1066": 0.036093,
    "C10783": 0.009131,
    "C10790": 0.01854,
    "C1090": 0.009251,
    "C11037": 0.01191,
    "C11126": 0.027173,
    "C11150": 0.0,
    "C11231": 0.0,
    "C12360": 0.006609,
    "C13420": 0.041495,
    "C13439": 0.016768,
    "C13501": 0.018797,
    "C13528": 0.0,
    "C13587": 0.035023,
    "C13595": 0.012929,
    "C13641": 0.000817,
    "C13781": 0.006166,
    "C13889": 0.028272,
    "C13943": 0.037533,
    "C14044": 0.049048,
    "C14176": 0.017568,
    "C14257": 0.021043,
    "C14311": 0.031529,
    "C14370": 0.0,
    "C14443": 0.008661,
    "C14550": 0.026776,
    "C14885": 0.005319,
    "C15024": 0.024463,
    "C15172": 7.4e-05,
    "C15199": 0.022327,
    "C15210": 0.03347,
    "C1538": 0.021558,
    "C15407": 0.015482,
    "C15997": 0.024827,
    "C16373": 0.002643,
    "C16799": 0.007868,
    "C1716": 0.003624,
    "C1767": 0.025784,
    "C17884": 0.627503,
    "C18163": 0.008797,
    "C18309": 0.024727,
    "C18380": 0.005174,
    "C18686": 0.013989,
    "C18791": 0.024871,
    "C19119": 0.006813,
    "C19780": 0.057078,
    "C2003": 0.017388,
    "C20430": 0.005819,
    "C20800": 0.0,
    "C21172": 0.026783,
    "C2143": 0.012582,
    "C2208": 0.008986,
    "C22390": 0.0,
    "C2259": 0.001876,
    "C23574": 0.017274,
    "C23663": 0.0,
    "C23876": 0.020293,
    "C25275": 0.020444,
    "C25755": 0.010086,
    "C26077": 0.045941,
    "C26808": 0.020777,
    "C26905": 0.001405,
    "C27022": 0.029557,
    "C27065": 0.006738,
    "C27499": 0.024133,
    "C27766": 0.003025,
    "C29297": 0.001066,
    "C29378": 0.0,