{
  "arch": "gru_baseline",
  "lob": "private_passenger_auto",
  "config_idx": 78,
  "dropout_rate": 0.01586,
  "learning_rate": 0.0007367,
  "batch_size": 256,
  "max_epochs": 500,
  "gru_units": 64,
  "dense_units": 64,
  "mape": 0.07502221937859072,
  "rmspe": 0.47786488002726013,
  "n_companies": 121,
  "n_filtered": 7,
  "mape_std": 0.3332603427762257,
  "mape_p25": 0.023613001733923906,
  "mape_p75": 0.049781265379777694,
  "training_time": 32.77,
  "epochs_trained": 201,
  "best_val_loss": 0.006897849122261894,
  "train_loss_curve": [
    0.040712,
    0.03902,
    0.03782,
    0.037408,
    0.037386,
    0.036815,
    0.036366,
    0.035818,
    0.03538,
    0.034746,
    0.034412,
    0.033942,
    0.033327,
    0.033087,
    0.032846,
    0.032101,
    0.031678,
    0.031459,
    0.030778,
    0.030686,
    0.029532,
    0.029643,
    0.029033,
    0.02779,
    0.027742,
    0.026932,
    0.026625,
    0.026134,
    0.026268,
    0.024966,
    0.028188,
    0.024756,
    0.024787,
    0.024132,
    0.024865,
    0.023494,
    0.027474,
    0.023356,
    0.02358,
    0.022875,
    0.022483,
    0.02238,
    0.027297,
    0.022319,
    0.022111,
    0.02177,
    0.021891,
    0.021331,
    0.021068,
    0.021254,
    0.021081,
    0.020569,
    0.020987,
    0.020521,
    0.02039,
    0.019042,
    0.018501,
    0.019225,
    0.018705,
    0.018295,
    0.01846,
    0.018173,
    0.017322,
    0.017613,
    0.017518,
    0.01723,
    0.017606,
    0.017651,
    0.016538,
    0.019513,
    0.01851,
    0.016916,
    0.017243,
    0.016784,
    0.015447,
    0.016274,
    0.015825,
    0.015955,
    0.016197,
    0.016543,
    0.015658,
    0.026692,
    0.015531,
    0.014944,
    0.014016,
    0.014513,
    0.015054,
    0.014538,
    0.014557,
    0.013999,
    0.013812,
    0.013213,
    0.014693,
    0.014528,
    0.013397,
    0.012907,
    0.016672,
    0.013103,
    0.013175,
    0.02537,
    0.012638,
    0.012849,
    0.012255,
    0.01121,
    0.012064,
    0.011742,
    0.01223,
    0.011576,
    0.010913,
    0.011333,
    0.010344,
    0.02492,
    0.010598,
    0.010964,
    0.010972,
    0.010754,
    0.011118,
    0.010122,
    0.013162,
    0.010041,
    0.009494,
    0.010409,
    0.009907,
    0.010578,
    0.0104,
    0.009885,
    0.011107,
    0.009902,
    0.010143,
    0.017323,
    0.009243,
    0.009693,
    0.009569,
    0.009455,
    0.009577,
    0.008534,
    0.008597,
    0.008838,
    0.00888,
    0.009177,
    0.00829,
    0.009455,
    0.008962,
    0.008826,
    0.008337,
    0.008505,
    0.009108,
    0.008373,
    0.00756,
    0.008654,
    0.008347,
    0.007158,
    0.007701,
    0.008663,
    0.00859,
    0.007668,
    0.00779,
    0.00707,
    0.008514,
    0.007095,
    0.008231,
    0.007142,
    0.008705,
    0.007487,
    0.00763,
    0.006987,
    0.007243,
    0.007256,
    0.00835,
    0.008412,
    0.007323,
    0.007338,
    0.007438,
    0.013074,
    0.007058,
    0.006724,
    0.006932,
    0.00682,
    0.022416,
    0.007439,
    0.006696,
    0.007129,
    0.006909,
    0.007727,
    0.007609,
    0.006319,
    0.006657,
    0.006865,
    0.007997,
    0.006834,
    0.007524,
    0.006379,
    0.007526,
    0.006568,
    0.006457,
    0.006831,
    0.006669,
    0.006392,
    0.006957,
    0.006257,
    0.00655
  ],
  "val_loss_curve": [
    0.006909,
    0.006942,
    0.007011,
    0.00698,
    0.006898,
    0.006973,
    0.00738,
    0.007414,
    0.007946,
    0.008477,
    0.008771,
    0.010702,
    0.01052,
    0.011408,
    0.012994,
    0.01386,
    0.016227,
    0.017359,
    0.017116,
    0.022343,
    0.020289,
    0.02557,
    0.02682,
    0.029975,
    0.026193,
    0.037118,
    0.034135,
    0.045241,
    0.045765,
    0.047943,
    0.051258,
    0.056295,
    0.052829,
    0.060365,
    0.061876,
    0.06688,
    0.06722,
    0.064175,
    0.071576,
    0.077067,
    0.074427,
    0.078026,
    0.07419,
    0.077514,
    0.083408,
    0.076625,
    0.079468,
    0.080352,
    0.089468,
    0.087014,
    0.081111,
    0.078796,
    0.082687,
    0.081469,
    0.076698,
    0.076139,
    0.079179,
    0.082308,
    0.085138,
    0.084114,
    0.082903,
    0.082218,
    0.083303,
    0.082287,
    0.082236,
    0.079905,
    0.081323,
    0.079142,
    0.08226,
    0.069062,
    0.059105,
    0.067038,
    0.070519,
    0.068784,
    0.076884,
    0.075859,
    0.081462,
    0.080764,
    0.082001,
    0.07772,
    0.082023,
    0.078904,
    0.080366,
    0.08054,
    0.077783,
    0.079213,
    0.082337,
    0.083224,
    0.081119,
    0.080562,
    0.082002,
    0.08063,
    0.077397,
    0.080107,
    0.082718,
    0.083186,
    0.0819,
    0.081674,
    0.082278,
    0.074398,
    0.078018,
    0.081462,
    0.082348,
    0.084608,
    0.085504,
    0.082981,
    0.082009,
    0.082415,
    0.084611,
    0.0833,
    0.082169,
    0.08121,
    0.083724,
    0.084826,
    0.080767,
    0.08252,
    0.082216,
    0.081139,
    0.081244,
    0.080708,
    0.082444,
    0.08112,
    0.080995,
    0.079926,
    0.083733,
    0.080663,
    0.08165,
    0.082693,
    0.081377,
    0.082077,
    0.080959,
    0.079797,
    0.07987,
    0.078113,
    0.078007,
    0.078484,
    0.081956,
    0.081638,
    0.078887,
    0.073375,
    0.075158,
    0.07436,
    0.075877,
    0.076649,
    0.077697,
    0.07617,
    0.077619,
    0.080163,
    0.077868,
    0.077266,
    0.077959,
    0.07759,
    0.080828,
    0.079257,
    0.078692,
    0.080099,
    0.076985,
    0.07545,
    0.074295,
    0.074726,
    0.075971,
    0.077552,
    0.076287,
    0.075729,
    0.078609,
    0.078077,
    0.077635,
    0.077424,
    0.076835,
    0.076434,
    0.076717,
    0.07747,
    0.077341,
    0.078134,
    0.078525,
    0.077744,
    0.07663,
    0.075794,
    0.074898,
    0.074141,
    0.077409,
    0.076636,
    0.075952,
    0.077236,
    0.076925,
    0.075841,
    0.075416,
    0.075257,
    0.075873,
    0.077526,
    0.080417,
    0.079328,
    0.0797,
    0.078916,
    0.077223,
    0.078082,
    0.080167,
    0.079059,
    0.079221,
    0.078195,
    0.076979
  ],
  "per_company_mape": {
    "C10007": 0.015479,
    "C10019": 0.06262,
    "C10022": 0.029231,
    "C10204": 0.019286,
    "C10308": 0.235415,
    "C10336": 0.029131,
    "C1066": 0.057005,
    "C10783": 0.020941,
    "C10790": 0.039335,
    "C1090": 0.038717,
    "C11037": 0.086054,
    "C11126": 0.042152,
    "C11150": 3.645302,
    "C11231": 0.101464,
    "C12360": 0.019906,
    "C13420": 0.031738,
    "C13439": 0.021716,
    "C13501": 0.031109,
    "C13528": 0.054033,
    "C13587": 0.035023,
    "C13595": 0.012577,
    "C13641": 0.027523,
    "C13781": 0.034564,
    "C13889": 0.055357,
    "C13943": 0.030113,
    "C14044": 0.057025,
    "C14176": 0.02443,
    "C14257": 0.026847,
    "C14311": 0.099116,
    "C14370": 0.11393,
    "C14443": 0.042407,
    "C14550": 0.049085,
    "C14885": 0.101042,
    "C15024": 0.049875,
    "C15172": 0.017834,
    "C15199": 0.017037,
    "C15210": 0.050208,
    "C1538": 0.015734,
    "C15407": 0.077212,
    "C15997": 0.053126,
    "C16373": 0.023613,
    "C16799": 0.015266,
    "C1716": 0.032693,
    "C1767": 0.023729,
    "C17884": 0.652484,
    "C18163": 0.019425,
    "C18309": 0.041799,
    "C18380": 0.025132,
    "C18686": 0.023786,
    "C18791": 0.033037,
    "C19119": 0.046556,
    "C19780": 0.074554,
    "C2003": 0.008307,
    "C20430": 0.014726,
    "C20800": 0.034189,
    "C21172": 0.051473,
    "C2143": 0.018545,
    "C2208": 0.038381,
    "C22390": 0.007951,
    "C2259": 0.044805,
    "C23574": 0.038202,
    "C23663": 0.0,
    "C23876": 0.017151,
    "C25275": 0.040959,
    "C25755": 0.020925,
    "C26077": 0.024442,
    "C26808": 0.040969,
    "C26905": 0.029577,
    "C27022": 0.016705,
    "C27065": 0.051783,
    "C27499": 0.040761,
    "C27766": 0.038104,
    "C29297": 0.03416,
    "C29378": 0.021409,
    "C29440": 0.030506,
    "C31062": 0.042177,