{
  "arch": "gru_baseline",
  "lob": "private_passenger_auto",
  "config_idx": 2,
  "dropout_rate": 0.03398,
  "learning_rate": 0.0001942,
  "batch_size": 512,
  "max_epochs": 1000,
  "gru_units": 256,
  "dense_units": 64,
  "mape": 0.0694040996276417,
  "rmspe": 0.1435801044252643,
  "n_companies": 121,
  "n_filtered": 8,
  "mape_std": 0.08798259378901567,
  "mape_p25": 0.019453498070133482,
  "mape_p75": 0.09555781603627149,
  "training_time": 33.33,
  "epochs_trained": 201,
  "best_val_loss": 0.00600191318517318,
  "train_loss_curve": [
    0.041131,
    0.039941,
    0.039194,
    0.038741,
    0.038438,
    0.038098,
    0.038051,
    0.037704,
    0.03742,
    0.037255,
    0.037137,
    0.037074,
    0.036701,
    0.03725,
    0.037054,
    0.03683,
    0.036777,
    0.036124,
    0.036084,
    0.035665,
    0.035616,
    0.036353,
    0.035424,
    0.035171,
    0.035157,
    0.034821,
    0.034935,
    0.034827,
    0.035221,
    0.034785,
    0.03417,
    0.034216,
    0.033477,
    0.036199,
    0.033292,
    0.033639,
    0.032723,
    0.032575,
    0.032738,
    0.032158,
    0.035743,
    0.032067,
    0.031634,
    0.031597,
    0.031321,
    0.031842,
    0.031585,
    0.031506,
    0.03078,
    0.031004,
    0.030852,
    0.030622,
    0.030006,
    0.030596,
    0.029929,
    0.030381,
    0.029559,
    0.029222,
    0.029301,
    0.029031,
    0.029254,
    0.029102,
    0.028663,
    0.03019,
    0.030222,
    0.028595,
    0.028199,
    0.028171,
    0.028706,
    0.028173,
    0.027778,
    0.028496,
    0.027553,
    0.027812,
    0.02745,
    0.027451,
    0.027474,
    0.027242,
    0.027058,
    0.030462,
    0.027502,
    0.027981,
    0.027372,
    0.026987,
    0.027171,
    0.028045,
    0.029838,
    0.027941,
    0.027315,
    0.026761,
    0.026882,
    0.027163,
    0.02654,
    0.027248,
    0.033709,
    0.026644,
    0.026581,
    0.026479,
    0.026818,
    0.026462,
    0.026049,
    0.02636,
    0.026114,
    0.026309,
    0.02632,
    0.02601,
    0.026085,
    0.025898,
    0.025829,
    0.025848,
    0.025777,
    0.025622,
    0.032827,
    0.02554,
    0.025871,
    0.025329,
    0.025722,
    0.02529,
    0.0255,
    0.02572,
    0.025633,
    0.025293,
    0.025076,
    0.025216,
    0.025107,
    0.024992,
    0.032153,
    0.025417,
    0.025528,
    0.024993,
    0.026323,
    0.025106,
    0.025479,
    0.02536,
    0.024904,
    0.024767,
    0.025299,
    0.032524,
    0.0256,
    0.024647,
    0.02858,
    0.027845,
    0.031955,
    0.024943,
    0.02511,
    0.025695,
    0.024855,
    0.024744,
    0.025479,
    0.025528,
    0.025557,
    0.024767,
    0.024475,
    0.024865,
    0.02689,
    0.024495,
    0.024403,
    0.024559,
    0.024929,
    0.024508,
    0.024436,
    0.024559,
    0.02468,
    0.024624,
    0.024371,
    0.024496,
    0.027795,
    0.0245,
    0.027443,
    0.024184,
    0.024215,
    0.024594,
    0.024744,
    0.027038,
    0.024553,
    0.031737,
    0.024822,
    0.02432,
    0.024499,
    0.024196,
    0.027714,
    0.024417,
    0.024619,
    0.024193,
    0.031202,
    0.024817,
    0.024914,
    0.024679,
    0.025039,
    0.027034,
    0.024311,
    0.026828,
    0.024821,
    0.024452,
    0.024506,
    0.024672,
    0.025289,
    0.023974,
    0.024283,
    0.024897,
    0.024328
  ],
  "val_loss_curve": [
    0.006322,
    0.006342,
    0.006233,
    0.00636,
    0.006126,
    0.006155,
    0.006109,
    0.006011,
    0.00611,
    0.006115,
    0.006017,
    0.006017,
    0.006116,
    0.006004,
    0.006002,
    0.006125,
    0.006186,
    0.006111,
    0.006197,
    0.006379,
    0.006466,
    0.006539,
    0.006746,
    0.006822,
    0.00707,
    0.007335,
    0.007557,
    0.007884,
    0.008093,
    0.008176,
    0.00819,
    0.009314,
    0.010087,
    0.009969,
    0.010244,
    0.010793,
    0.011992,
    0.013401,
    0.013877,
    0.015633,
    0.014623,
    0.015887,
    0.017022,
    0.018723,
    0.02017,
    0.019732,
    0.023438,
    0.027503,
    0.02878,
    0.028988,
    0.029644,
    0.032241,
    0.033405,
    0.035164,
    0.040113,
    0.041959,
    0.038337,
    0.039538,
    0.04675,
    0.049603,
    0.051636,
    0.052747,
    0.048083,
    0.056711,
    0.058206,
    0.062449,
    0.065463,
    0.06644,
    0.070841,
    0.07297,
    0.068443,
    0.068966,
    0.069557,
    0.071091,
    0.072668,
    0.074868,
    0.076357,
    0.075792,
    0.077164,
    0.073512,
    0.071751,
    0.071982,
    0.074038,
    0.077379,
    0.079168,
    0.082009,
    0.080342,
    0.085689,
    0.086237,
    0.090969,
    0.090917,
    0.089557,
    0.095656,
    0.094984,
    0.09472,
    0.092413,
    0.093878,
    0.091409,
    0.093499,
    0.093877,
    0.097301,
    0.096781,
    0.095057,
    0.092698,
    0.094371,
    0.098213,
    0.103002,
    0.100686,
    0.102395,
    0.103985,
    0.101466,
    0.101465,
    0.100696,
    0.102152,
    0.103289,
    0.104646,
    0.102643,
    0.104354,
    0.105276,
    0.104456,
    0.106218,
    0.107573,
    0.107096,
    0.108442,
    0.109547,
    0.10903,
    0.109893,
    0.109451,
    0.108655,
    0.108337,
    0.10974,
    0.111899,
    0.11165,
    0.112453,
    0.112858,
    0.115216,
    0.114168,
    0.113794,
    0.114211,
    0.114851,
    0.109655,
    0.109571,
    0.108758,
    0.11422,
    0.115367,
    0.120328,
    0.122342,
    0.121931,
    0.122441,
    0.123657,
    0.128437,
    0.127611,
    0.127789,
    0.12849,
    0.128504,
    0.128206,
    0.129731,
    0.131177,
    0.132098,
    0.132415,
    0.132393,
    0.134358,
    0.136108,
    0.136126,
    0.136674,
    0.134569,
    0.129768,
    0.128265,
    0.126261,
    0.125427,
    0.125366,
    0.125662,
    0.126696,
    0.129176,
    0.131112,
    0.130945,
    0.131731,
    0.131691,
    0.131793,
    0.132748,
    0.131235,
    0.129374,
    0.126949,
    0.125002,
    0.125145,
    0.125737,
    0.126677,
    0.127045,
    0.128195,
    0.129481,
    0.130472,
    0.130614,
    0.133084,
    0.133678,
    0.133845,
    0.132537,
    0.130579,
    0.1314,
    0.131766,
    0.132789,
    0.132559
  ],
  "per_company_mape": {
    "C10007": 0.025467,
    "C10019": 0.06587,
    "C10022": 0.013308,
    "C10204": 0.067857,
    "C10308": 0.248082,
    "C10336": 0.01166,
    "C1066": 0.034677,
    "C10783": 0.095558,
    "C10790": 0.103861,
    "C1090": 0.068863,
    "C11037": 0.046661,
    "C11126": 0.119375,
    "C11150": 0.003217,
    "C11231": 0.508715,
    "C12360": 0.027044,
    "C13420": 0.041475,
    "C13439": 0.011622,
    "C13501": 0.017017,
    "C13528": 0.018893,
    "C13587": 0.025787,
    "C13595": 0.012929,
    "C13641": 0.144368,
    "C13781": 0.075966,
    "C13889": 0.10521,
    "C13943": 0.027064,
    "C14044": 0.124922,
    "C14176": 0.072315,
    "C14257": 0.00492,
    "C14311": 0.097518,
    "C14370": 0.200007,
    "C14443": 0.068363,
    "C14550": 0.082133,
    "C14885": 0.005319,
    "C15024": 0.042171,
    "C15172": 0.043444,
    "C15199": 0.006661,
    "C15210": 0.024491,
    "C1538": 0.143396,
    "C15407": 0.150298,
    "C15997": 0.049733,
    "C16373": 0.002643,
    "C16799": 0.063964,
    "C1716": 0.003624,
    "C1767": 0.076196,
    "C17884": 0.740745,
    "C18163": 0.057239,
    "C18309": 0.068386,
    "C18380": 0.005278,
    "C18686": 0.073777,
    "C18791": 0.090316,
    "C19119": 0.13853,
    "C19780": 0.121059,
    "C2003": 0.049474,
    "C20430": 0.108826,
    "C20800": 0.062969,
    "C21172": 0.135537,
    "C2143": 0.041993,
    "C2208": 0.056661,
    "C22390": 0.025162,
    "C2259": 0.008974,
    "C23574": 0.018281,
    "C23663": 0.017717,
    "C23876": 0.110608,
    "C25275": 0.017573,
    "C25755": 0.070883,
    "C26077": 0.024442,
    "C26808": 0.160771,
    "C26905": 0.134493,
    "C27022": 0.069935,
    "C27065": 0.147525,
    "C27499": 0.088617,
    "C27766": 0.097829,
    "C29297": 0.042348,
    "C29378": 0.043208,
    "C29440": 0.046838,
    "C31062": 0.020088,