{
  "arch": "gru_baseline",
  "lob": "private_passenger_auto",
  "config_idx": 30,
  "dropout_rate": 0.08832,
  "learning_rate": 0.0011964,
  "batch_size": 1024,
  "max_epochs": 1000,
  "gru_units": 128,
  "dense_units": 32,
  "mape": 0.04984243823424853,
  "rmspe": 0.10713924597117651,
  "n_companies": 122,
  "n_filtered": 3,
  "mape_std": 0.07375585782130982,
  "mape_p25": 0.01175963929536367,
  "mape_p75": 0.06334855675447236,
  "training_time": 20.0,
  "epochs_trained": 201,
  "best_val_loss": 0.005993374506942928,
  "train_loss_curve": [
    0.039549,
    0.053783,
    0.037088,
    0.0367,
    0.035639,
    0.0348,
    0.035002,
    0.034566,
    0.033837,
    0.049339,
    0.033152,
    0.034046,
    0.032624,
    0.03295,
    0.031669,
    0.032292,
    0.036103,
    0.048369,
    0.031015,
    0.034175,
    0.029966,
    0.029076,
    0.042803,
    0.029399,
    0.027942,
    0.02815,
    0.026492,
    0.027931,
    0.028445,
    0.026458,
    0.027422,
    0.025915,
    0.024981,
    0.026385,
    0.025582,
    0.023933,
    0.02502,
    0.026234,
    0.036102,
    0.030951,
    0.02742,
    0.025083,
    0.036971,
    0.025401,
    0.023711,
    0.029479,
    0.023568,
    0.023543,
    0.022183,
    0.028483,
    0.022264,
    0.022118,
    0.020891,
    0.02077,
    0.021193,
    0.020508,
    0.021283,
    0.021997,
    0.020421,
    0.027394,
    0.020442,
    0.023105,
    0.028612,
    0.019178,
    0.020414,
    0.024904,
    0.020855,
    0.033776,
    0.020861,
    0.02111,
    0.025773,
    0.022298,
    0.019129,
    0.021126,
    0.020736,
    0.019286,
    0.018821,
    0.024466,
    0.019536,
    0.027374,
    0.021702,
    0.01985,
    0.019465,
    0.018133,
    0.019169,
    0.018061,
    0.017009,
    0.020018,
    0.026917,
    0.018276,
    0.041581,
    0.029521,
    0.033067,
    0.021097,
    0.022907,
    0.018989,
    0.018225,
    0.020755,
    0.020365,
    0.018434,
    0.024836,
    0.016885,
    0.017884,
    0.019545,
    0.020028,
    0.019727,
    0.017512,
    0.017387,
    0.017892,
    0.018405,
    0.021536,
    0.017911,
    0.019986,
    0.016558,
    0.017432,
    0.01562,
    0.016016,
    0.016837,
    0.016021,
    0.02241,
    0.029301,
    0.017233,
    0.017214,
    0.015924,
    0.018801,
    0.016501,
    0.026182,
    0.020209,
    0.016462,
    0.017393,
    0.01934,
    0.017273,
    0.016204,
    0.019487,
    0.017583,
    0.016675,
    0.015806,
    0.015704,
    0.014341,
    0.014923,
    0.016126,
    0.025129,
    0.026594,
    0.01524,
    0.015812,
    0.034225,
    0.019458,
    0.018624,
    0.013219,
    0.024162,
    0.016416,
    0.014919,
    0.025795,
    0.021826,
    0.015036,
    0.013882,
    0.015582,
    0.017249,
    0.014428,
    0.019312,
    0.014598,
    0.019538,
    0.017828,
    0.013996,
    0.015893,
    0.020073,
    0.015505,
    0.016306,
    0.024912,
    0.01702,
    0.020719,
    0.017998,
    0.012378,
    0.014614,
    0.020189,
    0.015276,
    0.012162,
    0.025491,
    0.01584,
    0.014399,
    0.019341,
    0.015426,
    0.014382,
    0.012455,
    0.018651,
    0.013751,
    0.014841,
    0.012869,
    0.020366,
    0.014232,
    0.01346,
    0.016022,
    0.016878,
    0.014544,
    0.012613,
    0.014651,
    0.014552,
    0.015726,
    0.017338,
    0.024338,
    0.025073
  ],
  "val_loss_curve": [
    0.006386,
    0.00635,
    0.005993,
    0.006103,
    0.006109,
    0.006061,
    0.006143,
    0.006206,
    0.00628,
    0.006686,
    0.007413,
    0.007535,
    0.008032,
    0.008122,
    0.009734,
    0.011994,
    0.011161,
    0.012449,
    0.01835,
    0.017138,
    0.015684,
    0.019576,
    0.022251,
    0.024403,
    0.023898,
    0.025608,
    0.027047,
    0.028756,
    0.029064,
    0.036386,
    0.042892,
    0.051344,
    0.049221,
    0.042755,
    0.044742,
    0.052273,
    0.053224,
    0.054058,
    0.04694,
    0.028585,
    0.020959,
    0.025533,
    0.032402,
    0.037552,
    0.040113,
    0.043287,
    0.048528,
    0.051594,
    0.061433,
    0.064098,
    0.07057,
    0.075722,
    0.078281,
    0.078765,
    0.077943,
    0.075678,
    0.074427,
    0.071963,
    0.070661,
    0.071488,
    0.073712,
    0.076316,
    0.068631,
    0.064093,
    0.06354,
    0.065152,
    0.067145,
    0.066594,
    0.066401,
    0.066793,
    0.066841,
    0.066385,
    0.067556,
    0.06925,
    0.0718,
    0.072581,
    0.071195,
    0.071539,
    0.079168,
    0.082154,
    0.08273,
    0.07987,
    0.077633,
    0.076722,
    0.076915,
    0.080349,
    0.085097,
    0.083451,
    0.078889,
    0.075129,
    0.075582,
    0.079156,
    0.080739,
    0.083563,
    0.079646,
    0.08162,
    0.082768,
    0.077107,
    0.066839,
    0.064484,
    0.06384,
    0.065808,
    0.067784,
    0.073644,
    0.070646,
    0.070615,
    0.07116,
    0.072164,
    0.07271,
    0.072896,
    0.071928,
    0.071597,
    0.067242,
    0.066817,
    0.069189,
    0.070318,
    0.071948,
    0.074997,
    0.077885,
    0.078973,
    0.083577,
    0.084901,
    0.084438,
    0.083896,
    0.083772,
    0.082609,
    0.08282,
    0.081819,
    0.081991,
    0.081783,
    0.080448,
    0.077279,
    0.074906,
    0.077198,
    0.081529,
    0.082863,
    0.082401,
    0.082015,
    0.082391,
    0.081504,
    0.081622,
    0.082289,
    0.083077,
    0.089119,
    0.091488,
    0.091254,
    0.088916,
    0.089337,
    0.088922,
    0.086187,
    0.085636,
    0.083792,
    0.082471,
    0.083943,
    0.084214,
    0.084597,
    0.086616,
    0.086946,
    0.088576,
    0.089011,
    0.088305,
    0.088476,
    0.088952,
    0.089979,
    0.090431,
    0.088851,
    0.088062,
    0.087127,
    0.087144,
    0.087557,
    0.088232,
    0.087863,
    0.08812,
    0.088633,
    0.089662,
    0.090426,
    0.091128,
    0.089815,
    0.089086,
    0.089467,
    0.090387,
    0.088755,
    0.087283,
    0.08531,
    0.0847,
    0.084588,
    0.084672,
    0.084578,
    0.084739,
    0.084444,
    0.083473,
    0.083089,
    0.085198,
    0.087511,
    0.089274,
    0.09158,
    0.09249,
    0.09246,
    0.091659,
    0.091767,
    0.091132
  ],
  "per_company_mape": {
    "C10007": 0.016753,
    "C10019": 0.058927,
    "C10022": 0.070436,
    "C10204": 0.109596,
    "C10308": 0.052482,
    "C10336": 0.01153,
    "C1066": 0.038418,
    "C10783": 0.011439,
    "C10790": 0.022538,
    "C1090": 0.007515,
    "C11037": 0.002296,
    "C11126": 0.03895,
    "C11150": 0.0,
    "C11231": 0.330581,
    "C12360": 0.024453,
    "C13420": 0.049495,
    "C13439": 0.12084,
    "C13501": 0.03846,
    "C13528": 0.0,
    "C13587": 0.088078,
    "C13595": 0.0112,
    "C13641": 0.022378,
    "C13781": 0.057495,
    "C13889": 0.028272,
    "C13943": 0.032874,
    "C14044": 0.047016,
    "C14176": 0.018525,
    "C14257": 0.043839,
    "C14311": 0.031529,
    "C14370": 0.0,
    "C14443": 0.008661,
    "C14550": 0.109499,
    "C14885": 0.090809,
    "C15024": 0.083234,
    "C15172": 0.076797,
    "C15199": 0.034248,
    "C15210": 0.130577,
    "C1538": 0.01539,
    "C15407": 0.012449,
    "C15997": 0.009638,
    "C16373": 0.081408,
    "C16799": 0.007868,
    "C1716": 0.003624,
    "C1767": 0.01948,
    "C17884": 0.665487,
    "C18163": 0.030332,
    "C18309": 0.096291,
    "C18380": 0.031784,
    "C18686": 0.061946,
    "C18791": 0.056241,
    "C19119": 0.014788,
    "C19780": 0.090975,
    "C2003": 0.051223,
    "C20430": 0.016734,
    "C20800": 0.0,
    "C21172": 0.062309,
    "C2143": 0.118486,
    "C2208": 0.065246,
    "C22390": 0.008148,
    "C2259": 0.00154,
    "C23574": 0.023016,
    "C23663": 0.002611,
    "C23876": 0.020293,
    "C25275": 0.051391,
    "C25755": 0.007857,
    "C26077": 0.02127,
    "C26808": 0.058141,
    "C26905": 0.003512,
    "C27022": 0.024317,
    "C27065": 0.098618,
    "C27499": 0.040236,
    "C27766": 0.000989,
    "C29297": 0.001066,
    "C29378": 0.051516,
    "C29440": 0.207043,
    "C31062": 0.036425,
    "C3131": 0.021641,