{
  "arch": "gru_baseline",
  "lob": "private_passenger_auto",
  "config_idx": 42,
  "dropout_rate": 0.11474,
  "learning_rate": 0.0010266,
  "batch_size": 512,
  "max_epochs": 1000,
  "gru_units": 64,
  "dense_units": 128,
  "mape": 0.030528888324484128,
  "rmspe": 0.14548860952627515,
  "n_companies": 122,
  "n_filtered": 3,
  "mape_std": 0.10198653042592003,
  "mape_p25": 0.008466172915810033,
  "mape_p75": 0.023162727901891767,
  "training_time": 22.6,
  "epochs_trained": 201,
  "best_val_loss": 0.005938149752182653,
  "train_loss_curve": [
    0.040924,
    0.039116,
    0.038613,
    0.038545,
    0.037556,
    0.037412,
    0.036864,
    0.035977,
    0.036111,
    0.035817,
    0.034687,
    0.034413,
    0.03412,
    0.03329,
    0.033059,
    0.032951,
    0.031896,
    0.030743,
    0.030092,
    0.034534,
    0.03424,
    0.029678,
    0.02893,
    0.029817,
    0.029161,
    0.027797,
    0.027738,
    0.028441,
    0.026199,
    0.026589,
    0.025833,
    0.025023,
    0.024333,
    0.025175,
    0.024292,
    0.023061,
    0.023666,
    0.02281,
    0.022938,
    0.023774,
    0.022223,
    0.023775,
    0.022627,
    0.022906,
    0.027404,
    0.021988,
    0.023395,
    0.032138,
    0.022506,
    0.023177,
    0.023057,
    0.02096,
    0.019377,
    0.019983,
    0.02017,
    0.028299,
    0.034558,
    0.019697,
    0.020773,
    0.019191,
    0.02034,
    0.020682,
    0.030257,
    0.020061,
    0.019629,
    0.028501,
    0.019257,
    0.019364,
    0.016967,
    0.018156,
    0.017634,
    0.018729,
    0.027588,
    0.017836,
    0.019297,
    0.017693,
    0.016399,
    0.032694,
    0.037455,
    0.018667,
    0.029637,
    0.018994,
    0.017595,
    0.017159,
    0.015085,
    0.021907,
    0.015867,
    0.030376,
    0.018214,
    0.025264,
    0.01791,
    0.016211,
    0.016531,
    0.019153,
    0.017953,
    0.014965,
    0.026079,
    0.016147,
    0.016351,
    0.016326,
    0.016872,
    0.016386,
    0.014856,
    0.015361,
    0.013674,
    0.013647,
    0.013481,
    0.016305,
    0.01294,
    0.027744,
    0.032623,
    0.015595,
    0.01513,
    0.01712,
    0.014271,
    0.01511,
    0.010893,
    0.018192,
    0.016988,
    0.012671,
    0.012538,
    0.026703,
    0.023589,
    0.01367,
    0.014786,
    0.013353,
    0.014618,
    0.027994,
    0.0115,
    0.013795,
    0.015598,
    0.013233,
    0.014569,
    0.013782,
    0.014265,
    0.015332,
    0.026142,
    0.026292,
    0.017284,
    0.018166,
    0.014025,
    0.014714,
    0.026352,
    0.021639,
    0.0147,
    0.027807,
    0.011579,
    0.015597,
    0.015692,
    0.012129,
    0.010141,
    0.027231,
    0.016116,
    0.013602,
    0.014839,
    0.012562,
    0.015834,
    0.011511,
    0.017334,
    0.024846,
    0.015373,
    0.028577,
    0.013127,
    0.012834,
    0.019995,
    0.012776,
    0.015952,
    0.017758,
    0.014741,
    0.015197,
    0.015356,
    0.013456,
    0.019002,
    0.01246,
    0.011997,
    0.01279,
    0.014522,
    0.013978,
    0.027403,
    0.015612,
    0.023394,
    0.019897,
    0.012368,
    0.020155,
    0.015229,
    0.012392,
    0.014135,
    0.012422,
    0.019447,
    0.012381,
    0.013209,
    0.013612,
    0.010953,
    0.013829,
    0.012272,
    0.014935,
    0.011901,
    0.0125,
    0.01261,
    0.02127,
    0.012647
  ],
  "val_loss_curve": [
    0.005958,
    0.005996,
    0.005938,
    0.006095,
    0.006072,
    0.006154,
    0.006373,
    0.006501,
    0.006732,
    0.007398,
    0.007496,
    0.007814,
    0.008496,
    0.00856,
    0.009587,
    0.009906,
    0.011574,
    0.011129,
    0.013214,
    0.01177,
    0.012147,
    0.012498,
    0.014936,
    0.016897,
    0.017116,
    0.01766,
    0.021065,
    0.028483,
    0.02859,
    0.030852,
    0.03385,
    0.039855,
    0.038108,
    0.04234,
    0.038203,
    0.04154,
    0.04045,
    0.040888,
    0.043917,
    0.045034,
    0.049115,
    0.050248,
    0.033755,
    0.034998,
    0.039053,
    0.029716,
    0.030233,
    0.033906,
    0.03657,
    0.038525,
    0.032877,
    0.035436,
    0.033206,
    0.034362,
    0.035843,
    0.033482,
    0.027757,
    0.026141,
    0.031029,
    0.03196,
    0.034735,
    0.028682,
    0.027691,
    0.027482,
    0.026087,
    0.024044,
    0.024192,
    0.026135,
    0.027038,
    0.027705,
    0.025297,
    0.026834,
    0.025634,
    0.028268,
    0.027398,
    0.025318,
    0.025669,
    0.020321,
    0.018683,
    0.019437,
    0.020286,
    0.020441,
    0.023545,
    0.026857,
    0.026362,
    0.027447,
    0.029698,
    0.027775,
    0.023626,
    0.020446,
    0.020432,
    0.024261,
    0.021912,
    0.020107,
    0.019223,
    0.019091,
    0.015313,
    0.014471,
    0.014025,
    0.014143,
    0.015427,
    0.014369,
    0.015152,
    0.016141,
    0.019319,
    0.017619,
    0.017725,
    0.016436,
    0.014025,
    0.012219,
    0.011684,
    0.011285,
    0.01194,
    0.012574,
    0.014051,
    0.01331,
    0.0132,
    0.012839,
    0.012551,
    0.012379,
    0.013666,
    0.012311,
    0.011366,
    0.011372,
    0.011351,
    0.011222,
    0.011691,
    0.011384,
    0.010985,
    0.011937,
    0.01273,
    0.012699,
    0.011925,
    0.011671,
    0.011356,
    0.011139,
    0.010506,
    0.010496,
    0.011203,
    0.011756,
    0.0114,
    0.010211,
    0.009118,
    0.008929,
    0.009082,
    0.008382,
    0.008381,
    0.008559,
    0.008775,
    0.009103,
    0.008995,
    0.00888,
    0.009149,
    0.009217,
    0.009678,
    0.009253,
    0.008956,
    0.00903,
    0.008948,
    0.008826,
    0.008463,
    0.008549,
    0.008784,
    0.008722,
    0.008672,
    0.008845,
    0.009005,
    0.008918,
    0.009003,
    0.009116,
    0.00914,
    0.009389,
    0.00942,
    0.009164,
    0.009331,
    0.009414,
    0.009379,
    0.009259,
    0.008841,
    0.008309,
    0.008171,
    0.008054,
    0.007983,
    0.008027,
    0.008069,
    0.007989,
    0.007964,
    0.008231,
    0.008452,
    0.00828,
    0.008707,
    0.008872,
    0.008786,
    0.008765,
    0.008755,
    0.008827,
    0.008854,
    0.008973,
    0.009067,
    0.008879,
    0.008819
  ],
  "per_company_mape": {
    "C10007": 0.021483,
    "C10019": 0.058947,
    "C10022": 0.024788,
    "C10204": 0.007208,
    "C10308": 0.0,
    "C10336": 0.008854,
    "C1066": 0.026084,
    "C10783": 0.015254,
    "C10790": 0.030854,
    "C1090": 0.003964,
    "C11037": 0.023383,
    "C11126": 0.019978,
    "C11150": 0.952443,
    "C11231": 0.094517,
    "C12360": 0.006834,
    "C13420": 0.029408,
    "C13439": 0.015674,
    "C13501": 0.017905,
    "C13528": 0.0,
    "C13587": 0.030741,
    "C13595": 0.012929,
    "C13641": 0.012241,
    "C13781": 0.022456,
    "C13889": 0.020658,
    "C13943": 0.022234,
    "C14044": 0.038244,
    "C14176": 0.014112,
    "C14257": 0.015336,
    "C14311": 0.015157,
    "C14370": 0.053637,
    "C14443": 0.011869,
    "C14550": 0.013258,
    "C14885": 0.035635,
    "C15024": 0.034356,
    "C15172": 0.011001,
    "C15199": 0.016306,
    "C15210": 0.02889,
    "C1538": 0.012067,
    "C15407": 0.024404,
    "C15997": 0.021568,
    "C16373": 0.005703,
    "C16799": 0.005008,
    "C1716": 0.004972,
    "C1767": 0.024797,
    "C17884": 0.631561,
    "C18163": 0.008436,
    "C18309": 0.010459,
    "C18380": 0.009895,
    "C18686": 0.014134,
    "C18791": 0.027757,
    "C19119": 0.004497,
    "C19780": 0.060585,
    "C2003": 0.009696,
    "C20430": 0.015793,
    "C20800": 0.0,
    "C21172": 0.032354,
    "C2143": 0.008996,
    "C2208": 0.011934,
    "C22390": 0.001298,
    "C2259": 0.017661,
    "C23574": 0.016331,
    "C23663": 0.0,
    "C23876": 0.014201,
    "C25275": 0.015237,
    "C25755": 0.008683,
    "C26077": 0.0217,
    "C26808": 0.01978,
    "C26905": 0.012638,
    "C27022": 0.01726,
    "C27065": 0.022502,
    "C27499": 0.024444,
    "C27766": 0.001511,
    "C29297": 0.006264,
    "C29378": 0.013965,
    "C29440": 0.012879,
    "C31062": 0.034461,
    "C3131": 0.026262,