{
  "arch": "gru_baseline",
  "lob": "private_passenger_auto",
  "config_idx": 83,
  "dropout_rate": 0.25991,
  "learning_rate": 0.0001041,
  "batch_size": 512,
  "max_epochs": 1000,
  "gru_units": 256,
  "dense_units": 128,
  "mape": 0.09215544828991264,
  "rmspe": 0.32484564881375627,
  "n_companies": 121,
  "n_filtered": 7,
  "mape_std": 0.22220135132828908,
  "mape_p25": 0.027173259310663892,
  "mape_p75": 0.08687475571699194,
  "training_time": 22.54,
  "epochs_trained": 201,
  "best_val_loss": 0.0059903440123889595,
  "train_loss_curve": [
    0.041834,
    0.041394,
    0.040813,
    0.040461,
    0.04046,
    0.040092,
    0.039702,
    0.039478,
    0.039427,
    0.039104,
    0.038902,
    0.039686,
    0.039246,
    0.038747,
    0.038549,
    0.038412,
    0.038444,
    0.038751,
    0.038361,
    0.037967,
    0.03777,
    0.037945,
    0.03796,
    0.037974,
    0.037801,
    0.038471,
    0.037438,
    0.037296,
    0.037667,
    0.037524,
    0.037239,
    0.036699,
    0.036541,
    0.036994,
    0.037513,
    0.037012,
    0.037745,
    0.036092,
    0.036873,
    0.036845,
    0.03591,
    0.036557,
    0.036875,
    0.036,
    0.036227,
    0.035976,
    0.035887,
    0.035762,
    0.03561,
    0.035674,
    0.035066,
    0.035118,
    0.036415,
    0.035549,
    0.035311,
    0.034911,
    0.037553,
    0.036079,
    0.035364,
    0.035273,
    0.035294,
    0.034755,
    0.035458,
    0.035177,
    0.034491,
    0.03395,
    0.034082,
    0.03457,
    0.03496,
    0.03419,
    0.033473,
    0.033374,
    0.03368,
    0.034327,
    0.037449,
    0.0376,
    0.034049,
    0.033331,
    0.034238,
    0.033532,
    0.037443,
    0.033431,
    0.032959,
    0.036976,
    0.037197,
    0.038202,
    0.037137,
    0.033582,
    0.034286,
    0.036601,
    0.034887,
    0.033332,
    0.033056,
    0.033104,
    0.033098,
    0.034499,
    0.032869,
    0.033407,
    0.033675,
    0.032778,
    0.032646,
    0.037213,
    0.033049,
    0.033993,
    0.036893,
    0.033112,
    0.03632,
    0.033855,
    0.036374,
    0.035515,
    0.036278,
    0.03245,
    0.032913,
    0.032976,
    0.03296,
    0.032834,
    0.036821,
    0.032672,
    0.037048,
    0.033293,
    0.032337,
    0.032948,
    0.03305,
    0.035865,
    0.036655,
    0.036072,
    0.033451,
    0.033532,
    0.036759,
    0.033126,
    0.032803,
    0.033499,
    0.032926,
    0.033058,
    0.032911,
    0.03673,
    0.037008,
    0.033097,
    0.033378,
    0.031815,
    0.032497,
    0.033271,
    0.033665,
    0.036723,
    0.03345,
    0.036293,
    0.033713,
    0.036643,
    0.032871,
    0.035675,
    0.032696,
    0.033187,
    0.033002,
    0.036247,
    0.032673,
    0.031358,
    0.035897,
    0.03132,
    0.032572,
    0.035612,
    0.035844,
    0.032212,
    0.031419,
    0.036535,
    0.037032,
    0.033347,
    0.035687,
    0.032522,
    0.035565,
    0.031957,
    0.031327,
    0.031942,
    0.033539,
    0.033149,
    0.032324,
    0.032855,
    0.031771,
    0.032059,
    0.03328,
    0.032052,
    0.032794,
    0.031751,
    0.032794,
    0.036822,
    0.03745,
    0.035842,
    0.032712,
    0.037302,
    0.036225,
    0.036721,
    0.03615,
    0.032231,
    0.033576,
    0.036334,
    0.032476,
    0.036078,
    0.032361,
    0.032438,
    0.031585,
    0.031101,
    0.03682
  ],
  "val_loss_curve": [
    0.006645,
    0.006546,
    0.006451,
    0.006385,
    0.006372,
    0.006392,
    0.006366,
    0.006239,
    0.006183,
    0.006143,
    0.006181,
    0.006219,
    0.00613,
    0.006243,
    0.006033,
    0.006115,
    0.00613,
    0.006116,
    0.006138,
    0.006186,
    0.00599,
    0.006109,
    0.006127,
    0.006033,
    0.00615,
    0.006137,
    0.006079,
    0.006063,
    0.006185,
    0.006101,
    0.006169,
    0.006207,
    0.006283,
    0.006287,
    0.006343,
    0.006351,
    0.006385,
    0.006429,
    0.006448,
    0.006538,
    0.006594,
    0.006543,
    0.00671,
    0.006827,
    0.007059,
    0.007085,
    0.007034,
    0.007155,
    0.007295,
    0.007517,
    0.007509,
    0.00761,
    0.007762,
    0.007769,
    0.007876,
    0.007856,
    0.007821,
    0.007589,
    0.00798,
    0.008033,
    0.008018,
    0.008267,
    0.008433,
    0.008283,
    0.008604,
    0.008965,
    0.009226,
    0.009303,
    0.009532,
    0.009623,
    0.009793,
    0.010088,
    0.010365,
    0.010243,
    0.010117,
    0.010044,
    0.010177,
    0.010536,
    0.010356,
    0.01034,
    0.010366,
    0.010402,
    0.010472,
    0.010529,
    0.010459,
    0.010264,
    0.010073,
    0.010097,
    0.010404,
    0.010552,
    0.010598,
    0.010668,
    0.010742,
    0.010868,
    0.011157,
    0.011167,
    0.011422,
    0.01133,
    0.011502,
    0.011658,
    0.011641,
    0.011511,
    0.011427,
    0.01151,
    0.011482,
    0.011449,
    0.011339,
    0.011273,
    0.011281,
    0.01113,
    0.010943,
    0.011045,
    0.011298,
    0.011545,
    0.011539,
    0.011578,
    0.011417,
    0.011394,
    0.011579,
    0.011813,
    0.012099,
    0.012068,
    0.011988,
    0.012056,
    0.011974,
    0.011794,
    0.011787,
    0.011845,
    0.011758,
    0.011842,
    0.011984,
    0.012067,
    0.012159,
    0.012345,
    0.012303,
    0.012224,
    0.012141,
    0.012142,
    0.012328,
    0.012362,
    0.01244,
    0.012536,
    0.012651,
    0.012499,
    0.012506,
    0.01234,
    0.012354,
    0.012246,
    0.012158,
    0.012174,
    0.012195,
    0.012166,
    0.012207,
    0.012187,
    0.012224,
    0.01226,
    0.012268,
    0.012259,
    0.012376,
    0.012347,
    0.012181,
    0.012166,
    0.012244,
    0.012175,
    0.01198,
    0.012046,
    0.011984,
    0.011971,
    0.011945,
    0.011994,
    0.012147,
    0.012202,
    0.012332,
    0.012523,
    0.012594,
    0.012665,
    0.01266,
    0.012681,
    0.012678,
    0.012709,
    0.012694,
    0.012813,
    0.012797,
    0.012768,
    0.012717,
    0.012658,
    0.012639,
    0.012607,
    0.012571,
    0.01259,
    0.012562,
    0.012515,
    0.012567,
    0.012507,
    0.012476,
    0.012468,
    0.01249,
    0.012504,
    0.012546,
    0.012531,
    0.012433
  ],
  "per_company_mape": {
    "C10007": 0.024339,
    "C10019": 0.074536,
    "C10022": 0.059988,
    "C10204": 0.042168,
    "C10308": 0.00855,
    "C10336": 0.066195,
    "C1066": 0.036093,
    "C10783": 0.063707,
    "C10790": 0.033453,
    "C1090": 0.072818,
    "C11037": 0.007546,
    "C11126": 0.027173,
    "C11150": 2.202313,
    "C11231": 0.822416,
    "C12360": 0.043741,
    "C13420": 0.073695,
    "C13439": 0.042819,
    "C13501": 0.039402,
    "C13528": 0.020408,
    "C13587": 0.035023,
    "C13595": 0.090057,
    "C13641": 0.025116,
    "C13781": 0.128004,
    "C13889": 0.028871,
    "C13943": 0.039742,
    "C14044": 0.065429,
    "C14176": 0.093418,
    "C14257": 0.021519,
    "C14311": 0.195522,
    "C14370": 0.023219,
    "C14443": 0.01723,
    "C14550": 0.071398,
    "C14885": 0.260576,
    "C15024": 0.059752,
    "C15172": 0.044674,
    "C15199": 0.051409,
    "C15210": 0.169954,
    "C1538": 0.049227,
    "C15407": 0.015233,
    "C15997": 0.075035,
    "C16373": 0.151173,
    "C16799": 0.128264,
    "C1716": 0.07245,
    "C1767": 0.091981,
    "C17884": 0.818284,
    "C18163": 0.012362,
    "C18309": 0.089083,
    "C18380": 0.055859,
    "C18686": 0.019673,
    "C18791": 0.05609,
    "C19119": 0.310681,
    "C19780": 0.162261,
    "C2003": 0.026201,
    "C20430": 0.01074,
    "C20800": 0.013652,
    "C21172": 0.043928,
    "C2143": 0.033924,
    "C2208": 0.008932,
    "C22390": 0.019906,
    "C2259": 0.007075,
    "C23574": 0.04957,
    "C23663": 0.006725,
    "C23876": 0.105058,
    "C25275": 0.063513,
    "C25755": 0.098023,
    "C26077": 0.049102,
    "C26808": 0.086875,
    "C26905": 0.035104,
    "C27022": 0.041623,
    "C27065": 0.02496,
    "C27499": 0.058969,
    "C27766": 0.110584,
    "C29297": 0.099219,
    "C29378": 0.026347,
    "C29440": 0.020333,
    "C31062": 0.060486,