{
  "arch": "gru_baseline",
  "lob": "private_passenger_auto",
  "config_idx": 68,
  "dropout_rate": 0.03635,
  "learning_rate": 0.0001031,
  "batch_size": 1024,
  "max_epochs": 1000,
  "gru_units": 256,
  "dense_units": 64,
  "mape": 0.028056599916741313,
  "rmspe": 0.08856491832616006,
  "n_companies": 121,
  "n_filtered": 3,
  "mape_std": 0.06230385736849408,
  "mape_p25": 0.0061663750729068385,
  "mape_p75": 0.028424198255014313,
  "training_time": 20.11,
  "epochs_trained": 201,
  "best_val_loss": 0.006185529986396432,
  "train_loss_curve": [
    0.046423,
    0.040053,
    0.039847,
    0.038667,
    0.03765,
    0.037676,
    0.044092,
    0.036792,
    0.044379,
    0.036336,
    0.03661,
    0.036082,
    0.035958,
    0.036275,
    0.035357,
    0.035442,
    0.035948,
    0.036453,
    0.03548,
    0.042876,
    0.042857,
    0.036047,
    0.050445,
    0.035635,
    0.035993,
    0.0346,
    0.03496,
    0.03452,
    0.035443,
    0.034649,
    0.034866,
    0.050039,
    0.034448,
    0.034116,
    0.034215,
    0.034392,
    0.04992,
    0.034467,
    0.033952,
    0.034412,
    0.041283,
    0.050034,
    0.040885,
    0.049079,
    0.048648,
    0.034219,
    0.033742,
    0.034431,
    0.048888,
    0.034264,
    0.040671,
    0.033183,
    0.033508,
    0.033534,
    0.033346,
    0.040348,
    0.040064,
    0.041364,
    0.034262,
    0.033112,
    0.033447,
    0.039767,
    0.039834,
    0.033378,
    0.032723,
    0.032424,
    0.033102,
    0.033018,
    0.032713,
    0.047311,
    0.032219,
    0.03227,
    0.039065,
    0.032033,
    0.031934,
    0.032715,
    0.031951,
    0.031744,
    0.032271,
    0.031831,
    0.031688,
    0.031532,
    0.031439,
    0.031474,
    0.032855,
    0.047653,
    0.033534,
    0.031368,
    0.03328,
    0.031283,
    0.03162,
    0.031351,
    0.031373,
    0.037025,
    0.031098,
    0.0313,
    0.031325,
    0.031183,
    0.030873,
    0.045743,
    0.031474,
    0.031528,
    0.031505,
    0.030946,
    0.031628,
    0.045986,
    0.031815,
    0.030824,
    0.031777,
    0.030953,
    0.042844,
    0.041496,
    0.031278,
    0.03059,
    0.030433,
    0.031178,
    0.037594,
    0.030979,
    0.031323,
    0.03164,
    0.046012,
    0.030471,
    0.042614,
    0.044823,
    0.045376,
    0.030722,
    0.035336,
    0.030736,
    0.035243,
    0.030457,
    0.030167,
    0.030314,
    0.035086,
    0.030069,
    0.030185,
    0.034249,
    0.029969,
    0.037114,
    0.030475,
    0.030326,
    0.030914,
    0.02967,
    0.03068,
    0.030824,
    0.030829,
    0.051961,
    0.029894,
    0.030175,
    0.029603,
    0.029778,
    0.041483,
    0.035308,
    0.037511,
    0.029814,
    0.045864,
    0.04864,
    0.035426,
    0.030865,
    0.02988,
    0.0303,
    0.030195,
    0.030475,
    0.030526,
    0.030628,
    0.030527,
    0.036844,
    0.029401,
    0.029648,
    0.029723,
    0.034457,
    0.030657,
    0.036411,
    0.029799,
    0.031803,
    0.030957,
    0.033492,
    0.029238,
    0.037395,
    0.030113,
    0.02958,
    0.030775,
    0.029433,
    0.030474,
    0.029824,
    0.030808,
    0.051123,
    0.036174,
    0.029667,
    0.029685,
    0.029591,
    0.029204,
    0.044171,
    0.029063,
    0.03641,
    0.033982,
    0.030175,
    0.044234,
    0.029629,
    0.029189,
    0.029233,
    0.029148
  ],
  "val_loss_curve": [
    0.006855,
    0.006677,
    0.006539,
    0.006451,
    0.006385,
    0.00631,
    0.006297,
    0.006297,
    0.006213,
    0.006265,
    0.006276,
    0.006258,
    0.00632,
    0.006248,
    0.00636,
    0.006277,
    0.006284,
    0.006246,
    0.006253,
    0.006337,
    0.006339,
    0.006277,
    0.006301,
    0.006261,
    0.006186,
    0.006271,
    0.006187,
    0.006242,
    0.006224,
    0.006226,
    0.006208,
    0.006196,
    0.006224,
    0.00623,
    0.006252,
    0.006249,
    0.006267,
    0.006271,
    0.006309,
    0.006258,
    0.006336,
    0.006428,
    0.006352,
    0.006382,
    0.00643,
    0.006504,
    0.006506,
    0.006513,
    0.006556,
    0.006624,
    0.006699,
    0.006717,
    0.006711,
    0.006768,
    0.006755,
    0.006833,
    0.006907,
    0.006927,
    0.007103,
    0.007218,
    0.007355,
    0.007406,
    0.007442,
    0.007603,
    0.007661,
    0.007784,
    0.007944,
    0.008044,
    0.008193,
    0.008176,
    0.008325,
    0.008508,
    0.008822,
    0.008918,
    0.008959,
    0.009305,
    0.00943,
    0.009583,
    0.009796,
    0.009754,
    0.009789,
    0.009838,
    0.009955,
    0.010096,
    0.010258,
    0.010511,
    0.010485,
    0.010536,
    0.010501,
    0.010443,
    0.010389,
    0.010478,
    0.010572,
    0.010708,
    0.010934,
    0.010988,
    0.011026,
    0.011108,
    0.011198,
    0.011216,
    0.011423,
    0.011564,
    0.011581,
    0.011721,
    0.011773,
    0.011725,
    0.011907,
    0.012291,
    0.012476,
    0.01246,
    0.012503,
    0.01251,
    0.012531,
    0.012428,
    0.01251,
    0.012656,
    0.012788,
    0.012853,
    0.012874,
    0.012934,
    0.013116,
    0.01327,
    0.01327,
    0.013614,
    0.013953,
    0.014097,
    0.014053,
    0.014147,
    0.01428,
    0.014509,
    0.014589,
    0.014764,
    0.014888,
    0.014971,
    0.015023,
    0.014946,
    0.015067,
    0.015174,
    0.015165,
    0.0152,
    0.015048,
    0.01511,
    0.015159,
    0.015249,
    0.015474,
    0.015614,
    0.015627,
    0.015591,
    0.015623,
    0.015656,
    0.015662,
    0.015786,
    0.016033,
    0.016124,
    0.016224,
    0.016211,
    0.016333,
    0.016566,
    0.016633,
    0.016677,
    0.016728,
    0.01669,
    0.016687,
    0.016712,
    0.016744,
    0.016811,
    0.016837,
    0.01671,
    0.016692,
    0.016756,
    0.017017,
    0.017211,
    0.017247,
    0.017271,
    0.017411,
    0.017473,
    0.017724,
    0.017927,
    0.017935,
    0.017822,
    0.017748,
    0.017688,
    0.01766,
    0.01771,
    0.017772,
    0.017815,
    0.017879,
    0.017913,
    0.017978,
    0.018012,
    0.018063,
    0.018057,
    0.018066,
    0.018012,
    0.018012,
    0.018087,
    0.018163,
    0.018229,
    0.018283,
    0.018252,
    0.018237
  ],
  "per_company_mape": {
    "C10007": 0.020737,
    "C10019": 0.058927,
    "C10022": 0.028424,
    "C10204": 0.016635,
    "C10308": 0.074714,
    "C10336": 0.004937,
    "C1066": 0.036169,
    "C10783": 0.009131,
    "C10790": 0.01854,
    "C1090": 0.009251,
    "C11037": 0.01191,
    "C11126": 0.024816,
    "C11150": 0.0,
    "C11231": 0.0,
    "C12360": 0.006609,
    "C13420": 0.041495,
    "C13439": 0.137253,
    "C13501": 0.018742,
    "C13528": 0.001008,
    "C13587": 0.035023,
    "C13595": 0.012929,
    "C13641": 0.011435,
    "C13781": 0.006166,
    "C13889": 0.106583,
    "C13943": 0.037533,
    "C14044": 0.049048,
    "C14176": 0.017566,
    "C14257": 0.021043,
    "C14311": 0.031529,
    "C14370": 0.115557,
    "C14443": 0.008661,
    "C14550": 0.026776,
    "C14885": 0.005319,
    "C15024": 0.01859,
    "C15172": 7.4e-05,
    "C15199": 0.022327,
    "C15210": 0.03347,
    "C1538": 0.021558,
    "C15407": 0.07974,
    "C15997": 0.024827,
    "C16373": 0.002643,
    "C16799": 0.03058,
    "C1716": 0.0028,
    "C1767": 0.01495,
    "C17884": 0.644652,
    "C18163": 0.008797,
    "C18309": 0.052632,
    "C18380": 0.005174,
    "C18686": 0.033444,
    "C18791": 0.024871,
    "C19119": 0.006813,
    "C19780": 0.09411,
    "C2003": 0.017388,
    "C20430": 0.005819,
    "C20800": 0.0,
    "C21172": 0.026783,
    "C2143": 0.012582,
    "C2208": 0.008986,
    "C22390": 0.0,
    "C2259": 0.08198,
    "C23574": 0.010154,
    "C23663": 0.0,
    "C23876": 0.020293,
    "C25275": 0.020444,
    "C25755": 0.010086,
    "C26077": 0.043358,
    "C26808": 0.020777,
    "C26905": 0.042977,
    "C27022": 0.032121,
    "C27065": 0.006738,
    "C27499": 0.024133,
    "C27766": 0.003025,
    "C29297": 0.001066,
    "C29378": 0.000162,
    "C29440": 0.010108,
    "C31062": 0.064232,
    "C3131": 0.002277,