{
  "arch": "gru_baseline",
  "lob": "private_passenger_auto",
  "config_idx": 61,
  "dropout_rate": 0.01829,
  "learning_rate": 0.0001766,
  "batch_size": 256,
  "max_epochs": 500,
  "gru_units": 128,
  "dense_units": 128,
  "mape": 0.05142286407685335,
  "rmspe": 0.14035831543459526,
  "n_companies": 121,
  "n_filtered": 7,
  "mape_std": 0.09475782531329617,
  "mape_p25": 0.015774571110511646,
  "mape_p75": 0.04897798421143477,
  "training_time": 33.24,
  "epochs_trained": 201,
  "best_val_loss": 0.006681910437431985,
  "train_loss_curve": [
    0.041413,
    0.040271,
    0.039424,
    0.038844,
    0.038374,
    0.038001,
    0.037798,
    0.037534,
    0.03736,
    0.037219,
    0.037011,
    0.036905,
    0.036902,
    0.036718,
    0.03652,
    0.036754,
    0.036561,
    0.03607,
    0.036234,
    0.035991,
    0.035454,
    0.035368,
    0.03521,
    0.035102,
    0.034927,
    0.03475,
    0.034476,
    0.034398,
    0.034465,
    0.03471,
    0.033942,
    0.033709,
    0.033433,
    0.033269,
    0.032961,
    0.032948,
    0.032565,
    0.032837,
    0.034955,
    0.032191,
    0.032242,
    0.032934,
    0.031924,
    0.031663,
    0.0311,
    0.031037,
    0.030809,
    0.031686,
    0.030269,
    0.030228,
    0.030596,
    0.029697,
    0.029559,
    0.029411,
    0.029021,
    0.029108,
    0.028436,
    0.028381,
    0.02868,
    0.02875,
    0.028461,
    0.028014,
    0.028178,
    0.027898,
    0.02767,
    0.027885,
    0.027486,
    0.027347,
    0.029663,
    0.02734,
    0.027201,
    0.027118,
    0.027115,
    0.032945,
    0.027155,
    0.026785,
    0.026612,
    0.026662,
    0.026604,
    0.026716,
    0.026541,
    0.026722,
    0.026217,
    0.026275,
    0.026296,
    0.02622,
    0.025883,
    0.025542,
    0.025742,
    0.02529,
    0.025573,
    0.025624,
    0.025636,
    0.025612,
    0.024995,
    0.025271,
    0.025022,
    0.028552,
    0.02498,
    0.024892,
    0.025617,
    0.024985,
    0.02498,
    0.024591,
    0.02461,
    0.02435,
    0.024298,
    0.02438,
    0.024183,
    0.02425,
    0.027977,
    0.024535,
    0.024051,
    0.024007,
    0.024373,
    0.024468,
    0.024141,
    0.023844,
    0.023939,
    0.024445,
    0.023624,
    0.023955,
    0.023741,
    0.023614,
    0.023525,
    0.023769,
    0.027046,
    0.023687,
    0.023608,
    0.023336,
    0.023818,
    0.023517,
    0.023553,
    0.023441,
    0.023337,
    0.023576,
    0.023885,
    0.02357,
    0.024282,
    0.023312,
    0.023604,
    0.024338,
    0.023488,
    0.023352,
    0.022893,
    0.023221,
    0.023478,
    0.023,
    0.023096,
    0.024703,
    0.022803,
    0.024219,
    0.023116,
    0.030297,
    0.022865,
    0.022738,
    0.023934,
    0.023155,
    0.022652,
    0.022866,
    0.022869,
    0.022558,
    0.022882,
    0.022672,
    0.022846,
    0.0227,
    0.022514,
    0.022931,
    0.02236,
    0.022497,
    0.022588,
    0.022485,
    0.022577,
    0.0224,
    0.022836,
    0.026819,
    0.022921,
    0.022783,
    0.02661,
    0.022416,
    0.023602,
    0.022518,
    0.022349,
    0.022284,
    0.026521,
    0.022493,
    0.022223,
    0.022355,
    0.022787,
    0.022219,
    0.022177,
    0.022618,
    0.022037,
    0.022166,
    0.022157,
    0.022547,
    0.022446,
    0.022304,
    0.022016,
    0.021908,
    0.022208
  ],
  "val_loss_curve": [
    0.007129,
    0.006996,
    0.006833,
    0.006686,
    0.006682,
    0.006794,
    0.006815,
    0.006858,
    0.006868,
    0.006848,
    0.006902,
    0.006895,
    0.006932,
    0.006927,
    0.00701,
    0.006971,
    0.006995,
    0.007233,
    0.007254,
    0.007447,
    0.007448,
    0.007588,
    0.00779,
    0.008254,
    0.008368,
    0.008473,
    0.008782,
    0.009023,
    0.009733,
    0.010136,
    0.010502,
    0.010809,
    0.01097,
    0.012196,
    0.01245,
    0.012012,
    0.013658,
    0.013943,
    0.013193,
    0.014333,
    0.013577,
    0.016932,
    0.015707,
    0.018207,
    0.018574,
    0.017772,
    0.019195,
    0.020327,
    0.021108,
    0.022112,
    0.022322,
    0.023311,
    0.024693,
    0.024552,
    0.027631,
    0.027235,
    0.029045,
    0.029925,
    0.028202,
    0.030214,
    0.029963,
    0.031334,
    0.031134,
    0.03224,
    0.032489,
    0.033166,
    0.03325,
    0.033705,
    0.033317,
    0.033646,
    0.03408,
    0.035199,
    0.034651,
    0.035239,
    0.035387,
    0.036945,
    0.036087,
    0.038477,
    0.038921,
    0.038199,
    0.042115,
    0.042533,
    0.042708,
    0.043674,
    0.044721,
    0.042863,
    0.043408,
    0.04636,
    0.046151,
    0.048784,
    0.048967,
    0.050624,
    0.050851,
    0.051881,
    0.052514,
    0.054707,
    0.055057,
    0.050765,
    0.050273,
    0.053127,
    0.053447,
    0.055424,
    0.055636,
    0.057874,
    0.058346,
    0.059653,
    0.058475,
    0.059598,
    0.060686,
    0.06115,
    0.061078,
    0.060975,
    0.061636,
    0.063683,
    0.063894,
    0.064003,
    0.064978,
    0.065352,
    0.065948,
    0.066138,
    0.066942,
    0.068894,
    0.069544,
    0.069384,
    0.069608,
    0.07044,
    0.069757,
    0.070818,
    0.07082,
    0.071213,
    0.070013,
    0.072037,
    0.072937,
    0.072189,
    0.072462,
    0.072537,
    0.0732,
    0.074945,
    0.075072,
    0.074531,
    0.074785,
    0.075341,
    0.076321,
    0.075966,
    0.075843,
    0.076038,
    0.078012,
    0.077453,
    0.078089,
    0.077396,
    0.078393,
    0.079605,
    0.079668,
    0.078672,
    0.079904,
    0.081239,
    0.080414,
    0.079636,
    0.080954,
    0.081056,
    0.080866,
    0.080891,
    0.080954,
    0.081787,
    0.08223,
    0.081783,
    0.08158,
    0.08268,
    0.083266,
    0.083013,
    0.083009,
    0.083081,
    0.083497,
    0.083585,
    0.082891,
    0.081632,
    0.081307,
    0.082179,
    0.0818,
    0.078643,
    0.079996,
    0.080083,
    0.081503,
    0.082284,
    0.081365,
    0.081139,
    0.080697,
    0.080579,
    0.081048,
    0.081553,
    0.082093,
    0.082489,
    0.083186,
    0.083787,
    0.08312,
    0.083325,
    0.083391,
    0.083765,
    0.084289,
    0.085435,
    0.085724
  ],
  "per_company_mape": {
    "C10007": 0.017055,
    "C10019": 0.059915,
    "C10022": 0.029109,
    "C10204": 0.04075,
    "C10308": 0.19792,
    "C10336": 0.026206,
    "C1066": 0.023264,
    "C10783": 0.009131,
    "C10790": 0.030535,
    "C1090": 0.011233,
    "C11037": 0.081014,
    "C11126": 0.048455,
    "C11150": 0.755456,
    "C11231": 0.082222,
    "C12360": 0.014493,
    "C13420": 0.032185,
    "C13439": 0.032485,
    "C13501": 0.014853,
    "C13528": 0.016263,
    "C13587": 0.0566,
    "C13595": 0.062875,
    "C13641": 0.025975,
    "C13781": 0.02065,
    "C13889": 0.042431,
    "C13943": 0.025043,
    "C14044": 0.042771,
    "C14176": 0.01619,
    "C14257": 0.023321,
    "C14311": 0.111272,
    "C14370": 0.157539,
    "C14443": 0.008661,
    "C14550": 0.018834,
    "C14885": 0.042153,
    "C15024": 0.030685,
    "C15172": 0.014746,
    "C15199": 0.017921,
    "C15210": 0.068877,
    "C1538": 0.011257,
    "C15407": 0.013754,
    "C15997": 0.0482,
    "C16373": 0.03712,
    "C16799": 0.02534,
    "C1716": 0.015458,
    "C1767": 0.011247,
    "C17884": 0.65695,
    "C18163": 0.008797,
    "C18309": 0.012649,
    "C18380": 0.02591,
    "C18686": 0.008334,
    "C18791": 0.020801,
    "C19119": 0.062009,
    "C19780": 0.053338,
    "C2003": 0.0532,
    "C20430": 0.018386,
    "C20800": 0.182792,
    "C21172": 0.041876,
    "C2143": 0.060812,
    "C2208": 0.015843,
    "C22390": 0.0446,
    "C2259": 0.015775,
    "C23574": 0.048956,
    "C23663": 0.0,
    "C23876": 0.016492,
    "C25275": 0.013876,
    "C25755": 0.031861,
    "C26077": 0.101006,
    "C26808": 0.039094,
    "C26905": 0.004742,
    "C27022": 0.031471,
    "C27065": 0.014762,
    "C27499": 0.024133,
    "C27766": 0.214533,
    "C29297": 0.111424,
    "C29378": 0.004463,
    "C29440": 0.015891,
    "C31062": 0.043013,
    "C3131": 0.028131,