{
  "arch": "gru_baseline",
  "lob": "private_passenger_auto",
  "config_idx": 6,
  "dropout_rate": 0.02065,
  "learning_rate": 0.0002924,
  "batch_size": 1024,
  "max_epochs": 1000,
  "gru_units": 128,
  "dense_units": 32,
  "mape": 0.12722307674559408,
  "rmspe": 0.46234464612515264,
  "n_companies": 121,
  "n_filtered": 7,
  "mape_std": 0.3109580968651914,
  "mape_p25": 0.041279523058638135,
  "mape_p75": 0.1304197480723735,
  "training_time": 28.05,
  "epochs_trained": 201,
  "best_val_loss": 0.006146466068457812,
  "train_loss_curve": [
    0.039057,
    0.04712,
    0.03775,
    0.037704,
    0.036826,
    0.036371,
    0.03614,
    0.051399,
    0.035772,
    0.035304,
    0.0353,
    0.03598,
    0.034845,
    0.034693,
    0.034838,
    0.042037,
    0.03485,
    0.034411,
    0.034246,
    0.034169,
    0.034499,
    0.034016,
    0.0341,
    0.034637,
    0.033744,
    0.040742,
    0.033526,
    0.033334,
    0.033977,
    0.048279,
    0.033204,
    0.033354,
    0.033446,
    0.032783,
    0.032696,
    0.033441,
    0.047804,
    0.033636,
    0.047184,
    0.032268,
    0.032323,
    0.032414,
    0.031997,
    0.032031,
    0.032517,
    0.031931,
    0.031852,
    0.031563,
    0.031506,
    0.031285,
    0.030861,
    0.036443,
    0.030857,
    0.030644,
    0.037325,
    0.03025,
    0.031181,
    0.030232,
    0.029722,
    0.029997,
    0.029779,
    0.029962,
    0.050631,
    0.029193,
    0.037862,
    0.02909,
    0.02957,
    0.029114,
    0.028771,
    0.028633,
    0.032665,
    0.028656,
    0.029008,
    0.028507,
    0.028316,
    0.028749,
    0.031948,
    0.028581,
    0.028454,
    0.041991,
    0.027755,
    0.028204,
    0.045094,
    0.028069,
    0.032387,
    0.028102,
    0.027901,
    0.041113,
    0.029857,
    0.027753,
    0.046219,
    0.027372,
    0.027063,
    0.02735,
    0.034014,
    0.027087,
    0.040801,
    0.034559,
    0.027285,
    0.026927,
    0.040323,
    0.026665,
    0.027813,
    0.026834,
    0.026184,
    0.03995,
    0.028632,
    0.026319,
    0.027118,
    0.028096,
    0.026282,
    0.026188,
    0.03316,
    0.028359,
    0.026704,
    0.026209,
    0.026226,
    0.026657,
    0.026097,
    0.025626,
    0.026127,
    0.025637,
    0.027968,
    0.025786,
    0.025445,
    0.026347,
    0.025425,
    0.025353,
    0.027919,
    0.025515,
    0.032921,
    0.025648,
    0.025834,
    0.025898,
    0.025067,
    0.038501,
    0.025238,
    0.025665,
    0.025552,
    0.025145,
    0.025161,
    0.025856,
    0.025586,
    0.025357,
    0.026342,
    0.025294,
    0.03207,
    0.02485,
    0.024512,
    0.025697,
    0.024976,
    0.024701,
    0.038405,
    0.024704,
    0.03122,
    0.025874,
    0.03751,
    0.024631,
    0.038491,
    0.024543,
    0.038023,
    0.024393,
    0.038134,
    0.024604,
    0.024849,
    0.038424,
    0.024155,
    0.025575,
    0.038621,
    0.024127,
    0.024566,
    0.024387,
    0.024407,
    0.02501,
    0.024522,
    0.024397,
    0.025016,
    0.024893,
    0.024385,
    0.024462,
    0.030841,
    0.024332,
    0.030838,
    0.024493,
    0.025271,
    0.026013,
    0.024545,
    0.024268,
    0.025178,
    0.025707,
    0.024816,
    0.024125,
    0.024471,
    0.024314,
    0.023955,
    0.023913,
    0.024111,
    0.024117,
    0.02525,
    0.024273,
    0.029432
  ],
  "val_loss_curve": [
    0.00674,
    0.006523,
    0.006407,
    0.006321,
    0.006293,
    0.006226,
    0.006217,
    0.006174,
    0.00619,
    0.006157,
    0.006161,
    0.006224,
    0.006255,
    0.006192,
    0.006194,
    0.006146,
    0.006255,
    0.006169,
    0.006162,
    0.006201,
    0.006238,
    0.006244,
    0.006296,
    0.006321,
    0.006385,
    0.006431,
    0.006545,
    0.006527,
    0.006671,
    0.006738,
    0.006879,
    0.006895,
    0.007101,
    0.007143,
    0.007292,
    0.007416,
    0.007554,
    0.007591,
    0.007616,
    0.007832,
    0.00797,
    0.008188,
    0.008419,
    0.008849,
    0.008959,
    0.00913,
    0.00919,
    0.009668,
    0.009995,
    0.010418,
    0.010368,
    0.010702,
    0.011441,
    0.012122,
    0.012137,
    0.012248,
    0.012682,
    0.013614,
    0.014416,
    0.014882,
    0.015295,
    0.015796,
    0.016626,
    0.017279,
    0.018469,
    0.019025,
    0.018774,
    0.018878,
    0.019323,
    0.019793,
    0.019878,
    0.02022,
    0.02104,
    0.021317,
    0.021362,
    0.021584,
    0.021574,
    0.023082,
    0.023918,
    0.024513,
    0.02476,
    0.024543,
    0.024467,
    0.02595,
    0.026382,
    0.026181,
    0.026572,
    0.027174,
    0.027166,
    0.027239,
    0.026833,
    0.026607,
    0.026618,
    0.027364,
    0.028083,
    0.028677,
    0.029137,
    0.029257,
    0.029381,
    0.02975,
    0.030553,
    0.031585,
    0.031552,
    0.032505,
    0.033305,
    0.033492,
    0.033419,
    0.034838,
    0.035725,
    0.036276,
    0.037861,
    0.038796,
    0.039019,
    0.04042,
    0.041474,
    0.041714,
    0.042179,
    0.042916,
    0.043406,
    0.043351,
    0.043443,
    0.043411,
    0.043559,
    0.043632,
    0.044027,
    0.044338,
    0.043874,
    0.044315,
    0.044522,
    0.044951,
    0.045241,
    0.045219,
    0.045494,
    0.045195,
    0.045485,
    0.046051,
    0.046799,
    0.047516,
    0.047979,
    0.047849,
    0.04831,
    0.048656,
    0.048875,
    0.049579,
    0.049428,
    0.050445,
    0.05118,
    0.051822,
    0.051994,
    0.052652,
    0.052841,
    0.053556,
    0.053868,
    0.054405,
    0.054756,
    0.05523,
    0.055841,
    0.05665,
    0.05656,
    0.056742,
    0.057307,
    0.057308,
    0.057247,
    0.057364,
    0.057139,
    0.057344,
    0.057764,
    0.058718,
    0.058897,
    0.059555,
    0.059987,
    0.06017,
    0.060086,
    0.060185,
    0.060494,
    0.060733,
    0.060731,
    0.060805,
    0.060858,
    0.061056,
    0.06101,
    0.060876,
    0.060777,
    0.061225,
    0.061444,
    0.062328,
    0.062566,
    0.062707,
    0.062665,
    0.063097,
    0.063391,
    0.064033,
    0.064451,
    0.064862,
    0.065255,
    0.0653,
    0.065281,
    0.065779,
    0.066085,
    0.066985,
    0.067298
  ],
  "per_company_mape": {
    "C10007": 0.037523,
    "C10019": 0.069836,
    "C10022": 0.034253,
    "C10204": 0.126755,
    "C10308": 0.039574,
    "C10336": 0.14427,
    "C1066": 0.262874,
    "C10783": 0.114807,
    "C10790": 0.111528,
    "C1090": 0.117942,
    "C11037": 0.010077,
    "C11126": 0.176925,
    "C11150": 3.35332,
    "C11231": 0.667189,
    "C12360": 0.006609,
    "C13420": 0.06779,
    "C13439": 0.11597,
    "C13501": 0.019431,
    "C13528": 0.159601,
    "C13587": 0.033172,
    "C13595": 0.084813,
    "C13641": 0.062281,
    "C13781": 0.150947,
    "C13889": 0.023171,
    "C13943": 0.050637,
    "C14044": 0.099062,
    "C14176": 0.134686,
    "C14257": 0.176765,
    "C14311": 0.189309,
    "C14370": 0.122426,
    "C14443": 0.008661,
    "C14550": 0.17158,
    "C14885": 0.057648,
    "C15024": 0.010889,
    "C15172": 0.084043,
    "C15199": 0.022327,
    "C15210": 0.33574,
    "C1538": 0.11958,
    "C15407": 0.094546,
    "C15997": 0.159459,
    "C16373": 0.163401,
    "C16799": 0.056558,
    "C1716": 0.003624,
    "C1767": 0.02277,
    "C17884": 0.64257,
    "C18163": 0.173653,
    "C18309": 0.15526,
    "C18380": 0.115434,
    "C18686": 0.091996,
    "C18791": 0.168513,
    "C19119": 0.27288,
    "C19780": 0.095236,
    "C2003": 0.061703,
    "C20430": 0.00899,
    "C20800": 0.102608,
    "C21172": 0.077074,
    "C2143": 0.157452,
    "C2208": 0.046633,
    "C22390": 0.10478,
    "C2259": 0.085044,
    "C23574": 0.065772,
    "C23663": 0.009235,
    "C23876": 0.127897,
    "C25275": 0.108305,
    "C25755": 0.009873,
    "C26077": 0.051215,
    "C26808": 0.083274,
    "C26905": 0.075471,
    "C27022": 0.052607,
    "C27065": 0.160851,
    "C27499": 0.095463,
    "C27766": 0.111427,
    "C29297": 0.216518,
    "C29378": 0.0,
    "C29440": 0.064368,
    "C31062": 0.033077,