{
  "arch": "gru_baseline",
  "lob": "private_passenger_auto",
  "config_idx": 7,
  "dropout_rate": 0.02489,
  "learning_rate": 0.000132,
  "batch_size": 1024,
  "max_epochs": 500,
  "gru_units": 256,
  "dense_units": 32,
  "mape": 0.10361842607473147,
  "rmspe": 0.646285200389584,
  "n_companies": 121,
  "n_filtered": 6,
  "mape_std": 0.44943189714402465,
  "mape_p25": 0.01662362567778022,
  "mape_p75": 0.08115715117993723,
  "training_time": 28.65,
  "epochs_trained": 201,
  "best_val_loss": 0.0061462754383683205,
  "train_loss_curve": [
    0.039204,
    0.054435,
    0.03823,
    0.061291,
    0.039018,
    0.053679,
    0.044727,
    0.03654,
    0.0363,
    0.036697,
    0.036938,
    0.04376,
    0.035598,
    0.035532,
    0.051067,
    0.042623,
    0.035533,
    0.05107,
    0.035739,
    0.035376,
    0.058305,
    0.042874,
    0.035268,
    0.041978,
    0.034865,
    0.035094,
    0.042531,
    0.034492,
    0.035231,
    0.034639,
    0.034525,
    0.034607,
    0.034412,
    0.035386,
    0.034444,
    0.034306,
    0.034184,
    0.034397,
    0.034438,
    0.034074,
    0.034132,
    0.035056,
    0.034628,
    0.034112,
    0.049127,
    0.033901,
    0.033972,
    0.033966,
    0.033937,
    0.034123,
    0.033839,
    0.034058,
    0.03464,
    0.034266,
    0.034094,
    0.033836,
    0.034509,
    0.033522,
    0.033448,
    0.033861,
    0.033267,
    0.033246,
    0.040879,
    0.032925,
    0.033156,
    0.033095,
    0.0335,
    0.033051,
    0.03279,
    0.033513,
    0.032432,
    0.039491,
    0.03325,
    0.032489,
    0.039512,
    0.032288,
    0.032456,
    0.032225,
    0.032147,
    0.032276,
    0.032056,
    0.031723,
    0.032133,
    0.03887,
    0.032956,
    0.031626,
    0.039019,
    0.031436,
    0.0319,
    0.031641,
    0.038462,
    0.03138,
    0.031437,
    0.031714,
    0.046387,
    0.038347,
    0.031627,
    0.045954,
    0.031372,
    0.03822,
    0.031,
    0.045751,
    0.031194,
    0.03213,
    0.031432,
    0.030834,
    0.038052,
    0.031167,
    0.045185,
    0.030854,
    0.030636,
    0.030722,
    0.030698,
    0.031092,
    0.031061,
    0.031129,
    0.031263,
    0.03795,
    0.031458,
    0.030856,
    0.030816,
    0.045371,
    0.030766,
    0.030665,
    0.037551,
    0.030366,
    0.030543,
    0.030502,
    0.044902,
    0.030381,
    0.044687,
    0.029969,
    0.030861,
    0.030127,
    0.03304,
    0.030142,
    0.044584,
    0.037442,
    0.035049,
    0.035301,
    0.030037,
    0.037095,
    0.029972,
    0.029978,
    0.030024,
    0.030631,
    0.029729,
    0.030822,
    0.030966,
    0.029853,
    0.029694,
    0.029888,
    0.044023,
    0.032654,
    0.029653,
    0.03002,
    0.032885,
    0.030417,
    0.031461,
    0.029569,
    0.030297,
    0.029969,
    0.02966,
    0.02952,
    0.029522,
    0.036602,
    0.029512,
    0.029915,
    0.02961,
    0.030021,
    0.029544,
    0.029526,
    0.030038,
    0.034353,
    0.032754,
    0.029949,
    0.030126,
    0.029367,
    0.044542,
    0.030149,
    0.029352,
    0.036706,
    0.036364,
    0.029323,
    0.02978,
    0.029498,
    0.029855,
    0.029597,
    0.032676,
    0.050649,
    0.029548,
    0.029383,
    0.029347,
    0.029415,
    0.029491,
    0.029858,
    0.033153,
    0.029977,
    0.02927,
    0.03625,
    0.029416
  ],
  "val_loss_curve": [
    0.006889,
    0.00665,
    0.006516,
    0.00643,
    0.006379,
    0.006314,
    0.006405,
    0.006254,
    0.006245,
    0.006178,
    0.006194,
    0.006239,
    0.006242,
    0.006175,
    0.006187,
    0.006308,
    0.006246,
    0.006206,
    0.00624,
    0.006308,
    0.006194,
    0.006185,
    0.006283,
    0.006187,
    0.006172,
    0.006193,
    0.006178,
    0.006176,
    0.006183,
    0.00623,
    0.006303,
    0.006204,
    0.006182,
    0.006146,
    0.006222,
    0.006149,
    0.006161,
    0.006192,
    0.006179,
    0.006226,
    0.006245,
    0.006253,
    0.006256,
    0.006362,
    0.006324,
    0.006248,
    0.006192,
    0.00618,
    0.006324,
    0.006334,
    0.006251,
    0.00625,
    0.006168,
    0.006264,
    0.006341,
    0.006435,
    0.006403,
    0.006332,
    0.006421,
    0.006518,
    0.006667,
    0.006627,
    0.006611,
    0.006718,
    0.006729,
    0.006927,
    0.00711,
    0.007084,
    0.006968,
    0.007173,
    0.007411,
    0.00749,
    0.007853,
    0.008049,
    0.008146,
    0.008177,
    0.008259,
    0.008342,
    0.008552,
    0.008536,
    0.008743,
    0.008726,
    0.00879,
    0.008825,
    0.009306,
    0.009321,
    0.00931,
    0.009313,
    0.009492,
    0.009688,
    0.009747,
    0.009843,
    0.009834,
    0.009842,
    0.009817,
    0.010009,
    0.009983,
    0.009933,
    0.010023,
    0.010187,
    0.010432,
    0.010521,
    0.010847,
    0.010793,
    0.010714,
    0.01056,
    0.010546,
    0.010659,
    0.010612,
    0.010965,
    0.01121,
    0.011397,
    0.011366,
    0.011281,
    0.011217,
    0.011481,
    0.011378,
    0.011582,
    0.011556,
    0.01175,
    0.011607,
    0.011608,
    0.011931,
    0.012172,
    0.012358,
    0.01221,
    0.012284,
    0.012314,
    0.012148,
    0.012221,
    0.01238,
    0.012579,
    0.012671,
    0.012807,
    0.012683,
    0.012456,
    0.012479,
    0.012573,
    0.01262,
    0.012792,
    0.012929,
    0.012916,
    0.012891,
    0.01305,
    0.013119,
    0.01313,
    0.013205,
    0.013291,
    0.013346,
    0.013338,
    0.013329,
    0.013322,
    0.013307,
    0.013385,
    0.013418,
    0.013432,
    0.013313,
    0.013327,
    0.013478,
    0.013605,
    0.013666,
    0.013623,
    0.013616,
    0.013564,
    0.013714,
    0.013855,
    0.013923,
    0.013898,
    0.01386,
    0.013813,
    0.013768,
    0.013904,
    0.013988,
    0.013973,
    0.013966,
    0.01402,
    0.014154,
    0.014293,
    0.014319,
    0.014356,
    0.01426,
    0.014176,
    0.014208,
    0.014177,
    0.014217,
    0.014262,
    0.014309,
    0.014381,
    0.014399,
    0.014406,
    0.014476,
    0.014555,
    0.014594,
    0.014597,
    0.014596,
    0.014589,
    0.014578,
    0.014534,
    0.014561,
    0.014599,
    0.014644
  ],
  "per_company_mape": {
    "C10007": 0.020737,
    "C10019": 0.06132,
    "C10022": 0.054588,
    "C10204": 0.010689,
    "C10308": 0.446387,
    "C10336": 0.071717,
    "C1066": 0.100574,
    "C10783": 0.057514,
    "C10790": 0.01854,
    "C1090": 0.011391,
    "C11037": 0.03382,
    "C11126": 0.016624,
    "C11150": 4.909241,
    "C11231": 0.539281,
    "C12360": 0.007913,
    "C13420": 0.022041,
    "C13439": 0.029076,
    "C13501": 0.020005,
    "C13528": 0.100354,
    "C13587": 0.035023,
    "C13595": 0.006912,
    "C13641": 0.002709,
    "C13781": 0.017163,
    "C13889": 0.054911,
    "C13943": 0.076056,
    "C14044": 0.049048,
    "C14176": 0.044529,
    "C14257": 0.015256,
    "C14311": 0.015311,
    "C14370": 0.127056,
    "C14443": 0.08952,
    "C14550": 0.023807,
    "C14885": 0.011087,
    "C15024": 0.056806,
    "C15172": 0.041015,
    "C15199": 0.082907,
    "C15210": 0.174256,
    "C1538": 0.051392,
    "C15407": 0.156676,
    "C15997": 0.137992,
    "C16373": 0.063449,
    "C16799": 0.082686,
    "C1716": 0.050375,
    "C1767": 0.047793,
    "C17884": 0.634352,
    "C18163": 0.024328,
    "C18309": 0.118525,
    "C18380": 0.017107,
    "C18686": 0.018767,
    "C18791": 0.026277,
    "C19119": 0.007605,
    "C19780": 0.05429,
    "C2003": 0.035433,
    "C20430": 0.066941,
    "C20800": 0.117115,
    "C21172": 0.023763,
    "C2143": 0.014749,
    "C2208": 0.008986,
    "C22390": 0.120555,
    "C2259": 0.013326,
    "C23574": 0.033812,
    "C23663": 0.006835,
    "C23876": 0.019805,
    "C25275": 0.016105,
    "C25755": 0.098295,
    "C26077": 0.044974,
    "C26808": 0.118421,
    "C26905": 0.157323,
    "C27022": 0.024047,
    "C27065": 0.081157,
    "C27499": 0.058066,
    "C27766": 0.02531,
    "C29297": 0.106192,
    "C29378": 0.073681,
    "C29440": 0.048554,
    "C31062": 0.030585,