{
  "arch": "gru_baseline",
  "lob": "private_passenger_auto",
  "config_idx": 25,
  "dropout_rate": 0.02036,
  "learning_rate": 0.0004383,
  "batch_size": 512,
  "max_epochs": 500,
  "gru_units": 128,
  "dense_units": 32,
  "mape": 0.0748393622428278,
  "rmspe": 0.1266696423418303,
  "n_companies": 121,
  "n_filtered": 7,
  "mape_std": 0.07916549239338784,
  "mape_p25": 0.03214415991796255,
  "mape_p75": 0.09618269568900127,
  "training_time": 20.96,
  "epochs_trained": 201,
  "best_val_loss": 0.006053340035578003,
  "train_loss_curve": [
    0.041575,
    0.040409,
    0.039223,
    0.03858,
    0.038095,
    0.037894,
    0.037538,
    0.037266,
    0.037077,
    0.036828,
    0.036771,
    0.036255,
    0.03637,
    0.03604,
    0.03557,
    0.035228,
    0.035047,
    0.034671,
    0.035735,
    0.03477,
    0.034147,
    0.033696,
    0.03397,
    0.033838,
    0.032809,
    0.033514,
    0.032727,
    0.032159,
    0.032191,
    0.031907,
    0.031334,
    0.03501,
    0.030992,
    0.031242,
    0.030855,
    0.030206,
    0.030255,
    0.034823,
    0.029727,
    0.029436,
    0.029096,
    0.028961,
    0.028866,
    0.028506,
    0.029378,
    0.029929,
    0.027959,
    0.028013,
    0.027783,
    0.027526,
    0.026926,
    0.02689,
    0.02661,
    0.026473,
    0.025867,
    0.025492,
    0.025437,
    0.025854,
    0.026133,
    0.027126,
    0.025203,
    0.025304,
    0.025193,
    0.024845,
    0.024558,
    0.027075,
    0.024564,
    0.024482,
    0.024373,
    0.024532,
    0.024407,
    0.031486,
    0.024268,
    0.024059,
    0.027069,
    0.024163,
    0.02391,
    0.024065,
    0.023892,
    0.023411,
    0.024237,
    0.023836,
    0.023593,
    0.023913,
    0.027413,
    0.023304,
    0.023343,
    0.022828,
    0.023785,
    0.022723,
    0.023294,
    0.02538,
    0.022842,
    0.023775,
    0.022663,
    0.022597,
    0.022435,
    0.030361,
    0.023545,
    0.022187,
    0.022238,
    0.022044,
    0.022251,
    0.021817,
    0.022062,
    0.022324,
    0.021875,
    0.026013,
    0.022069,
    0.021632,
    0.021496,
    0.022152,
    0.022065,
    0.02199,
    0.022025,
    0.021683,
    0.021549,
    0.021648,
    0.022241,
    0.023177,
    0.027155,
    0.022712,
    0.021257,
    0.021443,
    0.021081,
    0.021391,
    0.021241,
    0.021288,
    0.021124,
    0.021656,
    0.021123,
    0.021123,
    0.02135,
    0.021413,
    0.021145,
    0.021316,
    0.020737,
    0.021178,
    0.021116,
    0.020992,
    0.020956,
    0.022316,
    0.020731,
    0.020899,
    0.020985,
    0.021314,
    0.021011,
    0.022211,
    0.020947,
    0.020689,
    0.020664,
    0.021173,
    0.021997,
    0.02061,
    0.025554,
    0.020172,
    0.020437,
    0.020939,
    0.02074,
    0.020408,
    0.020333,
    0.020508,
    0.020616,
    0.020265,
    0.020453,
    0.022287,
    0.028485,
    0.020304,
    0.021046,
    0.02044,
    0.020597,
    0.020508,
    0.020508,
    0.020206,
    0.020578,
    0.020783,
    0.020428,
    0.020277,
    0.020042,
    0.020069,
    0.02066,
    0.020162,
    0.020283,
    0.01997,
    0.029198,
    0.020117,
    0.02018,
    0.020387,
    0.020215,
    0.020181,
    0.020227,
    0.020816,
    0.020576,
    0.020879,
    0.020065,
    0.02023,
    0.019962,
    0.01986,
    0.019913,
    0.020402,
    0.020178
  ],
  "val_loss_curve": [
    0.00638,
    0.006162,
    0.006128,
    0.006053,
    0.006136,
    0.006173,
    0.006161,
    0.006073,
    0.006337,
    0.006204,
    0.006191,
    0.006433,
    0.006558,
    0.006715,
    0.006989,
    0.007303,
    0.007663,
    0.00784,
    0.008696,
    0.00856,
    0.009031,
    0.010316,
    0.011657,
    0.010961,
    0.012496,
    0.01448,
    0.013927,
    0.014844,
    0.014948,
    0.016431,
    0.017021,
    0.016234,
    0.015531,
    0.018125,
    0.018703,
    0.020062,
    0.021343,
    0.021808,
    0.021855,
    0.024214,
    0.026011,
    0.027327,
    0.026025,
    0.032051,
    0.032708,
    0.033902,
    0.031894,
    0.031429,
    0.034095,
    0.035736,
    0.03863,
    0.043452,
    0.045259,
    0.043094,
    0.04892,
    0.048564,
    0.048245,
    0.050261,
    0.050284,
    0.051181,
    0.053285,
    0.053184,
    0.055605,
    0.055388,
    0.057603,
    0.055387,
    0.056468,
    0.058981,
    0.059277,
    0.062446,
    0.060589,
    0.061608,
    0.060835,
    0.06311,
    0.060262,
    0.058761,
    0.062761,
    0.066612,
    0.068501,
    0.067461,
    0.070129,
    0.072609,
    0.0711,
    0.07395,
    0.07203,
    0.077577,
    0.075865,
    0.0799,
    0.08064,
    0.080353,
    0.080793,
    0.08194,
    0.075255,
    0.073589,
    0.080097,
    0.083214,
    0.082822,
    0.082841,
    0.085598,
    0.087631,
    0.086645,
    0.086118,
    0.088066,
    0.089413,
    0.09105,
    0.091236,
    0.091072,
    0.091478,
    0.091435,
    0.092624,
    0.092609,
    0.092007,
    0.090812,
    0.090698,
    0.089927,
    0.089994,
    0.091824,
    0.091479,
    0.092746,
    0.092472,
    0.093024,
    0.094529,
    0.095321,
    0.095192,
    0.096189,
    0.094725,
    0.094382,
    0.094902,
    0.094586,
    0.094492,
    0.095019,
    0.095055,
    0.09554,
    0.095551,
    0.095723,
    0.095362,
    0.094679,
    0.093922,
    0.093903,
    0.092656,
    0.092912,
    0.094135,
    0.097515,
    0.098225,
    0.098156,
    0.098884,
    0.099392,
    0.099734,
    0.098127,
    0.097163,
    0.09732,
    0.098019,
    0.099183,
    0.099512,
    0.098652,
    0.09819,
    0.098516,
    0.098943,
    0.098766,
    0.098682,
    0.098468,
    0.098337,
    0.098144,
    0.098455,
    0.098328,
    0.09826,
    0.098183,
    0.098197,
    0.098141,
    0.098092,
    0.098033,
    0.097745,
    0.09745,
    0.097593,
    0.097846,
    0.098342,
    0.098292,
    0.098483,
    0.098984,
    0.098704,
    0.099087,
    0.099606,
    0.099982,
    0.099513,
    0.099324,
    0.099186,
    0.09897,
    0.098841,
    0.098781,
    0.098583,
    0.098771,
    0.099048,
    0.100003,
    0.100676,
    0.100514,
    0.100632,
    0.100186,
    0.100528,
    0.100928,
    0.100901,
    0.101316
  ],
  "per_company_mape": {
    "C10007": 0.091998,
    "C10019": 0.064286,
    "C10022": 0.063235,
    "C10204": 0.089444,
    "C10308": 0.189562,
    "C10336": 0.071025,
    "C1066": 0.031884,
    "C10783": 0.096183,
    "C10790": 0.01854,
    "C1090": 0.044186,
    "C11037": 0.025817,
    "C11126": 0.130234,
    "C11150": 0.002009,
    "C11231": 0.003943,
    "C12360": 0.059522,
    "C13420": 0.076262,
    "C13439": 0.032765,
    "C13501": 0.048828,
    "C13528": 0.0,
    "C13587": 0.096843,
    "C13595": 0.09397,
    "C13641": 0.088222,
    "C13781": 0.165293,
    "C13889": 0.028272,
    "C13943": 0.037533,
    "C14044": 0.124119,
    "C14176": 0.119731,
    "C14257": 0.113116,
    "C14311": 0.031529,
    "C14370": 0.123929,
    "C14443": 0.0748,
    "C14550": 0.160825,
    "C14885": 0.163853,
    "C15024": 0.089685,
    "C15172": 7.4e-05,
    "C15199": 0.070439,
    "C15210": 0.137452,
    "C1538": 0.061655,
    "C15407": 0.092057,
    "C15997": 0.070755,
    "C16373": 0.102177,
    "C16799": 0.071622,
    "C1716": 0.124289,
    "C1767": 0.048994,
    "C17884": 0.700566,
    "C18163": 0.038803,
    "C18309": 0.123421,
    "C18380": 0.032215,
    "C18686": 0.013269,
    "C18791": 0.024871,
    "C19119": 0.348086,
    "C19780": 0.123186,
    "C2003": 0.076921,
    "C20430": 0.022386,
    "C20800": 0.0,
    "C21172": 0.104716,
    "C2143": 0.013434,
    "C2208": 0.008986,
    "C22390": 0.0,
    "C2259": 0.051281,
    "C23574": 0.089772,
    "C23663": 0.0,
    "C23876": 0.082492,
    "C25275": 0.090136,
    "C25755": 0.034033,
    "C26077": 0.045941,
    "C26808": 0.032144,
    "C26905": 0.00859,
    "C27022": 0.0745,
    "C27065": 0.129334,
    "C27499": 0.066506,
    "C27766": 0.073343,
    "C29297": 0.1289,
    "C29378": 0.00035,
    "C29440": 0.038895,
    "C31062": 0.051048,
    "C3131": 0.085044,