{
  "arch": "gru_baseline",
  "lob": "private_passenger_auto",
  "config_idx": 93,
  "dropout_rate": 0.01124,
  "learning_rate": 0.00076,
  "batch_size": 256,
  "max_epochs": 1000,
  "gru_units": 128,
  "dense_units": 64,
  "mape": 0.0268216209457994,
  "rmspe": 0.08095862849916492,
  "n_companies": 122,
  "n_filtered": 3,
  "mape_std": 0.05850959722408984,
  "mape_p25": 0.01129738942047106,
  "mape_p75": 0.028794877591701698,
  "training_time": 34.31,
  "epochs_trained": 201,
  "best_val_loss": 0.006450335478543171,
  "train_loss_curve": [
    0.040626,
    0.038614,
    0.037883,
    0.038292,
    0.037214,
    0.037003,
    0.036519,
    0.036315,
    0.037478,
    0.035812,
    0.035258,
    0.035129,
    0.035515,
    0.034843,
    0.034366,
    0.035242,
    0.034184,
    0.033885,
    0.033675,
    0.033813,
    0.033639,
    0.03363,
    0.033087,
    0.033006,
    0.03247,
    0.032461,
    0.03187,
    0.031516,
    0.031899,
    0.03176,
    0.032566,
    0.031259,
    0.03093,
    0.030426,
    0.029618,
    0.029799,
    0.029483,
    0.029138,
    0.030487,
    0.029156,
    0.029461,
    0.028205,
    0.027256,
    0.027945,
    0.028252,
    0.027558,
    0.027294,
    0.027122,
    0.026559,
    0.026273,
    0.026523,
    0.025377,
    0.024275,
    0.024625,
    0.024544,
    0.024774,
    0.024136,
    0.023876,
    0.023699,
    0.023864,
    0.023082,
    0.022988,
    0.021441,
    0.022038,
    0.021057,
    0.020138,
    0.021806,
    0.020823,
    0.019946,
    0.019816,
    0.019644,
    0.018601,
    0.025999,
    0.019328,
    0.018044,
    0.017883,
    0.016435,
    0.016642,
    0.016699,
    0.015788,
    0.016787,
    0.015709,
    0.015181,
    0.015418,
    0.01558,
    0.016637,
    0.020406,
    0.016063,
    0.015186,
    0.015199,
    0.015319,
    0.01471,
    0.014078,
    0.01435,
    0.013888,
    0.014232,
    0.014518,
    0.013978,
    0.013768,
    0.013614,
    0.013293,
    0.013561,
    0.013523,
    0.013537,
    0.013202,
    0.013459,
    0.013218,
    0.013088,
    0.013136,
    0.013159,
    0.013169,
    0.013204,
    0.013318,
    0.012879,
    0.012757,
    0.012962,
    0.012654,
    0.012764,
    0.012911,
    0.012942,
    0.019612,
    0.012595,
    0.012821,
    0.017635,
    0.013865,
    0.012905,
    0.012754,
    0.013121,
    0.012834,
    0.012849,
    0.012678,
    0.012745,
    0.012696,
    0.01251,
    0.012515,
    0.012712,
    0.012767,
    0.012556,
    0.012491,
    0.012736,
    0.0126,
    0.012574,
    0.012656,
    0.012465,
    0.012565,
    0.012605,
    0.012531,
    0.012481,
    0.012482,
    0.012488,
    0.012565,
    0.012503,
    0.028786,
    0.012453,
    0.012534,
    0.012481,
    0.012467,
    0.012399,
    0.019303,
    0.012463,
    0.012418,
    0.012512,
    0.012438,
    0.012435,
    0.01244,
    0.01238,
    0.012476,
    0.012383,
    0.012465,
    0.012433,
    0.02045,
    0.012406,
    0.012311,
    0.01235,
    0.020243,
    0.012868,
    0.012921,
    0.019648,
    0.012636,
    0.01285,
    0.012681,
    0.012546,
    0.012552,
    0.012409,
    0.012625,
    0.012663,
    0.012412,
    0.028807,
    0.012491,
    0.012442,
    0.012324,
    0.012417,
    0.012437,
    0.012294,
    0.012567,
    0.012394,
    0.012615,
    0.012702,
    0.012354,
    0.012418,
    0.012305
  ],
  "val_loss_curve": [
    0.006821,
    0.007032,
    0.006775,
    0.006832,
    0.006838,
    0.006927,
    0.006788,
    0.006593,
    0.006686,
    0.006675,
    0.006689,
    0.006488,
    0.00671,
    0.006728,
    0.006527,
    0.006465,
    0.006694,
    0.006491,
    0.006706,
    0.006712,
    0.006541,
    0.00645,
    0.006677,
    0.006542,
    0.006452,
    0.006584,
    0.006499,
    0.006665,
    0.006579,
    0.006837,
    0.006664,
    0.006683,
    0.006624,
    0.00702,
    0.006689,
    0.006689,
    0.006685,
    0.006967,
    0.006851,
    0.007164,
    0.00694,
    0.006664,
    0.006837,
    0.006972,
    0.006743,
    0.007264,
    0.006898,
    0.007016,
    0.007162,
    0.006786,
    0.006999,
    0.006821,
    0.006736,
    0.006687,
    0.007071,
    0.006953,
    0.007041,
    0.007084,
    0.006898,
    0.007021,
    0.006991,
    0.00702,
    0.007145,
    0.007693,
    0.007049,
    0.00747,
    0.00709,
    0.00688,
    0.006922,
    0.006933,
    0.006911,
    0.006916,
    0.006875,
    0.006892,
    0.007058,
    0.006986,
    0.006965,
    0.006999,
    0.007035,
    0.006924,
    0.006946,
    0.006992,
    0.007006,
    0.006939,
    0.006989,
    0.00698,
    0.006936,
    0.007016,
    0.006993,
    0.006972,
    0.006937,
    0.006989,
    0.006957,
    0.006912,
    0.007009,
    0.006974,
    0.007055,
    0.007027,
    0.00705,
    0.007051,
    0.00702,
    0.007032,
    0.007099,
    0.007004,
    0.006956,
    0.00702,
    0.006951,
    0.007024,
    0.007034,
    0.007002,
    0.007031,
    0.006977,
    0.007039,
    0.007085,
    0.007097,
    0.00714,
    0.006888,
    0.007037,
    0.00715,
    0.007149,
    0.00705,
    0.007142,
    0.007095,
    0.007162,
    0.007048,
    0.007111,
    0.007137,
    0.007135,
    0.007142,
    0.007196,
    0.007197,
    0.007203,
    0.007169,
    0.007215,
    0.007237,
    0.007264,
    0.007192,
    0.00722,
    0.007294,
    0.007231,
    0.007215,
    0.007245,
    0.007228,
    0.007239,
    0.00719,
    0.007208,
    0.007229,
    0.007237,
    0.00724,
    0.007256,
    0.007236,
    0.007259,
    0.007178,
    0.007236,
    0.007244,
    0.007228,
    0.007175,
    0.007232,
    0.007219,
    0.007255,
    0.007205,
    0.007266,
    0.007241,
    0.007231,
    0.007174,
    0.007244,
    0.007263,
    0.007281,
    0.007252,
    0.007217,
    0.007322,
    0.007241,
    0.00723,
    0.007249,
    0.007235,
    0.007277,
    0.007242,
    0.007203,
    0.007226,
    0.007272,
    0.007242,
    0.007233,
    0.007243,
    0.00726,
    0.00724,
    0.007231,
    0.007306,
    0.007298,
    0.007311,
    0.007337,
    0.007256,
    0.007312,
    0.007262,
    0.007283,
    0.007363,
    0.00729,
    0.00728,
    0.007226,
    0.00725,
    0.007286,
    0.007289
  ],
  "per_company_mape": {
    "C10007": 0.025743,
    "C10019": 0.058927,
    "C10022": 0.031197,
    "C10204": 0.012249,
    "C10308": 0.033266,
    "C10336": 0.007156,
    "C1066": 0.033605,
    "C10783": 0.008867,
    "C10790": 0.034146,
    "C1090": 0.009389,
    "C11037": 0.025853,
    "C11126": 0.030294,
    "C11150": 0.0,
    "C11231": 0.13379,
    "C12360": 0.00948,
    "C13420": 0.027473,
    "C13439": 0.017948,
    "C13501": 0.017681,
    "C13528": 0.022489,
    "C13587": 0.033727,
    "C13595": 0.00935,
    "C13641": 0.014467,
    "C13781": 0.039774,
    "C13889": 0.02145,
    "C13943": 0.020551,
    "C14044": 0.043052,
    "C14176": 0.020656,
    "C14257": 0.013128,
    "C14311": 0.040061,
    "C14370": 0.047869,
    "C14443": 0.028042,
    "C14550": 0.033073,
    "C14885": 0.008257,
    "C15024": 0.015013,
    "C15172": 0.015351,
    "C15199": 0.016987,
    "C15210": 0.03439,
    "C1538": 0.014684,
    "C15407": 0.022393,
    "C15997": 0.014492,
    "C16373": 0.013922,
    "C16799": 0.011829,
    "C1716": 0.012979,
    "C1767": 0.013488,
    "C17884": 0.639509,
    "C18163": 0.00363,
    "C18309": 0.01099,
    "C18380": 0.005174,
    "C18686": 0.032204,
    "C18791": 0.023429,
    "C19119": 0.0037,
    "C19780": 0.058235,
    "C2003": 0.018412,
    "C20430": 0.011528,
    "C20800": 0.005368,
    "C21172": 0.037818,
    "C2143": 0.010358,
    "C2208": 0.018037,
    "C22390": 0.020555,
    "C2259": 0.010458,
    "C23574": 0.016573,
    "C23663": 0.0,
    "C23876": 0.01122,
    "C25275": 0.020745,
    "C25755": 0.010215,
    "C26077": 0.02375,
    "C26808": 0.018836,
    "C26905": 0.01363,
    "C27022": 0.02549,
    "C27065": 0.034326,
    "C27499": 0.026995,
    "C27766": 0.029637,
    "C29297": 0.004059,
    "C29378": 0.022491,
    "C29440": 0.007608,
    "C31062": 0.041388,