{
  "arch": "gru_baseline",
  "lob": "private_passenger_auto",
  "config_idx": 15,
  "dropout_rate": 0.07323,
  "learning_rate": 0.0005177,
  "batch_size": 512,
  "max_epochs": 500,
  "gru_units": 256,
  "dense_units": 128,
  "mape": 0.07719284437861414,
  "rmspe": 0.1271217045279545,
  "n_companies": 121,
  "n_filtered": 8,
  "mape_std": 0.07646267300914014,
  "mape_p25": 0.04533398783369862,
  "mape_p75": 0.08102962940723309,
  "training_time": 22.26,
  "epochs_trained": 201,
  "best_val_loss": 0.006092568688472966,
  "train_loss_curve": [
    0.040553,
    0.038665,
    0.038504,
    0.037439,
    0.037224,
    0.037327,
    0.037716,
    0.036619,
    0.035905,
    0.035528,
    0.035494,
    0.034843,
    0.034549,
    0.03349,
    0.033118,
    0.03294,
    0.032468,
    0.033039,
    0.032384,
    0.033495,
    0.031854,
    0.030773,
    0.030665,
    0.03119,
    0.035044,
    0.029984,
    0.029395,
    0.028583,
    0.028815,
    0.027814,
    0.027955,
    0.027149,
    0.027055,
    0.029733,
    0.02621,
    0.02683,
    0.025545,
    0.025624,
    0.027237,
    0.02865,
    0.028101,
    0.025643,
    0.025122,
    0.024963,
    0.028457,
    0.026259,
    0.024167,
    0.026025,
    0.024424,
    0.02516,
    0.028256,
    0.023501,
    0.030377,
    0.023212,
    0.02327,
    0.023383,
    0.022302,
    0.022827,
    0.030023,
    0.022344,
    0.021254,
    0.029373,
    0.029142,
    0.022258,
    0.022917,
    0.023075,
    0.022281,
    0.021773,
    0.022321,
    0.021112,
    0.021413,
    0.021466,
    0.029383,
    0.021578,
    0.021322,
    0.019943,
    0.02101,
    0.021947,
    0.0211,
    0.024175,
    0.020667,
    0.020317,
    0.021638,
    0.021186,
    0.02041,
    0.027077,
    0.020632,
    0.021712,
    0.019501,
    0.02851,
    0.020409,
    0.020565,
    0.019837,
    0.019857,
    0.019246,
    0.021812,
    0.022524,
    0.019665,
    0.0219,
    0.019033,
    0.018728,
    0.019282,
    0.018707,
    0.018385,
    0.018732,
    0.017458,
    0.026294,
    0.01885,
    0.02082,
    0.015909,
    0.036535,
    0.028031,
    0.020451,
    0.026492,
    0.017738,
    0.018036,
    0.0184,
    0.017053,
    0.018244,
    0.017275,
    0.017315,
    0.017504,
    0.017058,
    0.016244,
    0.017505,
    0.015893,
    0.020865,
    0.017073,
    0.016654,
    0.016698,
    0.017727,
    0.0174,
    0.016478,
    0.017187,
    0.017053,
    0.016551,
    0.028142,
    0.01691,
    0.016779,
    0.016929,
    0.015924,
    0.015635,
    0.016538,
    0.016237,
    0.015618,
    0.024113,
    0.017919,
    0.01512,
    0.015802,
    0.015983,
    0.016213,
    0.016736,
    0.016651,
    0.015349,
    0.016283,
    0.023796,
    0.015684,
    0.016081,
    0.017762,
    0.016841,
    0.014799,
    0.015759,
    0.015565,
    0.012835,
    0.014775,
    0.015196,
    0.01618,
    0.032703,
    0.014914,
    0.015442,
    0.016317,
    0.019487,
    0.015613,
    0.015647,
    0.027767,
    0.016073,
    0.015096,
    0.015775,
    0.01457,
    0.016343,
    0.014536,
    0.014763,
    0.016258,
    0.014457,
    0.014019,
    0.027092,
    0.023121,
    0.015054,
    0.014855,
    0.026904,
    0.03458,
    0.014147,
    0.023365,
    0.017858,
    0.022859,
    0.016599,
    0.014016,
    0.018062,
    0.018812,
    0.015518,
    0.014045
  ],
  "val_loss_curve": [
    0.006388,
    0.006455,
    0.006121,
    0.006102,
    0.006093,
    0.006397,
    0.006185,
    0.006818,
    0.006922,
    0.007291,
    0.008562,
    0.011281,
    0.008747,
    0.011099,
    0.014107,
    0.015618,
    0.018903,
    0.016702,
    0.024172,
    0.020225,
    0.025761,
    0.027012,
    0.02374,
    0.028117,
    0.03166,
    0.028237,
    0.037132,
    0.041081,
    0.047769,
    0.059599,
    0.061232,
    0.06553,
    0.062527,
    0.058151,
    0.060715,
    0.061742,
    0.072129,
    0.094677,
    0.078487,
    0.058279,
    0.070795,
    0.070272,
    0.071274,
    0.07725,
    0.054267,
    0.050865,
    0.071257,
    0.088795,
    0.093842,
    0.116703,
    0.081241,
    0.075767,
    0.07674,
    0.076945,
    0.101763,
    0.096701,
    0.100173,
    0.101611,
    0.103222,
    0.103035,
    0.101968,
    0.101878,
    0.098895,
    0.096831,
    0.096311,
    0.094468,
    0.10031,
    0.100262,
    0.099793,
    0.104672,
    0.111449,
    0.108299,
    0.104147,
    0.097967,
    0.100864,
    0.097161,
    0.094919,
    0.095348,
    0.102091,
    0.081425,
    0.06778,
    0.067714,
    0.075153,
    0.086307,
    0.087298,
    0.086133,
    0.085956,
    0.08298,
    0.08461,
    0.084172,
    0.096031,
    0.094498,
    0.089716,
    0.086597,
    0.083245,
    0.092216,
    0.065086,
    0.059612,
    0.060913,
    0.073734,
    0.076214,
    0.080582,
    0.079053,
    0.076071,
    0.08102,
    0.086389,
    0.08631,
    0.087872,
    0.086574,
    0.085834,
    0.085527,
    0.086093,
    0.077508,
    0.076485,
    0.079906,
    0.080076,
    0.082788,
    0.082074,
    0.081386,
    0.081309,
    0.082786,
    0.08323,
    0.087072,
    0.090367,
    0.090568,
    0.091977,
    0.09229,
    0.090429,
    0.08986,
    0.088219,
    0.090586,
    0.093772,
    0.0947,
    0.095101,
    0.096001,
    0.09542,
    0.095585,
    0.10266,
    0.106144,
    0.095765,
    0.092731,
    0.091157,
    0.088616,
    0.085736,
    0.083596,
    0.081011,
    0.069938,
    0.068822,
    0.068358,
    0.068886,
    0.071718,
    0.074746,
    0.079576,
    0.082427,
    0.083127,
    0.08285,
    0.081828,
    0.081576,
    0.082269,
    0.083085,
    0.081842,
    0.081223,
    0.079953,
    0.078888,
    0.080086,
    0.079915,
    0.081326,
    0.075149,
    0.07097,
    0.069021,
    0.06872,
    0.069363,
    0.069898,
    0.070355,
    0.073353,
    0.074913,
    0.075051,
    0.074746,
    0.074443,
    0.074958,
    0.076012,
    0.077288,
    0.078462,
    0.080721,
    0.080967,
    0.080066,
    0.079152,
    0.077918,
    0.076155,
    0.076011,
    0.074678,
    0.07408,
    0.074559,
    0.074368,
    0.075707,
    0.075735,
    0.075304,
    0.072511,
    0.076239,
    0.077311,
    0.076796
  ],
  "per_company_mape": {
    "C10007": 0.118757,
    "C10019": 0.078708,
    "C10022": 0.028395,
    "C10204": 0.037055,
    "C10308": 0.035326,
    "C10336": 0.048214,
    "C1066": 0.055924,
    "C10783": 0.036049,
    "C10790": 0.052364,
    "C1090": 0.072699,
    "C11037": 0.036775,
    "C11126": 0.026541,
    "C11150": 0.005864,
    "C11231": 0.51541,
    "C12360": 0.070039,
    "C13420": 0.047184,
    "C13439": 0.06148,
    "C13501": 0.087218,
    "C13528": 0.092176,
    "C13587": 0.067174,
    "C13595": 0.07141,
    "C13641": 0.052263,
    "C13781": 0.106123,
    "C13889": 0.053938,
    "C13943": 0.064112,
    "C14044": 0.069685,
    "C14176": 0.02658,
    "C14257": 0.039211,
    "C14311": 0.110316,
    "C14370": 0.133893,
    "C14443": 0.052752,
    "C14550": 0.080632,
    "C14885": 0.219663,
    "C15024": 0.045397,
    "C15172": 0.090898,
    "C15199": 0.034238,
    "C15210": 0.112219,
    "C1538": 0.042651,
    "C15407": 0.072312,
    "C15997": 0.039058,
    "C16373": 0.090853,
    "C16799": 0.069117,
    "C1716": 0.145682,
    "C1767": 0.036684,
    "C17884": 0.645666,
    "C18163": 0.072928,
    "C18309": 0.02342,
    "C18380": 0.054193,
    "C18686": 0.075681,
    "C18791": 0.059522,
    "C19119": 0.206248,
    "C19780": 0.103867,
    "C2003": 0.08288,
    "C20430": 0.072831,
    "C20800": 0.078896,
    "C21172": 0.072043,
    "C2143": 0.06607,
    "C2208": 0.040576,
    "C22390": 0.024214,
    "C2259": 0.087713,
    "C23574": 0.082844,
    "C23663": 0.0,
    "C23876": 0.045334,
    "C25275": 0.070624,
    "C25755": 0.064348,
    "C26077": 0.056934,
    "C26808": 0.071851,
    "C26905": 0.038715,
    "C27022": 0.041843,
    "C27065": 0.08222,
    "C27499": 0.075672,
    "C27766": 0.08103,
    "C29297": 0.076217,
    "C29378": 0.012009,
    "C29440": 0.032721,
    "C31062": 0.046298,