{
  "arch": "gru_baseline",
  "lob": "private_passenger_auto",
  "config_idx": 98,
  "dropout_rate": 0.03277,
  "learning_rate": 0.0011658,
  "batch_size": 1024,
  "max_epochs": 500,
  "gru_units": 256,
  "dense_units": 32,
  "mape": 0.09428194383854119,
  "rmspe": 0.6107002685244448,
  "n_companies": 121,
  "n_filtered": 7,
  "mape_std": 0.42524544000673375,
  "mape_p25": 0.03223619743454267,
  "mape_p75": 0.0574505724757858,
  "training_time": 20.02,
  "epochs_trained": 201,
  "best_val_loss": 0.006175126472953707,
  "train_loss_curve": [
    0.038366,
    0.036111,
    0.0364,
    0.050127,
    0.034894,
    0.034159,
    0.034119,
    0.033502,
    0.033106,
    0.033448,
    0.032363,
    0.032372,
    0.033159,
    0.031582,
    0.031172,
    0.055724,
    0.030673,
    0.029656,
    0.031231,
    0.028329,
    0.049289,
    0.030204,
    0.030358,
    0.027243,
    0.026621,
    0.033179,
    0.02553,
    0.025319,
    0.024211,
    0.023728,
    0.023853,
    0.024407,
    0.023262,
    0.023728,
    0.040105,
    0.022959,
    0.023203,
    0.034047,
    0.023569,
    0.021921,
    0.021447,
    0.021945,
    0.025231,
    0.02203,
    0.021315,
    0.020551,
    0.020449,
    0.027557,
    0.026652,
    0.020553,
    0.0196,
    0.02032,
    0.018894,
    0.019963,
    0.019256,
    0.017946,
    0.018173,
    0.020802,
    0.019052,
    0.023926,
    0.018335,
    0.017824,
    0.018777,
    0.017716,
    0.017437,
    0.019256,
    0.026372,
    0.017594,
    0.01861,
    0.01812,
    0.017656,
    0.018254,
    0.01706,
    0.015606,
    0.02179,
    0.016745,
    0.03694,
    0.015636,
    0.018477,
    0.015835,
    0.017888,
    0.016438,
    0.016824,
    0.014616,
    0.015857,
    0.01703,
    0.01567,
    0.016615,
    0.016467,
    0.01444,
    0.014444,
    0.018867,
    0.015117,
    0.01494,
    0.013287,
    0.019517,
    0.01432,
    0.014205,
    0.014457,
    0.013853,
    0.015236,
    0.014106,
    0.012256,
    0.011989,
    0.015015,
    0.013512,
    0.023027,
    0.022581,
    0.01321,
    0.013769,
    0.018952,
    0.012402,
    0.012273,
    0.022944,
    0.013257,
    0.018885,
    0.017226,
    0.011233,
    0.016062,
    0.014363,
    0.010965,
    0.011435,
    0.014132,
    0.016753,
    0.010514,
    0.011983,
    0.0129,
    0.010604,
    0.017324,
    0.011539,
    0.010121,
    0.01269,
    0.009461,
    0.011322,
    0.010272,
    0.011093,
    0.010068,
    0.009138,
    0.009761,
    0.008918,
    0.008689,
    0.010321,
    0.008301,
    0.010666,
    0.008402,
    0.009941,
    0.007942,
    0.009607,
    0.00933,
    0.01116,
    0.01127,
    0.008927,
    0.00826,
    0.007977,
    0.007638,
    0.008342,
    0.007823,
    0.013176,
    0.007635,
    0.008041,
    0.008094,
    0.00793,
    0.007599,
    0.006793,
    0.008376,
    0.009136,
    0.008065,
    0.007071,
    0.00715,
    0.008499,
    0.006699,
    0.00621,
    0.008171,
    0.006948,
    0.0128,
    0.007523,
    0.006634,
    0.007614,
    0.00853,
    0.008425,
    0.006558,
    0.008612,
    0.008007,
    0.007532,
    0.007001,
    0.007235,
    0.0058,
    0.007154,
    0.020974,
    0.007118,
    0.007521,
    0.008649,
    0.006962,
    0.006347,
    0.006046,
    0.00703,
    0.006127,
    0.006691,
    0.006584,
    0.020369,
    0.005953
  ],
  "val_loss_curve": [
    0.006446,
    0.006175,
    0.006528,
    0.006258,
    0.00627,
    0.0065,
    0.006732,
    0.007169,
    0.009318,
    0.011725,
    0.011344,
    0.010509,
    0.010049,
    0.013273,
    0.020449,
    0.017819,
    0.014331,
    0.018874,
    0.026021,
    0.025971,
    0.027055,
    0.033563,
    0.048977,
    0.048784,
    0.051116,
    0.066545,
    0.069391,
    0.080071,
    0.102883,
    0.121329,
    0.163261,
    0.137426,
    0.150505,
    0.158199,
    0.145928,
    0.134879,
    0.1321,
    0.161465,
    0.172982,
    0.168009,
    0.171487,
    0.145678,
    0.094117,
    0.068497,
    0.080976,
    0.111524,
    0.145944,
    0.140447,
    0.122217,
    0.110193,
    0.106764,
    0.094798,
    0.101641,
    0.10389,
    0.102499,
    0.096154,
    0.095693,
    0.082223,
    0.076343,
    0.087276,
    0.100611,
    0.108422,
    0.108371,
    0.110271,
    0.108823,
    0.098299,
    0.090548,
    0.095686,
    0.099203,
    0.103295,
    0.107148,
    0.119161,
    0.113321,
    0.091041,
    0.085308,
    0.082572,
    0.080636,
    0.080846,
    0.08045,
    0.086453,
    0.08699,
    0.081512,
    0.081524,
    0.084597,
    0.09588,
    0.09862,
    0.091084,
    0.090743,
    0.093579,
    0.091357,
    0.088797,
    0.08486,
    0.084236,
    0.085835,
    0.086746,
    0.084961,
    0.085326,
    0.089595,
    0.091613,
    0.085148,
    0.080889,
    0.083855,
    0.092868,
    0.094835,
    0.095632,
    0.093259,
    0.090262,
    0.091141,
    0.095466,
    0.095783,
    0.093892,
    0.0896,
    0.087779,
    0.087315,
    0.086564,
    0.085442,
    0.085179,
    0.085471,
    0.087888,
    0.093367,
    0.092466,
    0.090254,
    0.089072,
    0.085661,
    0.082886,
    0.083219,
    0.08272,
    0.083454,
    0.09298,
    0.096216,
    0.091699,
    0.085957,
    0.081332,
    0.081176,
    0.080702,
    0.081973,
    0.080453,
    0.08052,
    0.082463,
    0.089042,
    0.0912,
    0.087658,
    0.082637,
    0.079566,
    0.077695,
    0.077265,
    0.078547,
    0.080194,
    0.087787,
    0.092026,
    0.093243,
    0.093483,
    0.088148,
    0.084727,
    0.082248,
    0.081283,
    0.080765,
    0.083113,
    0.08416,
    0.082296,
    0.080965,
    0.079194,
    0.080489,
    0.082107,
    0.08243,
    0.081842,
    0.081872,
    0.082208,
    0.082295,
    0.083567,
    0.083858,
    0.083732,
    0.08265,
    0.081186,
    0.081792,
    0.082063,
    0.083049,
    0.084897,
    0.087974,
    0.089033,
    0.086012,
    0.082945,
    0.080487,
    0.077926,
    0.078499,
    0.081604,
    0.083519,
    0.082796,
    0.081483,
    0.080236,
    0.080863,
    0.082796,
    0.082322,
    0.081768,
    0.082739,
    0.08261,
    0.082723,
    0.082325,
    0.081789,
    0.081473,
    0.081283
  ],
  "per_company_mape": {
    "C10007": 0.013823,
    "C10019": 0.058927,
    "C10022": 0.035408,
    "C10204": 0.043514,
    "C10308": 0.088724,
    "C10336": 0.06962,
    "C1066": 0.047209,
    "C10783": 0.023707,
    "C10790": 0.032641,
    "C1090": 0.053755,
    "C11037": 0.084564,
    "C11126": 0.054506,
    "C11150": 4.670247,
    "C11231": 0.370997,
    "C12360": 0.043448,
    "C13420": 0.037283,
    "C13439": 0.017944,
    "C13501": 0.043126,
    "C13528": 0.040581,
    "C13587": 0.043228,
    "C13595": 0.012929,
    "C13641": 0.034436,
    "C13781": 0.057451,
    "C13889": 0.047174,
    "C13943": 0.080792,
    "C14044": 0.072244,
    "C14176": 0.054234,
    "C14257": 0.0472,
    "C14311": 0.047369,
    "C14370": 0.209445,
    "C14443": 0.048085,
    "C14550": 0.063336,
    "C14885": 0.098625,
    "C15024": 0.048602,
    "C15172": 0.04586,
    "C15199": 0.050301,
    "C15210": 0.037684,
    "C1538": 0.043416,
    "C15407": 0.041287,
    "C15997": 0.021597,
    "C16373": 0.062747,
    "C16799": 0.020951,
    "C1716": 0.054086,
    "C1767": 0.032236,
    "C17884": 0.644881,
    "C18163": 0.039869,
    "C18309": 0.018011,
    "C18380": 0.017946,
    "C18686": 0.030612,
    "C18791": 0.046655,
    "C19119": 0.055149,
    "C19780": 0.060309,
    "C2003": 0.045587,
    "C20430": 0.050718,
    "C20800": 0.0,
    "C21172": 0.103016,
    "C2143": 0.046641,
    "C2208": 0.034673,
    "C22390": 0.014363,
    "C2259": 0.07514,
    "C23574": 0.021306,
    "C23663": 0.0,
    "C23876": 0.027765,
    "C25275": 0.042544,
    "C25755": 0.011478,
    "C26077": 0.045779,
    "C26808": 0.024157,
    "C26905": 0.034443,
    "C27022": 0.023088,
    "C27065": 0.033447,
    "C27499": 0.024133,
    "C27766": 0.047199,
    "C29297": 0.075748,
    "C29378": 0.021939,
    "C29440": 0.035844,
    "C31062": 0.04723,
    "C3131": 0.073447,