{
  "arch": "gru_baseline",
  "lob": "private_passenger_auto",
  "config_idx": 37,
  "dropout_rate": 0.01022,
  "learning_rate": 0.0013428,
  "batch_size": 256,
  "max_epochs": 500,
  "gru_units": 64,
  "dense_units": 64,
  "mape": 0.043435485192032205,
  "rmspe": 0.3081202376595803,
  "n_companies": 122,
  "n_filtered": 2,
  "mape_std": 0.21615673085766732,
  "mape_p25": 0.0076103827085265315,
  "mape_p75": 0.02808739031201798,
  "training_time": 34.73,
  "epochs_trained": 201,
  "best_val_loss": 0.006718741023048226,
  "train_loss_curve": [
    0.04082,
    0.038053,
    0.037561,
    0.036859,
    0.036405,
    0.036134,
    0.035379,
    0.034563,
    0.033851,
    0.032822,
    0.03223,
    0.031429,
    0.030231,
    0.029417,
    0.028586,
    0.027669,
    0.026841,
    0.026409,
    0.025952,
    0.024392,
    0.024384,
    0.023374,
    0.02319,
    0.022549,
    0.023717,
    0.023342,
    0.024136,
    0.021596,
    0.020762,
    0.021132,
    0.02081,
    0.019796,
    0.018858,
    0.019584,
    0.018555,
    0.017757,
    0.018318,
    0.018533,
    0.017916,
    0.01493,
    0.017649,
    0.016355,
    0.016522,
    0.015249,
    0.014832,
    0.014031,
    0.013549,
    0.013641,
    0.013725,
    0.012749,
    0.012806,
    0.025163,
    0.011339,
    0.010061,
    0.010091,
    0.009714,
    0.009677,
    0.009561,
    0.009151,
    0.008467,
    0.008578,
    0.007711,
    0.008094,
    0.009613,
    0.009004,
    0.015074,
    0.00778,
    0.007802,
    0.007629,
    0.006721,
    0.006912,
    0.006966,
    0.022262,
    0.006933,
    0.006718,
    0.006276,
    0.006092,
    0.006288,
    0.006439,
    0.005746,
    0.005935,
    0.005913,
    0.005927,
    0.005446,
    0.005398,
    0.005746,
    0.005378,
    0.005311,
    0.005309,
    0.005443,
    0.005362,
    0.005344,
    0.005186,
    0.00513,
    0.005005,
    0.005212,
    0.005879,
    0.005419,
    0.005744,
    0.005301,
    0.004979,
    0.004975,
    0.005273,
    0.005014,
    0.004933,
    0.004951,
    0.004942,
    0.004817,
    0.004884,
    0.004837,
    0.00495,
    0.004879,
    0.004858,
    0.00487,
    0.00493,
    0.004887,
    0.004986,
    0.00481,
    0.004937,
    0.00486,
    0.004817,
    0.004858,
    0.005202,
    0.004947,
    0.005282,
    0.004962,
    0.004907,
    0.021267,
    0.00483,
    0.00491,
    0.005396,
    0.005141,
    0.004998,
    0.005049,
    0.004858,
    0.004834,
    0.00489,
    0.004868,
    0.005243,
    0.005065,
    0.00484,
    0.005085,
    0.004812,
    0.004828,
    0.004892,
    0.004864,
    0.004845,
    0.004807,
    0.004925,
    0.004802,
    0.004822,
    0.004988,
    0.004825,
    0.01171,
    0.004827,
    0.004864,
    0.004766,
    0.004971,
    0.005822,
    0.004836,
    0.004864,
    0.004957,
    0.004871,
    0.004987,
    0.004838,
    0.004971,
    0.004857,
    0.004924,
    0.004761,
    0.004794,
    0.004776,
    0.004778,
    0.00477,
    0.01263,
    0.004811,
    0.0049,
    0.004739,
    0.00476,
    0.0118,
    0.004846,
    0.004836,
    0.004947,
    0.004831,
    0.004883,
    0.005078,
    0.005024,
    0.004826,
    0.004795,
    0.004918,
    0.004789,
    0.00489,
    0.004903,
    0.004809,
    0.004775,
    0.004799,
    0.004775,
    0.004738,
    0.011737,
    0.004841,
    0.004835,
    0.004934
  ],
  "val_loss_curve": [
    0.006719,
    0.006914,
    0.006903,
    0.007067,
    0.007235,
    0.007304,
    0.008286,
    0.008864,
    0.012989,
    0.011061,
    0.016126,
    0.022448,
    0.029124,
    0.031524,
    0.03934,
    0.054932,
    0.049592,
    0.041595,
    0.087543,
    0.076959,
    0.076594,
    0.085325,
    0.079488,
    0.082493,
    0.070625,
    0.073997,
    0.070093,
    0.071844,
    0.072119,
    0.079594,
    0.069162,
    0.066533,
    0.06513,
    0.063735,
    0.063778,
    0.061342,
    0.065033,
    0.06466,
    0.047462,
    0.061049,
    0.049793,
    0.046071,
    0.046601,
    0.037469,
    0.032626,
    0.034896,
    0.037361,
    0.031989,
    0.047851,
    0.030602,
    0.033982,
    0.029081,
    0.030351,
    0.029656,
    0.029688,
    0.029185,
    0.02766,
    0.025492,
    0.026815,
    0.027454,
    0.02511,
    0.021403,
    0.019028,
    0.021261,
    0.017315,
    0.019012,
    0.018392,
    0.013806,
    0.016711,
    0.015936,
    0.016642,
    0.013893,
    0.017161,
    0.019117,
    0.018015,
    0.012357,
    0.013341,
    0.01225,
    0.011381,
    0.009427,
    0.010774,
    0.010379,
    0.009646,
    0.010185,
    0.009251,
    0.009359,
    0.008844,
    0.010766,
    0.008142,
    0.009136,
    0.008234,
    0.009059,
    0.010074,
    0.007909,
    0.007779,
    0.011677,
    0.008593,
    0.007898,
    0.008296,
    0.008424,
    0.008792,
    0.0085,
    0.008274,
    0.008252,
    0.008036,
    0.008276,
    0.008883,
    0.008549,
    0.008802,
    0.009875,
    0.008027,
    0.008215,
    0.008078,
    0.007896,
    0.008151,
    0.008941,
    0.008566,
    0.0076,
    0.007537,
    0.00761,
    0.007854,
    0.008594,
    0.008237,
    0.007792,
    0.008057,
    0.008568,
    0.007218,
    0.00785,
    0.007889,
    0.007513,
    0.007836,
    0.007965,
    0.008219,
    0.008685,
    0.008633,
    0.007911,
    0.007578,
    0.00749,
    0.009644,
    0.008252,
    0.007991,
    0.00776,
    0.007702,
    0.007579,
    0.00843,
    0.008286,
    0.007563,
    0.007673,
    0.007636,
    0.007736,
    0.007369,
    0.007758,
    0.007987,
    0.007408,
    0.007552,
    0.007624,
    0.0076,
    0.007942,
    0.008195,
    0.008145,
    0.007879,
    0.007854,
    0.007998,
    0.008193,
    0.007991,
    0.00791,
    0.008012,
    0.008026,
    0.008014,
    0.008056,
    0.008084,
    0.008057,
    0.008068,
    0.008099,
    0.008365,
    0.008531,
    0.00844,
    0.008381,
    0.008001,
    0.008271,
    0.008061,
    0.008129,
    0.00795,
    0.007915,
    0.007901,
    0.007942,
    0.007885,
    0.008076,
    0.008037,
    0.007959,
    0.007995,
    0.007964,
    0.007897,
    0.007948,
    0.007923,
    0.007901,
    0.007974,
    0.007992,
    0.008051,
    0.007959,
    0.007832
  ],
  "per_company_mape": {
    "C10007": 0.010799,
    "C10019": 0.060486,
    "C10022": 0.018566,
    "C10204": 0.012621,
    "C10308": 0.007969,
    "C10336": 0.012372,
    "C1066": 0.019639,
    "C10783": 0.004731,
    "C10790": 0.03067,
    "C1090": 0.005695,
    "C11037": 0.03165,
    "C11126": 0.04113,
    "C11150": 2.321058,
    "C11231": 0.093734,
    "C12360": 0.006832,
    "C13420": 0.028553,
    "C13439": 0.017431,
    "C13501": 0.014529,
    "C13528": 0.034073,
    "C13587": 0.032156,
    "C13595": 0.011162,
    "C13641": 0.00098,
    "C13781": 0.047791,
    "C13889": 0.011732,
    "C13943": 0.028282,
    "C14044": 0.038114,
    "C14176": 0.01102,
    "C14257": 0.03243,
    "C14311": 0.021502,
    "C14370": 0.088232,
    "C14443": 0.010464,
    "C14550": 0.033136,
    "C14885": 0.02975,
    "C15024": 0.008502,
    "C15172": 0.0133,
    "C15199": 0.006794,
    "C15210": 0.026414,
    "C1538": 0.007388,
    "C15407": 0.033377,
    "C15997": 0.028761,
    "C16373": 0.007024,
    "C16799": 0.001979,
    "C1716": 0.003918,
    "C1767": 0.026401,
    "C17884": 0.640781,
    "C18163": 0.020079,
    "C18309": 0.008223,
    "C18380": 0.00666,
    "C18686": 0.004408,
    "C18791": 0.020941,
    "C19119": 0.007339,
    "C19780": 0.04958,
    "C2003": 0.005582,
    "C20430": 0.003828,
    "C20800": 0.0,
    "C21172": 0.025289,
    "C2143": 0.008676,
    "C2208": 0.003886,
    "C22390": 0.039565,
    "C2259": 0.008156,
    "C23574": 0.019655,
    "C23663": 0.0,
    "C23876": 0.015468,
    "C25275": 0.011878,
    "C25755": 0.008771,
    "C26077": 0.024222,
    "C26808": 0.018409,
    "C26905": 0.024639,
    "C27022": 0.021809,
    "C27065": 0.02036,
    "C27499": 0.027505,
    "C27766": 0.013859,
    "C29297": 0.000726,
    "C29378": 0.030005,
    "C29440": 0.014811,
    "C31062": 0.026067,