{
  "arch": "gru_baseline",
  "lob": "private_passenger_auto",
  "config_idx": 13,
  "dropout_rate": 0.032,
  "learning_rate": 0.0002942,
  "batch_size": 1024,
  "max_epochs": 500,
  "gru_units": 128,
  "dense_units": 64,
  "mape": 0.0676190491635047,
  "rmspe": 0.15401195947475282,
  "n_companies": 121,
  "n_filtered": 6,
  "mape_std": 0.09921896102082559,
  "mape_p25": 0.010411871975413016,
  "mape_p75": 0.08873811120284543,
  "training_time": 17.55,
  "epochs_trained": 201,
  "best_val_loss": 0.0060644077602773905,
  "train_loss_curve": [
    0.039435,
    0.046316,
    0.038151,
    0.045321,
    0.03664,
    0.036472,
    0.036301,
    0.035981,
    0.035579,
    0.035404,
    0.035398,
    0.036009,
    0.035971,
    0.034884,
    0.034735,
    0.042474,
    0.035466,
    0.034698,
    0.034625,
    0.035004,
    0.034172,
    0.041266,
    0.034002,
    0.033812,
    0.041868,
    0.034147,
    0.033483,
    0.033884,
    0.033414,
    0.03328,
    0.032959,
    0.040069,
    0.03264,
    0.032773,
    0.039891,
    0.032521,
    0.032516,
    0.033029,
    0.033929,
    0.032488,
    0.032603,
    0.032619,
    0.031942,
    0.031831,
    0.032463,
    0.036921,
    0.031442,
    0.030871,
    0.038275,
    0.030891,
    0.030879,
    0.030506,
    0.030556,
    0.030527,
    0.035428,
    0.04462,
    0.030243,
    0.029539,
    0.0305,
    0.029358,
    0.02983,
    0.029272,
    0.029457,
    0.036532,
    0.032606,
    0.028144,
    0.028228,
    0.027991,
    0.02838,
    0.02829,
    0.028157,
    0.028071,
    0.027708,
    0.028066,
    0.027525,
    0.028315,
    0.027587,
    0.027317,
    0.028553,
    0.040988,
    0.027181,
    0.0277,
    0.027628,
    0.027174,
    0.026898,
    0.027186,
    0.027223,
    0.027163,
    0.031456,
    0.026292,
    0.026433,
    0.033286,
    0.026408,
    0.02612,
    0.025988,
    0.033471,
    0.033171,
    0.027398,
    0.026093,
    0.026482,
    0.025986,
    0.025589,
    0.03374,
    0.026003,
    0.025848,
    0.025912,
    0.025784,
    0.02604,
    0.025729,
    0.025115,
    0.026233,
    0.025056,
    0.025133,
    0.024734,
    0.024692,
    0.032815,
    0.027091,
    0.025091,
    0.031608,
    0.024978,
    0.024438,
    0.024962,
    0.032276,
    0.026104,
    0.024291,
    0.026713,
    0.024648,
    0.024171,
    0.024895,
    0.02549,
    0.024883,
    0.024298,
    0.02478,
    0.024435,
    0.031354,
    0.024265,
    0.024216,
    0.035764,
    0.024797,
    0.036147,
    0.024022,
    0.02394,
    0.024769,
    0.023684,
    0.02472,
    0.024402,
    0.023949,
    0.031734,
    0.035287,
    0.035819,
    0.031341,
    0.023884,
    0.030545,
    0.024626,
    0.035139,
    0.023486,
    0.030405,
    0.024199,
    0.02353,
    0.034935,
    0.023525,
    0.030069,
    0.023681,
    0.024254,
    0.023777,
    0.024294,
    0.023683,
    0.026535,
    0.023339,
    0.026055,
    0.023519,
    0.023228,
    0.023622,
    0.023215,
    0.023036,
    0.023265,
    0.023354,
    0.023186,
    0.028122,
    0.023557,
    0.029832,
    0.023205,
    0.02349,
    0.022808,
    0.0242,
    0.022917,
    0.024551,
    0.026836,
    0.023051,
    0.023032,
    0.03488,
    0.023855,
    0.022648,
    0.022867,
    0.02291,
    0.031468,
    0.022975,
    0.023204,
    0.023435,
    0.023584,
    0.022778
  ],
  "val_loss_curve": [
    0.006654,
    0.006456,
    0.006348,
    0.006336,
    0.006234,
    0.0062,
    0.006158,
    0.006222,
    0.00612,
    0.006145,
    0.006147,
    0.006092,
    0.006064,
    0.006115,
    0.006112,
    0.006113,
    0.00608,
    0.006141,
    0.006116,
    0.006167,
    0.006126,
    0.006171,
    0.006215,
    0.006248,
    0.006226,
    0.006308,
    0.006384,
    0.006414,
    0.006501,
    0.006574,
    0.006666,
    0.006814,
    0.00697,
    0.007094,
    0.007173,
    0.007541,
    0.007712,
    0.007923,
    0.007924,
    0.008035,
    0.008384,
    0.008698,
    0.009038,
    0.009345,
    0.009358,
    0.009669,
    0.010609,
    0.010845,
    0.011552,
    0.012161,
    0.012311,
    0.012462,
    0.013066,
    0.012926,
    0.013691,
    0.014503,
    0.014963,
    0.01456,
    0.01607,
    0.018142,
    0.018918,
    0.019567,
    0.019387,
    0.019898,
    0.019879,
    0.020736,
    0.02181,
    0.022475,
    0.023221,
    0.023109,
    0.023148,
    0.023156,
    0.023413,
    0.02442,
    0.024718,
    0.02523,
    0.025812,
    0.026297,
    0.026897,
    0.027492,
    0.027852,
    0.02793,
    0.028208,
    0.028569,
    0.028969,
    0.02983,
    0.030479,
    0.03104,
    0.030651,
    0.030875,
    0.030893,
    0.031678,
    0.031453,
    0.031595,
    0.032121,
    0.033239,
    0.033022,
    0.034286,
    0.035111,
    0.035898,
    0.036814,
    0.037876,
    0.037173,
    0.03633,
    0.036844,
    0.037799,
    0.037164,
    0.037493,
    0.039552,
    0.039171,
    0.039137,
    0.039152,
    0.041051,
    0.042112,
    0.042681,
    0.042583,
    0.042362,
    0.043198,
    0.043831,
    0.0444,
    0.044754,
    0.044618,
    0.04452,
    0.045107,
    0.045326,
    0.045299,
    0.045653,
    0.046323,
    0.046337,
    0.046672,
    0.046952,
    0.047385,
    0.048049,
    0.048087,
    0.0479,
    0.047977,
    0.047613,
    0.047427,
    0.048306,
    0.049036,
    0.049343,
    0.049706,
    0.049737,
    0.050765,
    0.051357,
    0.051951,
    0.051967,
    0.052485,
    0.052153,
    0.05212,
    0.052634,
    0.052964,
    0.053323,
    0.053813,
    0.054743,
    0.055464,
    0.055609,
    0.055099,
    0.055095,
    0.054918,
    0.055468,
    0.056093,
    0.056648,
    0.056303,
    0.056408,
    0.055963,
    0.056395,
    0.056579,
    0.057135,
    0.057333,
    0.057701,
    0.057738,
    0.057914,
    0.057919,
    0.057845,
    0.05797,
    0.058128,
    0.058241,
    0.058505,
    0.058498,
    0.058736,
    0.059057,
    0.059323,
    0.059263,
    0.059355,
    0.059623,
    0.059948,
    0.059867,
    0.060284,
    0.060612,
    0.061219,
    0.061767,
    0.061784,
    0.061526,
    0.061506,
    0.061801,
    0.061941,
    0.061992,
    0.062001,
    0.062291,
    0.062234
  ],
  "per_company_mape": {
    "C10007": 0.178525,
    "C10019": 0.058927,
    "C10022": 0.033473,
    "C10204": 0.029345,
    "C10308": 0.291438,
    "C10336": 0.103411,
    "C1066": 0.036093,
    "C10783": 0.023413,
    "C10790": 0.036477,
    "C1090": 0.009251,
    "C11037": 0.007021,
    "C11126": 0.027173,
    "C11150": 0.586468,
    "C11231": 0.314868,
    "C12360": 0.006609,
    "C13420": 0.03524,
    "C13439": 0.015108,
    "C13501": 0.144068,
    "C13528": 0.169982,
    "C13587": 0.028904,
    "C13595": 0.051022,
    "C13641": 0.011546,
    "C13781": 0.006166,
    "C13889": 0.028272,
    "C13943": 0.031346,
    "C14044": 0.046804,
    "C14176": 0.181741,
    "C14257": 0.016272,
    "C14311": 0.17452,
    "C14370": 0.002236,
    "C14443": 0.148961,
    "C14550": 0.252799,
    "C14885": 0.005319,
    "C15024": 0.013326,
    "C15172": 0.141038,
    "C15199": 0.022327,
    "C15210": 0.01893,
    "C1538": 0.010412,
    "C15407": 0.041713,
    "C15997": 0.088017,
    "C16373": 0.002643,
    "C16799": 0.006606,
    "C1716": 0.05669,
    "C1767": 0.024401,
    "C17884": 0.627503,
    "C18163": 0.008797,
    "C18309": 0.053213,
    "C18380": 0.019768,
    "C18686": 0.013989,
    "C18791": 0.054995,
    "C19119": 0.280417,
    "C19780": 0.047487,
    "C2003": 0.11935,
    "C20430": 0.060103,
    "C20800": 0.024305,
    "C21172": 0.026783,
    "C2143": 0.012582,
    "C2208": 0.008818,
    "C22390": 0.00022,
    "C2259": 0.001876,
    "C23574": 0.121162,
    "C23663": 0.0,
    "C23876": 0.085677,
    "C25275": 0.088738,
    "C25755": 0.021352,
    "C26077": 0.034497,
    "C26808": 0.037971,
    "C26905": 0.001405,
    "C27022": 0.030164,
    "C27065": 0.014297,
    "C27499": 0.024133,
    "C27766": 0.210248,
    "C29297": 0.001066,
    "C29378": 0.051365,
    "C29440": 0.02923,
    "C31062": 0.027028,