{
  "arch": "gru_baseline",
  "lob": "private_passenger_auto",
  "config_idx": 82,
  "dropout_rate": 0.20588,
  "learning_rate": 0.0002496,
  "batch_size": 512,
  "max_epochs": 500,
  "gru_units": 64,
  "dense_units": 32,
  "mape": 0.07534373979751285,
  "rmspe": 0.5158943578531598,
  "n_companies": 121,
  "n_filtered": 5,
  "mape_std": 0.36064327276424274,
  "mape_p25": 0.014515621359856472,
  "mape_p75": 0.05093469357581634,
  "training_time": 20.54,
  "epochs_trained": 201,
  "best_val_loss": 0.005871282181033166,
  "train_loss_curve": [
    0.042008,
    0.041742,
    0.041313,
    0.040773,
    0.040773,
    0.040377,
    0.039842,
    0.039656,
    0.039352,
    0.03917,
    0.039589,
    0.038866,
    0.038804,
    0.038855,
    0.038797,
    0.038758,
    0.038323,
    0.038358,
    0.038213,
    0.038089,
    0.038172,
    0.038193,
    0.0379,
    0.038033,
    0.037791,
    0.037687,
    0.037747,
    0.037177,
    0.037327,
    0.037709,
    0.038,
    0.036945,
    0.037092,
    0.038319,
    0.037,
    0.036525,
    0.036545,
    0.037391,
    0.037162,
    0.036099,
    0.037348,
    0.036777,
    0.037062,
    0.036998,
    0.036101,
    0.035641,
    0.036265,
    0.036536,
    0.035664,
    0.03707,
    0.034967,
    0.035325,
    0.035103,
    0.035881,
    0.034936,
    0.036413,
    0.036797,
    0.036292,
    0.035178,
    0.034444,
    0.037152,
    0.034389,
    0.034326,
    0.034461,
    0.033861,
    0.033984,
    0.033581,
    0.03399,
    0.03525,
    0.036188,
    0.033562,
    0.033136,
    0.034826,
    0.034133,
    0.033476,
    0.03595,
    0.033194,
    0.032959,
    0.03363,
    0.032122,
    0.032853,
    0.032216,
    0.033085,
    0.034357,
    0.033072,
    0.033226,
    0.032323,
    0.035374,
    0.033528,
    0.032996,
    0.033113,
    0.032968,
    0.03314,
    0.033244,
    0.032948,
    0.036001,
    0.031854,
    0.033155,
    0.032539,
    0.03271,
    0.035829,
    0.03302,
    0.032767,
    0.03108,
    0.035369,
    0.033035,
    0.035632,
    0.030967,
    0.032474,
    0.032571,
    0.034826,
    0.032272,
    0.032532,
    0.032047,
    0.032337,
    0.035037,
    0.032323,
    0.032428,
    0.035056,
    0.034892,
    0.034912,
    0.032977,
    0.031516,
    0.03101,
    0.03202,
    0.034518,
    0.031177,
    0.030877,
    0.031394,
    0.031293,
    0.031735,
    0.030347,
    0.031719,
    0.031384,
    0.031097,
    0.032649,
    0.030937,
    0.034914,
    0.031783,
    0.030959,
    0.031953,
    0.031945,
    0.031011,
    0.030544,
    0.031383,
    0.031367,
    0.033326,
    0.031335,
    0.030411,
    0.031436,
    0.033188,
    0.032165,
    0.031146,
    0.031158,
    0.034589,
    0.031311,
    0.031783,
    0.030949,
    0.029947,
    0.030684,
    0.030414,
    0.031215,
    0.029083,
    0.030539,
    0.031056,
    0.0319,
    0.034957,
    0.031238,
    0.031497,
    0.030235,
    0.030819,
    0.033943,
    0.030468,
    0.029676,
    0.029352,
    0.032784,
    0.03132,
    0.02953,
    0.032601,
    0.030995,
    0.031223,
    0.030469,
    0.031096,
    0.034281,
    0.031794,
    0.031831,
    0.030247,
    0.031012,
    0.034652,
    0.030721,
    0.031368,
    0.031654,
    0.0311,
    0.030707,
    0.031723,
    0.02995,
    0.031679,
    0.030449,
    0.030227,
    0.029821,
    0.032204
  ],
  "val_loss_curve": [
    0.006814,
    0.006607,
    0.006533,
    0.006429,
    0.006384,
    0.006355,
    0.006354,
    0.006267,
    0.006258,
    0.006112,
    0.006073,
    0.006039,
    0.005963,
    0.005996,
    0.00602,
    0.005895,
    0.005951,
    0.005893,
    0.005891,
    0.005875,
    0.005948,
    0.005883,
    0.005871,
    0.00591,
    0.005884,
    0.005925,
    0.005915,
    0.00593,
    0.005933,
    0.005964,
    0.005964,
    0.006011,
    0.006014,
    0.00605,
    0.006074,
    0.006087,
    0.006139,
    0.006166,
    0.006179,
    0.006111,
    0.006136,
    0.006133,
    0.006172,
    0.006127,
    0.006119,
    0.006157,
    0.006147,
    0.006219,
    0.006273,
    0.006331,
    0.006403,
    0.006362,
    0.006384,
    0.00647,
    0.006605,
    0.006675,
    0.006673,
    0.006637,
    0.006626,
    0.006744,
    0.006857,
    0.006935,
    0.006925,
    0.007027,
    0.007187,
    0.007276,
    0.007266,
    0.007307,
    0.007418,
    0.007493,
    0.007387,
    0.007426,
    0.007618,
    0.007551,
    0.007659,
    0.007653,
    0.007711,
    0.007763,
    0.007866,
    0.007854,
    0.00798,
    0.008029,
    0.00814,
    0.008236,
    0.00825,
    0.008254,
    0.008529,
    0.008598,
    0.008572,
    0.008564,
    0.008464,
    0.008502,
    0.008571,
    0.008521,
    0.008642,
    0.008807,
    0.008734,
    0.008903,
    0.009089,
    0.009189,
    0.00896,
    0.008909,
    0.008956,
    0.008988,
    0.008937,
    0.008894,
    0.008858,
    0.009026,
    0.009116,
    0.009071,
    0.00891,
    0.008969,
    0.009151,
    0.009169,
    0.009158,
    0.009108,
    0.009074,
    0.009041,
    0.008869,
    0.008819,
    0.008765,
    0.00886,
    0.009004,
    0.009175,
    0.009307,
    0.00936,
    0.009338,
    0.00936,
    0.009434,
    0.009456,
    0.009545,
    0.009586,
    0.009608,
    0.009636,
    0.009671,
    0.009705,
    0.009785,
    0.009849,
    0.009859,
    0.009964,
    0.010016,
    0.010098,
    0.010159,
    0.010145,
    0.010282,
    0.010316,
    0.01029,
    0.01033,
    0.010366,
    0.010476,
    0.010492,
    0.01052,
    0.010532,
    0.010632,
    0.010678,
    0.010712,
    0.010751,
    0.01081,
    0.010879,
    0.010877,
    0.010919,
    0.011031,
    0.011058,
    0.01108,
    0.01119,
    0.011195,
    0.011225,
    0.01118,
    0.011288,
    0.011351,
    0.011314,
    0.011332,
    0.011341,
    0.011363,
    0.011344,
    0.011433,
    0.011426,
    0.011434,
    0.011444,
    0.011491,
    0.011533,
    0.011541,
    0.011542,
    0.011505,
    0.011528,
    0.011523,
    0.01153,
    0.011558,
    0.011545,
    0.011568,
    0.011579,
    0.011597,
    0.011651,
    0.011673,
    0.011696,
    0.011702,
    0.011766,
    0.011766,
    0.01181,
    0.011839,
    0.011906
  ],
  "per_company_mape": {
    "C10007": 0.020737,
    "C10019": 0.064187,
    "C10022": 0.034288,
    "C10204": 0.034954,
    "C10308": 0.0,
    "C10336": 0.102348,
    "C1066": 0.04195,
    "C10783": 0.050935,
    "C10790": 0.01854,
    "C1090": 0.009251,
    "C11037": 0.059727,
    "C11126": 0.027173,
    "C11150": 3.92702,
    "C11231": 0.0,
    "C12360": 0.006291,
    "C13420": 0.041495,
    "C13439": 0.009377,
    "C13501": 0.040545,
    "C13528": 0.067839,
    "C13587": 0.050482,
    "C13595": 0.015094,
    "C13641": 0.011427,
    "C13781": 0.064663,
    "C13889": 0.043491,
    "C13943": 0.037457,
    "C14044": 0.090919,
    "C14176": 0.12054,
    "C14257": 0.044456,
    "C14311": 0.024893,
    "C14370": 0.119237,
    "C14443": 0.008661,
    "C14550": 0.026776,
    "C14885": 0.061025,
    "C15024": 0.024298,
    "C15172": 0.016754,
    "C15199": 0.022999,
    "C15210": 0.262079,
    "C1538": 0.021107,
    "C15407": 0.015482,
    "C15997": 0.020198,
    "C16373": 0.002643,
    "C16799": 0.016116,
    "C1716": 0.005878,
    "C1767": 0.02729,
    "C17884": 0.728687,
    "C18163": 0.018256,
    "C18309": 0.024727,
    "C18380": 0.0404,
    "C18686": 0.018585,
    "C18791": 0.064528,
    "C19119": 0.038085,
    "C19780": 0.133135,
    "C2003": 0.034911,
    "C20430": 0.005819,
    "C20800": 0.0,
    "C21172": 0.034367,
    "C2143": 0.012946,
    "C2208": 0.008986,
    "C22390": 0.0,
    "C2259": 0.028751,
    "C23574": 0.03095,
    "C23663": 0.025348,
    "C23876": 0.020293,
    "C25275": 0.020444,
    "C25755": 0.055496,
    "C26077": 0.044961,
    "C26808": 0.086957,
    "C26905": 0.001405,
    "C27022": 0.034631,
    "C27065": 0.006738,
    "C27499": 0.024133,
    "C27766": 0.003025,
    "C29297": 0.027605,
    "C29378": 0.047556,
    "C29440": 0.024209,
    "C31062": 0.058185,
    "C3131": 0.022894,