{
  "arch": "gru_baseline",
  "lob": "private_passenger_auto",
  "config_idx": 57,
  "dropout_rate": 0.09266,
  "learning_rate": 0.0027282,
  "batch_size": 512,
  "max_epochs": 500,
  "gru_units": 64,
  "dense_units": 32,
  "mape": 0.020146893548922212,
  "rmspe": 0.0796430862229171,
  "n_companies": 122,
  "n_filtered": 1,
  "mape_std": 0.057249578495415177,
  "mape_p25": 0.005363925279063606,
  "mape_p75": 0.020707498829821737,
  "training_time": 20.74,
  "epochs_trained": 201,
  "best_val_loss": 0.00584844784316374,
  "train_loss_curve": [
    0.04001,
    0.039099,
    0.038774,
    0.037496,
    0.03651,
    0.035934,
    0.035476,
    0.037026,
    0.034116,
    0.033356,
    0.032893,
    0.035589,
    0.031718,
    0.03122,
    0.030539,
    0.028826,
    0.033951,
    0.028433,
    0.030955,
    0.025166,
    0.025033,
    0.0243,
    0.025053,
    0.023935,
    0.024253,
    0.023179,
    0.021508,
    0.023537,
    0.022952,
    0.031806,
    0.023819,
    0.02082,
    0.031405,
    0.022976,
    0.021168,
    0.020422,
    0.031627,
    0.02218,
    0.021429,
    0.017158,
    0.01804,
    0.020437,
    0.01601,
    0.020531,
    0.021605,
    0.026042,
    0.028949,
    0.016017,
    0.02646,
    0.023852,
    0.017026,
    0.024632,
    0.019166,
    0.015639,
    0.013118,
    0.013642,
    0.019356,
    0.011882,
    0.011132,
    0.015447,
    0.012153,
    0.016615,
    0.011045,
    0.016342,
    0.009999,
    0.008186,
    0.011157,
    0.024631,
    0.011031,
    0.012651,
    0.012551,
    0.0232,
    0.010586,
    0.014797,
    0.013379,
    0.007631,
    0.013056,
    0.016959,
    0.013293,
    0.011475,
    0.009402,
    0.015914,
    0.007662,
    0.007099,
    0.015587,
    0.023864,
    0.008781,
    0.014294,
    0.013115,
    0.006781,
    0.01229,
    0.016081,
    0.014533,
    0.009179,
    0.008425,
    0.008966,
    0.009029,
    0.022213,
    0.014251,
    0.007532,
    0.006114,
    0.007576,
    0.014771,
    0.029563,
    0.00664,
    0.007177,
    0.006809,
    0.005512,
    0.006127,
    0.005345,
    0.006102,
    0.005907,
    0.005149,
    0.006056,
    0.007264,
    0.006182,
    0.006388,
    0.015155,
    0.00606,
    0.00613,
    0.005558,
    0.005009,
    0.006064,
    0.006576,
    0.005556,
    0.005604,
    0.014806,
    0.005574,
    0.006022,
    0.005887,
    0.005899,
    0.005331,
    0.015204,
    0.006054,
    0.006811,
    0.021869,
    0.006008,
    0.015666,
    0.013118,
    0.007298,
    0.006173,
    0.031632,
    0.006035,
    0.036305,
    0.013166,
    0.005196,
    0.013041,
    0.005462,
    0.005105,
    0.005169,
    0.00534,
    0.006679,
    0.004988,
    0.005618,
    0.005438,
    0.012004,
    0.004933,
    0.006374,
    0.006391,
    0.004983,
    0.005355,
    0.006517,
    0.008677,
    0.022573,
    0.012315,
    0.005448,
    0.005617,
    0.004821,
    0.016746,
    0.006008,
    0.018102,
    0.015584,
    0.006006,
    0.005245,
    0.006553,
    0.005624,
    0.029435,
    0.005963,
    0.006032,
    0.016502,
    0.005231,
    0.005976,
    0.004997,
    0.00577,
    0.005042,
    0.005164,
    0.004962,
    0.005979,
    0.021324,
    0.005429,
    0.012858,
    0.005886,
    0.006192,
    0.006786,
    0.004913,
    0.012882,
    0.012149,
    0.005869,
    0.011261,
    0.004728,
    0.005248
  ],
  "val_loss_curve": [
    0.005848,
    0.006245,
    0.006129,
    0.00614,
    0.006302,
    0.007163,
    0.008457,
    0.006696,
    0.006926,
    0.007714,
    0.013398,
    0.007898,
    0.011122,
    0.016339,
    0.017789,
    0.022793,
    0.020166,
    0.014789,
    0.018818,
    0.028384,
    0.029069,
    0.03332,
    0.030286,
    0.028783,
    0.024273,
    0.03231,
    0.022211,
    0.025973,
    0.031759,
    0.031913,
    0.030465,
    0.032674,
    0.029936,
    0.034264,
    0.036815,
    0.051053,
    0.037015,
    0.025501,
    0.04047,
    0.044602,
    0.021043,
    0.024897,
    0.02879,
    0.018538,
    0.017091,
    0.015862,
    0.01361,
    0.013468,
    0.021514,
    0.024779,
    0.021922,
    0.023909,
    0.02387,
    0.025429,
    0.02168,
    0.022015,
    0.022322,
    0.023838,
    0.022548,
    0.026369,
    0.016742,
    0.014465,
    0.014245,
    0.014922,
    0.017643,
    0.017132,
    0.014735,
    0.009185,
    0.010533,
    0.010501,
    0.011187,
    0.011526,
    0.014403,
    0.016342,
    0.012848,
    0.01231,
    0.008778,
    0.007743,
    0.00733,
    0.009762,
    0.013147,
    0.012954,
    0.016237,
    0.016382,
    0.009011,
    0.006817,
    0.007158,
    0.009451,
    0.007408,
    0.008657,
    0.008544,
    0.015956,
    0.016724,
    0.01351,
    0.00787,
    0.008199,
    0.008503,
    0.01031,
    0.012357,
    0.012809,
    0.008525,
    0.00836,
    0.008406,
    0.008281,
    0.009441,
    0.011502,
    0.012524,
    0.014001,
    0.012765,
    0.010532,
    0.01054,
    0.012381,
    0.012421,
    0.009865,
    0.009212,
    0.008439,
    0.008342,
    0.00907,
    0.010233,
    0.008883,
    0.008914,
    0.008991,
    0.009153,
    0.009482,
    0.009589,
    0.009164,
    0.00891,
    0.008858,
    0.009407,
    0.009758,
    0.00901,
    0.009102,
    0.009126,
    0.008845,
    0.008874,
    0.00767,
    0.007352,
    0.007389,
    0.007323,
    0.007621,
    0.007459,
    0.007103,
    0.007583,
    0.008238,
    0.008719,
    0.008926,
    0.009745,
    0.009251,
    0.008577,
    0.008379,
    0.008636,
    0.007099,
    0.006409,
    0.006836,
    0.007028,
    0.007111,
    0.007219,
    0.007498,
    0.00769,
    0.007854,
    0.007364,
    0.007025,
    0.006429,
    0.006137,
    0.006075,
    0.006292,
    0.006311,
    0.006315,
    0.00616,
    0.006317,
    0.006443,
    0.006617,
    0.006538,
    0.00669,
    0.006771,
    0.007077,
    0.007108,
    0.006758,
    0.006365,
    0.006283,
    0.006256,
    0.006421,
    0.006514,
    0.006415,
    0.006503,
    0.006706,
    0.006761,
    0.00663,
    0.00649,
    0.006339,
    0.006633,
    0.006758,
    0.006928,
    0.006641,
    0.006655,
    0.006674,
    0.00654,
    0.00659,
    0.006677,
    0.006623,
    0.0066
  ],
  "per_company_mape": {
    "C10007": 0.018503,
    "C10019": 0.058927,
    "C10022": 0.034253,
    "C10204": 0.016635,
    "C10308": 0.0,
    "C10336": 0.012372,
    "C1066": 0.036093,
    "C10783": 0.009131,
    "C10790": 0.017537,
    "C1090": 0.009251,
    "C11037": 0.01191,
    "C11126": 0.016356,
    "C11150": 0.0,
    "C11231": 0.033014,
    "C12360": 0.006609,
    "C13420": 0.030433,
    "C13439": 0.016768,
    "C13501": 0.018797,
    "C13528": 0.0,
    "C13587": 0.029496,
    "C13595": 0.012929,
    "C13641": 0.000817,
    "C13781": 0.006166,
    "C13889": 0.02322,
    "C13943": 0.017392,
    "C14044": 0.049048,
    "C14176": 0.016309,
    "C14257": 0.020778,
    "C14311": 0.026996,
    "C14370": 0.014554,
    "C14443": 0.008661,
    "C14550": 0.019442,
    "C14885": 0.005319,
    "C15024": 0.016742,
    "C15172": 0.001,
    "C15199": 0.022327,
    "C15210": 0.03347,
    "C1538": 0.0205,
    "C15407": 0.014294,
    "C15997": 0.024827,
    "C16373": 0.002643,
    "C16799": 0.007868,
    "C1716": 0.003624,
    "C1767": 0.025784,
    "C17884": 0.627503,
    "C18163": 0.008797,
    "C18309": 0.020846,
    "C18380": 0.005174,
    "C18686": 0.009983,
    "C18791": 0.024871,
    "C19119": 0.006813,
    "C19780": 0.050302,
    "C2003": 0.014864,
    "C20430": 0.005819,
    "C20800": 0.0,
    "C21172": 0.026783,
    "C2143": 0.012582,
    "C2208": 0.008986,
    "C22390": 0.0,
    "C2259": 0.001876,
    "C23574": 0.017274,
    "C23663": 0.0,
    "C23876": 0.020293,
    "C25275": 0.009624,
    "C25755": 0.010086,
    "C26077": 0.033779,
    "C26808": 0.020777,
    "C26905": 0.001405,
    "C27022": 0.022645,
    "C27065": 0.00834,
    "C27499": 0.024133,
    "C27766": 0.003025,
    "C29297": 0.001066,
    "C29378": 0.0,
    "C29440": 0.02967,
    "C31062": 0.053669,
    "C3131": 0.002277,