{
  "arch": "gru_baseline",
  "lob": "private_passenger_auto",
  "config_idx": 35,
  "dropout_rate": 0.01578,
  "learning_rate": 0.0001333,
  "batch_size": 512,
  "max_epochs": 500,
  "gru_units": 256,
  "dense_units": 32,
  "mape": 0.09507260591651176,
  "rmspe": 0.17588094579560065,
  "n_companies": 121,
  "n_filtered": 7,
  "mape_std": 0.1049876394211986,
  "mape_p25": 0.041495017584707354,
  "mape_p75": 0.1113918795516466,
  "training_time": 22.64,
  "epochs_trained": 201,
  "best_val_loss": 0.006046506008715369,
  "train_loss_curve": [
    0.041731,
    0.040742,
    0.040075,
    0.039769,
    0.038977,
    0.0387,
    0.038415,
    0.037987,
    0.037799,
    0.037744,
    0.037438,
    0.037342,
    0.037129,
    0.037066,
    0.037094,
    0.036717,
    0.037078,
    0.036607,
    0.036259,
    0.036043,
    0.036222,
    0.035884,
    0.035759,
    0.035669,
    0.035588,
    0.035739,
    0.035315,
    0.035229,
    0.035257,
    0.035139,
    0.034931,
    0.03487,
    0.034817,
    0.0362,
    0.034674,
    0.034399,
    0.034507,
    0.034232,
    0.034057,
    0.033877,
    0.033714,
    0.033853,
    0.033486,
    0.033327,
    0.033167,
    0.033037,
    0.032929,
    0.032824,
    0.032458,
    0.033056,
    0.032593,
    0.032161,
    0.032368,
    0.032095,
    0.032051,
    0.032015,
    0.033412,
    0.031642,
    0.031617,
    0.031474,
    0.031322,
    0.031377,
    0.032961,
    0.030783,
    0.031135,
    0.031346,
    0.030678,
    0.030878,
    0.030533,
    0.030556,
    0.030738,
    0.030564,
    0.03052,
    0.030392,
    0.029975,
    0.030374,
    0.030157,
    0.030033,
    0.030123,
    0.030061,
    0.029953,
    0.029784,
    0.029805,
    0.030101,
    0.029781,
    0.029972,
    0.030503,
    0.030929,
    0.029671,
    0.029784,
    0.031961,
    0.02945,
    0.029456,
    0.029114,
    0.029686,
    0.029251,
    0.031345,
    0.029312,
    0.029348,
    0.035026,
    0.029242,
    0.029578,
    0.029223,
    0.02923,
    0.029149,
    0.028952,
    0.028904,
    0.028983,
    0.02888,
    0.02886,
    0.028645,
    0.028661,
    0.02883,
    0.028604,
    0.028851,
    0.028554,
    0.028724,
    0.031054,
    0.028863,
    0.028421,
    0.028481,
    0.028436,
    0.028288,
    0.028767,
    0.02823,
    0.028314,
    0.02821,
    0.028351,
    0.028433,
    0.028115,
    0.0286,
    0.028061,
    0.028359,
    0.028312,
    0.02795,
    0.028184,
    0.028436,
    0.02914,
    0.028203,
    0.028125,
    0.027868,
    0.027803,
    0.028,
    0.027781,
    0.027838,
    0.027828,
    0.02829,
    0.02793,
    0.028136,
    0.028017,
    0.034148,
    0.027603,
    0.027738,
    0.027822,
    0.027589,
    0.027716,
    0.028035,
    0.027641,
    0.027583,
    0.027596,
    0.027519,
    0.027778,
    0.027501,
    0.028861,
    0.027679,
    0.02746,
    0.027775,
    0.027248,
    0.027574,
    0.027766,
    0.027732,
    0.02723,
    0.027314,
    0.027259,
    0.027212,
    0.027649,
    0.027429,
    0.027319,
    0.027417,
    0.027382,
    0.027401,
    0.027595,
    0.027258,
    0.027351,
    0.027346,
    0.02716,
    0.027126,
    0.027321,
    0.028786,
    0.027285,
    0.027114,
    0.027053,
    0.028279,
    0.034993,
    0.027189,
    0.027033,
    0.034003,
    0.027319,
    0.027426,
    0.02709,
    0.027257
  ],
  "val_loss_curve": [
    0.006483,
    0.006263,
    0.006213,
    0.006249,
    0.006271,
    0.006135,
    0.006309,
    0.006206,
    0.00629,
    0.006187,
    0.006246,
    0.006186,
    0.006236,
    0.006225,
    0.006047,
    0.006229,
    0.006187,
    0.006192,
    0.006308,
    0.006365,
    0.006384,
    0.006496,
    0.006492,
    0.006567,
    0.006713,
    0.006814,
    0.006953,
    0.007023,
    0.007315,
    0.00751,
    0.007672,
    0.007591,
    0.008232,
    0.008064,
    0.008028,
    0.008278,
    0.008535,
    0.008932,
    0.00913,
    0.009406,
    0.009526,
    0.009614,
    0.010653,
    0.010905,
    0.011477,
    0.011625,
    0.012904,
    0.013076,
    0.013726,
    0.013978,
    0.015784,
    0.015852,
    0.0172,
    0.017609,
    0.018763,
    0.018469,
    0.018781,
    0.02047,
    0.021546,
    0.021662,
    0.022272,
    0.023842,
    0.024736,
    0.026291,
    0.028048,
    0.029207,
    0.029213,
    0.028942,
    0.030943,
    0.031576,
    0.031568,
    0.03303,
    0.03351,
    0.032054,
    0.033187,
    0.034698,
    0.034451,
    0.035637,
    0.035794,
    0.037517,
    0.038488,
    0.039211,
    0.040343,
    0.0409,
    0.041177,
    0.04242,
    0.044347,
    0.044887,
    0.046035,
    0.046586,
    0.045556,
    0.046569,
    0.04796,
    0.048122,
    0.050056,
    0.050898,
    0.049897,
    0.051539,
    0.051242,
    0.050882,
    0.050864,
    0.052151,
    0.053543,
    0.054628,
    0.056217,
    0.057213,
    0.055674,
    0.058243,
    0.060153,
    0.060757,
    0.061277,
    0.061714,
    0.064151,
    0.065516,
    0.065584,
    0.063904,
    0.064432,
    0.065283,
    0.06508,
    0.066629,
    0.066984,
    0.067706,
    0.069796,
    0.071085,
    0.071662,
    0.070819,
    0.071057,
    0.072638,
    0.07133,
    0.072449,
    0.073695,
    0.074219,
    0.074986,
    0.074806,
    0.075033,
    0.074717,
    0.074675,
    0.07496,
    0.074612,
    0.075801,
    0.075976,
    0.076524,
    0.076847,
    0.077907,
    0.077819,
    0.0795,
    0.080102,
    0.081416,
    0.080738,
    0.080475,
    0.080611,
    0.081116,
    0.082231,
    0.082039,
    0.080754,
    0.081381,
    0.081074,
    0.081999,
    0.083137,
    0.084683,
    0.084361,
    0.085125,
    0.084679,
    0.086744,
    0.087376,
    0.087973,
    0.088756,
    0.088617,
    0.088758,
    0.088687,
    0.088668,
    0.088866,
    0.089659,
    0.090083,
    0.090964,
    0.091126,
    0.090757,
    0.090957,
    0.090936,
    0.091043,
    0.091475,
    0.090729,
    0.090811,
    0.090495,
    0.090372,
    0.090288,
    0.090727,
    0.090385,
    0.090773,
    0.090313,
    0.090996,
    0.091489,
    0.092233,
    0.091972,
    0.091685,
    0.091912,
    0.091612,
    0.091338,
    0.091661,
    0.091494,
    0.092293
  ],
  "per_company_mape": {
    "C10007": 0.110997,
    "C10019": 0.074535,
    "C10022": 0.049477,
    "C10204": 0.077175,
    "C10308": 0.850917,
    "C10336": 0.093051,
    "C1066": 0.123796,
    "C10783": 0.014405,
    "C10790": 0.033892,
    "C1090": 0.060064,
    "C11037": 0.082316,
    "C11126": 0.111642,
    "C11150": 0.005002,
    "C11231": 0.303851,
    "C12360": 0.0666,
    "C13420": 0.041495,
    "C13439": 0.110761,
    "C13501": 0.019607,
    "C13528": 0.001889,
    "C13587": 0.060691,
    "C13595": 0.014106,
    "C13641": 0.072544,
    "C13781": 0.185874,
    "C13889": 0.018131,
    "C13943": 0.127274,
    "C14044": 0.111392,
    "C14176": 0.114123,
    "C14257": 0.082735,
    "C14311": 0.160836,
    "C14370": 0.111226,
    "C14443": 0.059572,
    "C14550": 0.11026,
    "C14885": 0.226654,
    "C15024": 0.012589,
    "C15172": 0.134682,
    "C15199": 0.032644,
    "C15210": 0.039848,
    "C1538": 0.095726,
    "C15407": 0.064839,
    "C15997": 0.049435,
    "C16373": 0.184416,
    "C16799": 0.029775,
    "C1716": 0.118006,
    "C1767": 0.027358,
    "C17884": 0.702711,
    "C18163": 0.082946,
    "C18309": 0.123982,
    "C18380": 0.071529,
    "C18686": 0.100696,
    "C18791": 0.097143,
    "C19119": 0.176227,
    "C19780": 0.067182,
    "C2003": 0.138823,
    "C20430": 0.058829,
    "C20800": 0.086769,
    "C21172": 0.156701,
    "C2143": 0.076554,
    "C2208": 0.079403,
    "C22390": 0.016018,
    "C2259": 0.064294,
    "C23574": 0.088298,
    "C23663": 0.017504,
    "C23876": 0.108473,
    "C25275": 0.041933,
    "C25755": 0.029825,
    "C26077": 0.078104,
    "C26808": 0.080624,
    "C26905": 0.087124,
    "C27022": 0.019501,
    "C27065": 0.144178,
    "C27499": 0.030723,
    "C27766": 0.09713,
    "C29297": 0.052456,
    "C29378": 0.05702,
    "C29440": 0.074363,
    "C31062": 0.035989,