{
  "arch": "gru_baseline",
  "lob": "private_passenger_auto",
  "config_idx": 73,
  "dropout_rate": 0.10445,
  "learning_rate": 0.0004953,
  "batch_size": 256,
  "max_epochs": 1000,
  "gru_units": 64,
  "dense_units": 128,
  "mape": 0.05936216259189467,
  "rmspe": 0.26530060125046395,
  "n_companies": 121,
  "n_filtered": 7,
  "mape_std": 0.183194283869978,
  "mape_p25": 0.0215981519731282,
  "mape_p75": 0.05043102707099942,
  "training_time": 33.22,
  "epochs_trained": 201,
  "best_val_loss": 0.006641879428311118,
  "train_loss_curve": [
    0.040962,
    0.039702,
    0.039291,
    0.03812,
    0.037982,
    0.037587,
    0.037375,
    0.036899,
    0.036857,
    0.036846,
    0.036174,
    0.03625,
    0.035658,
    0.035335,
    0.03541,
    0.036101,
    0.034244,
    0.033841,
    0.034146,
    0.033099,
    0.032953,
    0.03256,
    0.031735,
    0.03192,
    0.032502,
    0.031465,
    0.031397,
    0.030522,
    0.030202,
    0.029629,
    0.029535,
    0.029224,
    0.028161,
    0.028485,
    0.029822,
    0.027329,
    0.028039,
    0.028517,
    0.033718,
    0.026533,
    0.029234,
    0.026533,
    0.033449,
    0.027195,
    0.028219,
    0.025449,
    0.024298,
    0.026175,
    0.026532,
    0.025341,
    0.02508,
    0.024337,
    0.024686,
    0.02413,
    0.023276,
    0.022337,
    0.031747,
    0.02404,
    0.022469,
    0.026877,
    0.022939,
    0.030378,
    0.023077,
    0.024037,
    0.023786,
    0.029068,
    0.022936,
    0.023604,
    0.021359,
    0.023316,
    0.023083,
    0.022584,
    0.023387,
    0.030237,
    0.025114,
    0.024636,
    0.02684,
    0.022199,
    0.020786,
    0.022807,
    0.022561,
    0.035657,
    0.030378,
    0.022935,
    0.023228,
    0.023282,
    0.020129,
    0.02134,
    0.029383,
    0.030616,
    0.021523,
    0.02182,
    0.020657,
    0.023335,
    0.021268,
    0.029771,
    0.021093,
    0.020826,
    0.022001,
    0.027965,
    0.021087,
    0.021392,
    0.022114,
    0.021126,
    0.021073,
    0.029395,
    0.02105,
    0.018902,
    0.020863,
    0.021052,
    0.023376,
    0.030963,
    0.028885,
    0.019695,
    0.019868,
    0.020175,
    0.029047,
    0.020857,
    0.018585,
    0.021889,
    0.02884,
    0.019984,
    0.020224,
    0.020519,
    0.020703,
    0.020825,
    0.023388,
    0.020907,
    0.019013,
    0.020038,
    0.020066,
    0.028641,
    0.022818,
    0.025359,
    0.018788,
    0.019516,
    0.029453,
    0.028328,
    0.01955,
    0.020674,
    0.022618,
    0.018819,
    0.019734,
    0.019053,
    0.020188,
    0.022309,
    0.022297,
    0.023294,
    0.019473,
    0.020627,
    0.019532,
    0.019758,
    0.018866,
    0.02062,
    0.027633,
    0.018684,
    0.017778,
    0.01941,
    0.028293,
    0.019242,
    0.018565,
    0.019005,
    0.026221,
    0.019555,
    0.02223,
    0.019004,
    0.019444,
    0.023028,
    0.021516,
    0.020912,
    0.0193,
    0.022456,
    0.02122,
    0.028619,
    0.017773,
    0.021361,
    0.018012,
    0.01865,
    0.017946,
    0.017897,
    0.017393,
    0.019039,
    0.020703,
    0.018466,
    0.01713,
    0.027464,
    0.018477,
    0.01813,
    0.022271,
    0.028333,
    0.020459,
    0.018375,
    0.01881,
    0.019023,
    0.018092,
    0.018875,
    0.020672,
    0.01843,
    0.019993,
    0.019292,
    0.021516
  ],
  "val_loss_curve": [
    0.006906,
    0.006813,
    0.006642,
    0.006807,
    0.00681,
    0.00677,
    0.006717,
    0.006817,
    0.006879,
    0.006882,
    0.006938,
    0.007195,
    0.00746,
    0.007482,
    0.00832,
    0.008775,
    0.009057,
    0.009642,
    0.010516,
    0.01031,
    0.011616,
    0.011763,
    0.012383,
    0.01265,
    0.014289,
    0.016249,
    0.013671,
    0.017259,
    0.015357,
    0.015865,
    0.020074,
    0.021193,
    0.023207,
    0.021594,
    0.023286,
    0.030491,
    0.032632,
    0.034672,
    0.033735,
    0.038718,
    0.036978,
    0.038431,
    0.035521,
    0.039513,
    0.03964,
    0.036412,
    0.04803,
    0.044465,
    0.038465,
    0.043856,
    0.046072,
    0.047032,
    0.055985,
    0.04895,
    0.047899,
    0.049551,
    0.047865,
    0.044283,
    0.04688,
    0.043855,
    0.041362,
    0.040663,
    0.04101,
    0.041922,
    0.043071,
    0.042915,
    0.043261,
    0.046987,
    0.047176,
    0.04658,
    0.048377,
    0.048734,
    0.044808,
    0.046133,
    0.041705,
    0.040979,
    0.041611,
    0.041273,
    0.043954,
    0.045527,
    0.046685,
    0.04206,
    0.039398,
    0.041996,
    0.045601,
    0.042506,
    0.046919,
    0.046148,
    0.046141,
    0.046482,
    0.04435,
    0.046898,
    0.046655,
    0.047439,
    0.047457,
    0.046053,
    0.045946,
    0.046856,
    0.046862,
    0.046769,
    0.048568,
    0.04935,
    0.048652,
    0.050074,
    0.047222,
    0.046992,
    0.048381,
    0.048416,
    0.048304,
    0.049009,
    0.047898,
    0.047585,
    0.046583,
    0.046949,
    0.047671,
    0.0486,
    0.04794,
    0.049146,
    0.049539,
    0.04843,
    0.048531,
    0.048587,
    0.049534,
    0.048634,
    0.050046,
    0.050221,
    0.048216,
    0.046912,
    0.045948,
    0.045856,
    0.046204,
    0.047594,
    0.045274,
    0.044782,
    0.045747,
    0.045167,
    0.045189,
    0.045152,
    0.046068,
    0.045137,
    0.045532,
    0.046834,
    0.045992,
    0.046787,
    0.046742,
    0.047207,
    0.046908,
    0.047162,
    0.047927,
    0.048118,
    0.049428,
    0.049321,
    0.04941,
    0.049775,
    0.049063,
    0.05015,
    0.050328,
    0.050936,
    0.050362,
    0.050229,
    0.050293,
    0.05044,
    0.050277,
    0.050332,
    0.049936,
    0.04984,
    0.049895,
    0.050464,
    0.049358,
    0.048604,
    0.050001,
    0.049579,
    0.049324,
    0.048682,
    0.048992,
    0.049375,
    0.049806,
    0.049956,
    0.0501,
    0.049802,
    0.04984,
    0.05005,
    0.05019,
    0.05043,
    0.051245,
    0.050583,
    0.050133,
    0.050365,
    0.049533,
    0.048728,
    0.047529,
    0.046385,
    0.046134,
    0.046514,
    0.046373,
    0.047819,
    0.048208,
    0.047953,
    0.048121,
    0.047661,
    0.04643
  ],
  "per_company_mape": {
    "C10007": 0.021598,
    "C10019": 0.062157,
    "C10022": 0.031008,
    "C10204": 0.025031,
    "C10308": 0.001426,
    "C10336": 0.015313,
    "C1066": 0.046571,
    "C10783": 0.026393,
    "C10790": 0.021903,
    "C1090": 0.028419,
    "C11037": 0.03417,
    "C11126": 0.132851,
    "C11150": 1.940646,
    "C11231": 0.124377,
    "C12360": 0.019859,
    "C13420": 0.043532,
    "C13439": 0.024671,
    "C13501": 0.017937,
    "C13528": 0.057795,
    "C13587": 0.032924,
    "C13595": 0.021115,
    "C13641": 0.00098,
    "C13781": 0.08157,
    "C13889": 0.038856,
    "C13943": 0.027467,
    "C14044": 0.055791,
    "C14176": 0.04935,
    "C14257": 0.057893,
    "C14311": 0.017175,
    "C14370": 0.085413,
    "C14443": 0.03797,
    "C14550": 0.029925,
    "C14885": 0.101458,
    "C15024": 0.033703,
    "C15172": 0.070638,
    "C15199": 0.03469,
    "C15210": 0.050569,
    "C1538": 0.045915,
    "C15407": 0.015482,
    "C15997": 0.040565,
    "C16373": 0.050528,
    "C16799": 0.014064,
    "C1716": 0.018795,
    "C1767": 0.016221,
    "C17884": 0.665358,
    "C18163": 0.019705,
    "C18309": 0.039995,
    "C18380": 0.01937,
    "C18686": 0.028524,
    "C18791": 0.021198,
    "C19119": 0.048998,
    "C19780": 0.078864,
    "C2003": 0.059164,
    "C20430": 0.016436,
    "C20800": 0.013989,
    "C21172": 0.080349,
    "C2143": 0.029491,
    "C2208": 0.013516,
    "C22390": 0.004379,
    "C2259": 0.02718,
    "C23574": 0.050431,
    "C23663": 0.003492,
    "C23876": 0.025215,
    "C25275": 0.046238,
    "C25755": 0.027906,
    "C26077": 0.065853,
    "C26808": 0.020777,
    "C26905": 0.048636,
    "C27022": 0.02396,
    "C27065": 0.050701,
    "C27499": 0.046527,
    "C27766": 0.059892,
    "C29297": 0.030933,
    "C29378": 0.064062,
    "C29440": 0.029237,
    "C31062": 0.0416,
    "C3131": 0.048098,