{
  "arch": "gru_baseline",
  "lob": "private_passenger_auto",
  "config_idx": 45,
  "dropout_rate": 0.12285,
  "learning_rate": 0.0001598,
  "batch_size": 512,
  "max_epochs": 1000,
  "gru_units": 256,
  "dense_units": 32,
  "mape": 0.050201405431719685,
  "rmspe": 0.10016650082047303,
  "n_companies": 122,
  "n_filtered": 4,
  "mape_std": 0.06578688289820603,
  "mape_p25": 0.013085483574836836,
  "mape_p75": 0.0740730965121404,
  "training_time": 21.71,
  "epochs_trained": 201,
  "best_val_loss": 0.005841252921527484,
  "train_loss_curve": [
    0.041583,
    0.040915,
    0.040085,
    0.039664,
    0.039414,
    0.039289,
    0.038849,
    0.038638,
    0.038986,
    0.039212,
    0.038085,
    0.038284,
    0.037934,
    0.037959,
    0.037945,
    0.037994,
    0.037688,
    0.037923,
    0.03774,
    0.037576,
    0.037267,
    0.037219,
    0.037251,
    0.03743,
    0.03708,
    0.037003,
    0.037381,
    0.037211,
    0.036835,
    0.037361,
    0.036993,
    0.036946,
    0.036699,
    0.036473,
    0.036547,
    0.036434,
    0.035892,
    0.036264,
    0.036059,
    0.035845,
    0.035913,
    0.036068,
    0.035392,
    0.036286,
    0.034974,
    0.035489,
    0.034909,
    0.035434,
    0.034668,
    0.034793,
    0.034477,
    0.034255,
    0.035142,
    0.034796,
    0.03484,
    0.033694,
    0.034545,
    0.034421,
    0.034423,
    0.033825,
    0.035923,
    0.033207,
    0.033646,
    0.033463,
    0.034122,
    0.033128,
    0.033872,
    0.03645,
    0.033392,
    0.033044,
    0.033233,
    0.032981,
    0.032932,
    0.033145,
    0.032518,
    0.032076,
    0.033742,
    0.033225,
    0.033511,
    0.032599,
    0.032924,
    0.03201,
    0.032165,
    0.033495,
    0.032387,
    0.032717,
    0.031413,
    0.031512,
    0.032571,
    0.031991,
    0.036144,
    0.032391,
    0.031784,
    0.035695,
    0.031404,
    0.030881,
    0.033114,
    0.036192,
    0.031279,
    0.031602,
    0.031612,
    0.035541,
    0.034958,
    0.032502,
    0.031671,
    0.03128,
    0.031681,
    0.031025,
    0.030384,
    0.031975,
    0.030202,
    0.035607,
    0.032082,
    0.031544,
    0.032218,
    0.030696,
    0.032142,
    0.031929,
    0.031441,
    0.03016,
    0.031997,
    0.030781,
    0.032622,
    0.031203,
    0.031943,
    0.030982,
    0.03114,
    0.031423,
    0.029852,
    0.031253,
    0.029796,
    0.031572,
    0.030145,
    0.034817,
    0.03073,
    0.03027,
    0.029821,
    0.030311,
    0.032356,
    0.030529,
    0.029989,
    0.033017,
    0.030996,
    0.030293,
    0.030932,
    0.030616,
    0.034998,
    0.031385,
    0.030771,
    0.032196,
    0.033516,
    0.032255,
    0.030292,
    0.029229,
    0.029969,
    0.029453,
    0.029272,
    0.030567,
    0.03022,
    0.029745,
    0.030596,
    0.030173,
    0.029598,
    0.031159,
    0.02897,
    0.030045,
    0.031262,
    0.035183,
    0.030021,
    0.031369,
    0.034889,
    0.030525,
    0.029775,
    0.034514,
    0.02869,
    0.028741,
    0.029818,
    0.030639,
    0.030454,
    0.029148,
    0.030336,
    0.029966,
    0.029772,
    0.029008,
    0.030039,
    0.029976,
    0.029972,
    0.031881,
    0.028861,
    0.034745,
    0.028893,
    0.030635,
    0.030248,
    0.029067,
    0.030736,
    0.030594,
    0.029763,
    0.030297,
    0.02919,
    0.03036,
    0.029548
  ],
  "val_loss_curve": [
    0.006386,
    0.006208,
    0.006139,
    0.00608,
    0.006062,
    0.005972,
    0.006014,
    0.00597,
    0.005984,
    0.005911,
    0.005922,
    0.005887,
    0.005857,
    0.00594,
    0.005841,
    0.005957,
    0.005887,
    0.00586,
    0.005922,
    0.005877,
    0.00589,
    0.005935,
    0.005874,
    0.005878,
    0.005974,
    0.005954,
    0.005994,
    0.006078,
    0.006087,
    0.00615,
    0.006168,
    0.006228,
    0.006108,
    0.006343,
    0.006505,
    0.006376,
    0.006526,
    0.00663,
    0.006722,
    0.006794,
    0.006963,
    0.007047,
    0.007175,
    0.00716,
    0.0073,
    0.007452,
    0.007416,
    0.007745,
    0.007864,
    0.008074,
    0.008385,
    0.008621,
    0.008841,
    0.008954,
    0.009107,
    0.009152,
    0.009505,
    0.009894,
    0.009963,
    0.010581,
    0.01023,
    0.009918,
    0.011824,
    0.011742,
    0.011622,
    0.011674,
    0.0119,
    0.012129,
    0.012372,
    0.012283,
    0.012338,
    0.012694,
    0.012867,
    0.012844,
    0.013447,
    0.013467,
    0.013316,
    0.01344,
    0.013589,
    0.013826,
    0.014145,
    0.014571,
    0.014632,
    0.014327,
    0.014275,
    0.014975,
    0.015735,
    0.015808,
    0.016176,
    0.015892,
    0.015342,
    0.015283,
    0.016099,
    0.01605,
    0.015816,
    0.016245,
    0.016686,
    0.017018,
    0.016764,
    0.017246,
    0.017509,
    0.017067,
    0.016547,
    0.01671,
    0.016826,
    0.017238,
    0.017785,
    0.01786,
    0.017816,
    0.018743,
    0.018758,
    0.018436,
    0.018922,
    0.018801,
    0.018459,
    0.018174,
    0.018845,
    0.018789,
    0.018774,
    0.019329,
    0.019559,
    0.019536,
    0.019522,
    0.019454,
    0.019827,
    0.020211,
    0.020385,
    0.020712,
    0.020904,
    0.020651,
    0.020747,
    0.020557,
    0.021244,
    0.021042,
    0.021093,
    0.02117,
    0.021393,
    0.021588,
    0.021745,
    0.021852,
    0.021855,
    0.021706,
    0.021776,
    0.021817,
    0.022149,
    0.022563,
    0.022484,
    0.022474,
    0.022296,
    0.022248,
    0.022514,
    0.022425,
    0.022286,
    0.022666,
    0.022969,
    0.023216,
    0.023327,
    0.023527,
    0.023713,
    0.024017,
    0.024025,
    0.024509,
    0.024801,
    0.024995,
    0.025275,
    0.025365,
    0.025611,
    0.02541,
    0.025191,
    0.025153,
    0.025087,
    0.025015,
    0.024993,
    0.024919,
    0.024991,
    0.025239,
    0.025336,
    0.025475,
    0.025661,
    0.025626,
    0.025599,
    0.025479,
    0.025757,
    0.025942,
    0.026171,
    0.026117,
    0.026169,
    0.026253,
    0.026477,
    0.026449,
    0.026247,
    0.026443,
    0.026388,
    0.026436,
    0.026578,
    0.02659,
    0.026612,
    0.026583,
    0.026766,
    0.02679,
    0.026776
  ],
  "per_company_mape": {
    "C10007": 0.089775,
    "C10019": 0.058927,
    "C10022": 0.115947,
    "C10204": 0.022076,
    "C10308": 0.022233,
    "C10336": 0.03637,
    "C1066": 0.021891,
    "C10783": 0.00827,
    "C10790": 0.010307,
    "C1090": 0.008819,
    "C11037": 0.011765,
    "C11126": 0.171792,
    "C11150": 0.0,
    "C11231": 0.0,
    "C12360": 0.006609,
    "C13420": 0.027186,
    "C13439": 0.013515,
    "C13501": 0.064506,
    "C13528": 0.0,
    "C13587": 0.075891,
    "C13595": 0.086523,
    "C13641": 0.041567,
    "C13781": 0.012942,
    "C13889": 0.088807,
    "C13943": 0.029597,
    "C14044": 0.083309,
    "C14176": 0.096971,
    "C14257": 0.037755,
    "C14311": 0.076423,
    "C14370": 0.004056,
    "C14443": 0.108795,
    "C14550": 0.070723,
    "C14885": 0.044212,
    "C15024": 0.084592,
    "C15172": 0.093019,
    "C15199": 0.032525,
    "C15210": 0.154647,
    "C1538": 0.021558,
    "C15407": 0.015062,
    "C15997": 0.024827,
    "C16373": 0.048162,
    "C16799": 0.012296,
    "C1716": 0.054358,
    "C1767": 0.025322,
    "C17884": 0.629967,
    "C18163": 0.07557,
    "C18309": 0.104749,
    "C18380": 0.062839,
    "C18686": 0.035238,
    "C18791": 0.094922,
    "C19119": 0.148906,
    "C19780": 0.082587,
    "C2003": 0.046034,
    "C20430": 0.005819,
    "C20800": 0.0,
    "C21172": 0.10843,
    "C2143": 0.008524,
    "C2208": 0.027908,
    "C22390": 0.00484,
    "C2259": 0.001824,
    "C23574": 0.123871,
    "C23663": 0.004939,
    "C23876": 0.020293,
    "C25275": 0.020444,
    "C25755": 0.008067,
    "C26077": 0.025726,
    "C26808": 0.087291,
    "C26905": 0.005115,
    "C27022": 0.022834,
    "C27065": 0.022762,
    "C27499": 0.0243,
    "C27766": 0.074325,
    "C29297": 0.071636,
    "C29378": 0.05302,
    "C29440": 0.061423,
    "C31062": 0.052704,