{
  "arch": "gru_baseline",
  "lob": "private_passenger_auto",
  "config_idx": 27,
  "dropout_rate": 0.02315,
  "learning_rate": 0.0006689,
  "batch_size": 512,
  "max_epochs": 500,
  "gru_units": 256,
  "dense_units": 64,
  "mape": 0.033012690622570576,
  "rmspe": 0.13526252905268962,
  "n_companies": 121,
  "n_filtered": 7,
  "mape_std": 0.09443853075431669,
  "mape_p25": 0.01024036668382906,
  "mape_p75": 0.02624333853076537,
  "training_time": 22.54,
  "epochs_trained": 201,
  "best_val_loss": 0.005783962369605433,
  "train_loss_curve": [
    0.040339,
    0.038604,
    0.038081,
    0.03781,
    0.037317,
    0.037284,
    0.036726,
    0.03665,
    0.036744,
    0.036752,
    0.036449,
    0.035996,
    0.036191,
    0.035773,
    0.036097,
    0.035196,
    0.035078,
    0.03521,
    0.034615,
    0.034547,
    0.034679,
    0.03419,
    0.033991,
    0.034407,
    0.033972,
    0.033308,
    0.033176,
    0.033138,
    0.0332,
    0.032839,
    0.033139,
    0.033256,
    0.032545,
    0.032008,
    0.031832,
    0.031405,
    0.032044,
    0.032172,
    0.031861,
    0.03101,
    0.03064,
    0.03007,
    0.03034,
    0.030041,
    0.029687,
    0.029455,
    0.030109,
    0.036595,
    0.029167,
    0.028757,
    0.02907,
    0.028586,
    0.028108,
    0.02861,
    0.028041,
    0.028058,
    0.028633,
    0.026714,
    0.027122,
    0.026183,
    0.025844,
    0.025057,
    0.024446,
    0.025372,
    0.025087,
    0.024315,
    0.022965,
    0.023122,
    0.023203,
    0.025019,
    0.022231,
    0.022653,
    0.021551,
    0.02057,
    0.01964,
    0.020771,
    0.02065,
    0.020303,
    0.019208,
    0.018144,
    0.01815,
    0.019165,
    0.018017,
    0.017522,
    0.017112,
    0.017306,
    0.017389,
    0.023267,
    0.016536,
    0.017487,
    0.019322,
    0.016292,
    0.016777,
    0.016087,
    0.016754,
    0.015747,
    0.015847,
    0.031024,
    0.023053,
    0.014897,
    0.015385,
    0.02166,
    0.015311,
    0.015166,
    0.015059,
    0.014424,
    0.030292,
    0.014826,
    0.014404,
    0.014406,
    0.014562,
    0.017084,
    0.031095,
    0.014612,
    0.01451,
    0.014546,
    0.014574,
    0.015141,
    0.014215,
    0.014609,
    0.014831,
    0.014327,
    0.014867,
    0.014108,
    0.014111,
    0.014042,
    0.01385,
    0.01376,
    0.013687,
    0.013873,
    0.013896,
    0.013669,
    0.01356,
    0.013596,
    0.013669,
    0.013531,
    0.013715,
    0.014421,
    0.013451,
    0.013654,
    0.013624,
    0.013584,
    0.013489,
    0.013438,
    0.019862,
    0.01403,
    0.013792,
    0.013674,
    0.020929,
    0.014348,
    0.013498,
    0.013544,
    0.013575,
    0.013658,
    0.013299,
    0.013417,
    0.013419,
    0.013449,
    0.013661,
    0.013417,
    0.013378,
    0.013458,
    0.029966,
    0.013548,
    0.013543,
    0.013477,
    0.013585,
    0.013762,
    0.013455,
    0.013332,
    0.01427,
    0.013506,
    0.013419,
    0.013534,
    0.01337,
    0.013413,
    0.013362,
    0.029826,
    0.013606,
    0.013317,
    0.01342,
    0.020266,
    0.01433,
    0.019536,
    0.013603,
    0.013474,
    0.013358,
    0.013631,
    0.020458,
    0.013465,
    0.013244,
    0.014026,
    0.01328,
    0.013402,
    0.013235,
    0.013356,
    0.013286,
    0.013792,
    0.01338,
    0.014104,
    0.013282
  ],
  "val_loss_curve": [
    0.006228,
    0.006555,
    0.006237,
    0.006127,
    0.006269,
    0.006048,
    0.006032,
    0.005918,
    0.006049,
    0.006076,
    0.005895,
    0.00599,
    0.005949,
    0.006021,
    0.00609,
    0.005999,
    0.005831,
    0.00606,
    0.006032,
    0.006231,
    0.005917,
    0.006103,
    0.005826,
    0.006228,
    0.005986,
    0.00604,
    0.005933,
    0.005848,
    0.005841,
    0.005784,
    0.005929,
    0.006,
    0.006641,
    0.006364,
    0.00598,
    0.006228,
    0.006044,
    0.006142,
    0.006741,
    0.006591,
    0.014494,
    0.017488,
    0.016015,
    0.011093,
    0.020244,
    0.029648,
    0.021437,
    0.017849,
    0.008729,
    0.012136,
    0.006565,
    0.006427,
    0.006214,
    0.006238,
    0.008448,
    0.006164,
    0.006275,
    0.006502,
    0.006302,
    0.006299,
    0.006333,
    0.006411,
    0.006228,
    0.006134,
    0.00615,
    0.006233,
    0.006399,
    0.006018,
    0.006004,
    0.0061,
    0.005955,
    0.005991,
    0.00604,
    0.005996,
    0.006154,
    0.006007,
    0.006104,
    0.005932,
    0.00599,
    0.00608,
    0.005918,
    0.006016,
    0.006009,
    0.005932,
    0.005956,
    0.006006,
    0.005982,
    0.005943,
    0.005978,
    0.006029,
    0.006067,
    0.005947,
    0.006015,
    0.005977,
    0.006004,
    0.006092,
    0.006052,
    0.006044,
    0.006114,
    0.005982,
    0.006075,
    0.005985,
    0.005986,
    0.006039,
    0.006093,
    0.005995,
    0.006041,
    0.006026,
    0.006051,
    0.006083,
    0.006049,
    0.006172,
    0.006386,
    0.006325,
    0.006158,
    0.006247,
    0.006253,
    0.006159,
    0.006289,
    0.006215,
    0.006234,
    0.006296,
    0.006156,
    0.006146,
    0.006202,
    0.006241,
    0.006209,
    0.006309,
    0.006165,
    0.006225,
    0.006256,
    0.006192,
    0.006194,
    0.006222,
    0.006193,
    0.006201,
    0.006192,
    0.006285,
    0.006285,
    0.006243,
    0.006323,
    0.006265,
    0.006325,
    0.006284,
    0.00625,
    0.006249,
    0.006275,
    0.006342,
    0.006287,
    0.006285,
    0.006269,
    0.006304,
    0.006266,
    0.006446,
    0.006336,
    0.006244,
    0.006223,
    0.006256,
    0.006284,
    0.006267,
    0.006268,
    0.006241,
    0.006412,
    0.006241,
    0.006361,
    0.006338,
    0.0063,
    0.00632,
    0.006318,
    0.006358,
    0.006304,
    0.006311,
    0.006303,
    0.006381,
    0.006392,
    0.006291,
    0.006253,
    0.006257,
    0.006275,
    0.006265,
    0.006327,
    0.006251,
    0.006273,
    0.006242,
    0.006255,
    0.006228,
    0.006223,
    0.006266,
    0.006237,
    0.006201,
    0.006201,
    0.006192,
    0.006211,
    0.00621,
    0.006227,
    0.006157,
    0.006172,
    0.006197,
    0.006222,
    0.006247,
    0.006227
  ],
  "per_company_mape": {
    "C10007": 0.008639,
    "C10019": 0.061678,
    "C10022": 0.027345,
    "C10204": 0.017753,
    "C10308": 0.041651,
    "C10336": 0.012601,
    "C1066": 0.028395,
    "C10783": 0.019002,
    "C10790": 0.021403,
    "C1090": 0.00465,
    "C11037": 0.021058,
    "C11126": 0.022866,
    "C11150": 0.830156,
    "C11231": 0.144584,
    "C12360": 0.01707,
    "C13420": 0.018873,
    "C13439": 0.023258,
    "C13501": 0.018563,
    "C13528": 0.007969,
    "C13587": 0.034429,
    "C13595": 0.006801,
    "C13641": 0.011952,
    "C13781": 0.031527,
    "C13889": 0.021075,
    "C13943": 0.017689,
    "C14044": 0.032373,
    "C14176": 0.01024,
    "C14257": 0.015432,
    "C14311": 0.022056,
    "C14370": 0.082308,
    "C14443": 0.029433,
    "C14550": 0.026267,
    "C14885": 0.026558,
    "C15024": 0.011956,
    "C15172": 0.016122,
    "C15199": 0.015159,
    "C15210": 0.032751,
    "C1538": 0.011974,
    "C15407": 0.008717,
    "C15997": 0.022379,
    "C16373": 0.024245,
    "C16799": 0.00683,
    "C1716": 0.014571,
    "C1767": 0.013942,
    "C17884": 0.63685,
    "C18163": 0.003367,
    "C18309": 0.00677,
    "C18380": 0.01024,
    "C18686": 0.018746,
    "C18791": 0.026243,
    "C19119": 0.0171,
    "C19780": 0.037272,
    "C2003": 0.0216,
    "C20430": 0.011674,
    "C20800": 0.002712,
    "C21172": 0.020438,
    "C2143": 0.009707,
    "C2208": 0.005703,
    "C22390": 0.002488,
    "C2259": 0.010891,
    "C23574": 0.017944,
    "C23663": 0.0,
    "C23876": 0.008619,
    "C25275": 0.016734,
    "C25755": 0.013426,
    "C26077": 0.012954,
    "C26808": 0.036099,
    "C26905": 0.022342,
    "C27022": 0.008298,
    "C27065": 0.035683,
    "C27499": 0.030055,
    "C27766": 0.04185,
    "C29297": 0.000486,
    "C29378": 0.001375,
    "C29440": 0.013153,
    "C31062": 0.037909,