{
  "arch": "gru_baseline",
  "lob": "private_passenger_auto",
  "config_idx": 66,
  "dropout_rate": 0.06279,
  "learning_rate": 0.00171,
  "batch_size": 1024,
  "max_epochs": 1000,
  "gru_units": 128,
  "dense_units": 64,
  "mape": 0.06562948270120669,
  "rmspe": 0.138869676778108,
  "n_companies": 121,
  "n_filtered": 7,
  "mape_std": 0.0921034469116556,
  "mape_p25": 0.02357162744936507,
  "mape_p75": 0.0776184540793126,
  "training_time": 16.73,
  "epochs_trained": 201,
  "best_val_loss": 0.006402118306141347,
  "train_loss_curve": [
    0.038501,
    0.036931,
    0.035991,
    0.03512,
    0.034767,
    0.033964,
    0.034284,
    0.033922,
    0.033724,
    0.032598,
    0.032104,
    0.031508,
    0.032717,
    0.030344,
    0.029974,
    0.0428,
    0.02821,
    0.02807,
    0.030355,
    0.028228,
    0.039553,
    0.025313,
    0.024693,
    0.024171,
    0.024329,
    0.02445,
    0.022845,
    0.030643,
    0.023398,
    0.023168,
    0.022575,
    0.021455,
    0.035602,
    0.028488,
    0.023615,
    0.041412,
    0.021261,
    0.026063,
    0.020973,
    0.022407,
    0.028168,
    0.031945,
    0.024858,
    0.021144,
    0.020162,
    0.027665,
    0.021313,
    0.022179,
    0.028656,
    0.018557,
    0.021331,
    0.026194,
    0.01793,
    0.021247,
    0.016836,
    0.025139,
    0.018397,
    0.019411,
    0.01745,
    0.017665,
    0.019507,
    0.017,
    0.018792,
    0.016849,
    0.032681,
    0.01605,
    0.01682,
    0.016038,
    0.020723,
    0.016346,
    0.020042,
    0.015801,
    0.017143,
    0.015024,
    0.014419,
    0.021972,
    0.01575,
    0.018416,
    0.014177,
    0.014429,
    0.013608,
    0.015785,
    0.012313,
    0.023315,
    0.01421,
    0.024545,
    0.014511,
    0.015304,
    0.013788,
    0.011141,
    0.013807,
    0.012553,
    0.011781,
    0.01355,
    0.011529,
    0.013002,
    0.010487,
    0.014347,
    0.010843,
    0.011297,
    0.010924,
    0.019536,
    0.012516,
    0.010936,
    0.010644,
    0.009777,
    0.029888,
    0.009348,
    0.009878,
    0.009156,
    0.011441,
    0.009106,
    0.00961,
    0.00907,
    0.013831,
    0.008452,
    0.009531,
    0.011012,
    0.01546,
    0.014073,
    0.008073,
    0.021529,
    0.020767,
    0.010859,
    0.008651,
    0.007899,
    0.007783,
    0.021932,
    0.009499,
    0.008146,
    0.008282,
    0.008152,
    0.010412,
    0.01379,
    0.014545,
    0.008713,
    0.008173,
    0.006771,
    0.006862,
    0.014418,
    0.010266,
    0.010258,
    0.010628,
    0.021127,
    0.006786,
    0.008106,
    0.008302,
    0.007171,
    0.008097,
    0.021121,
    0.005923,
    0.006886,
    0.006844,
    0.005818,
    0.005994,
    0.006301,
    0.005777,
    0.020615,
    0.009618,
    0.005455,
    0.00581,
    0.005102,
    0.005224,
    0.005911,
    0.008559,
    0.006404,
    0.005909,
    0.012866,
    0.00596,
    0.013722,
    0.005297,
    0.013827,
    0.005506,
    0.005233,
    0.012024,
    0.004934,
    0.005872,
    0.005414,
    0.016368,
    0.013214,
    0.008794,
    0.013669,
    0.007178,
    0.00898,
    0.021009,
    0.006858,
    0.00576,
    0.006433,
    0.006522,
    0.004687,
    0.005583,
    0.005423,
    0.006248,
    0.007059,
    0.011962,
    0.020177,
    0.01278,
    0.007118,
    0.005626,
    0.005595,
    0.006676
  ],
  "val_loss_curve": [
    0.006402,
    0.006576,
    0.006514,
    0.006438,
    0.006495,
    0.00649,
    0.006945,
    0.007074,
    0.007317,
    0.007411,
    0.010033,
    0.011469,
    0.011367,
    0.011203,
    0.015929,
    0.022425,
    0.025046,
    0.026595,
    0.024397,
    0.04652,
    0.0408,
    0.042208,
    0.042036,
    0.055931,
    0.038986,
    0.037081,
    0.059625,
    0.068485,
    0.073478,
    0.07854,
    0.070897,
    0.100135,
    0.037604,
    0.021531,
    0.020608,
    0.020273,
    0.025584,
    0.028199,
    0.037395,
    0.043182,
    0.044342,
    0.046806,
    0.058299,
    0.06012,
    0.05192,
    0.046513,
    0.044444,
    0.045371,
    0.046315,
    0.049631,
    0.048598,
    0.046725,
    0.047669,
    0.047339,
    0.051199,
    0.052475,
    0.052572,
    0.054821,
    0.054514,
    0.055641,
    0.056416,
    0.054462,
    0.061017,
    0.058352,
    0.053514,
    0.05276,
    0.054317,
    0.058332,
    0.058526,
    0.062833,
    0.06117,
    0.057453,
    0.057693,
    0.05941,
    0.060402,
    0.046153,
    0.040349,
    0.036827,
    0.040818,
    0.041974,
    0.044253,
    0.039321,
    0.035509,
    0.035171,
    0.039449,
    0.040426,
    0.039919,
    0.035622,
    0.042933,
    0.047644,
    0.049394,
    0.045442,
    0.046127,
    0.047696,
    0.046864,
    0.041326,
    0.037875,
    0.036743,
    0.044569,
    0.046899,
    0.042563,
    0.037191,
    0.035604,
    0.039393,
    0.040998,
    0.042245,
    0.041157,
    0.038261,
    0.032884,
    0.030558,
    0.029611,
    0.028722,
    0.026705,
    0.027494,
    0.028522,
    0.028906,
    0.031416,
    0.03176,
    0.030086,
    0.028262,
    0.027629,
    0.027715,
    0.026079,
    0.024458,
    0.025916,
    0.028941,
    0.027478,
    0.025086,
    0.023342,
    0.024321,
    0.026552,
    0.027572,
    0.025002,
    0.019851,
    0.017153,
    0.014202,
    0.01547,
    0.016836,
    0.018908,
    0.019509,
    0.020298,
    0.020813,
    0.01903,
    0.015869,
    0.014783,
    0.017424,
    0.020634,
    0.021383,
    0.023215,
    0.021886,
    0.022313,
    0.01947,
    0.018291,
    0.018334,
    0.018516,
    0.019195,
    0.018994,
    0.017849,
    0.017309,
    0.017297,
    0.017847,
    0.019023,
    0.019368,
    0.018368,
    0.017215,
    0.016284,
    0.015733,
    0.015933,
    0.016545,
    0.017186,
    0.017859,
    0.018066,
    0.017047,
    0.015882,
    0.015836,
    0.015998,
    0.016893,
    0.017941,
    0.017936,
    0.017764,
    0.017519,
    0.018591,
    0.018955,
    0.017755,
    0.016573,
    0.016459,
    0.016581,
    0.016614,
    0.016782,
    0.018169,
    0.019554,
    0.019667,
    0.01837,
    0.017179,
    0.016981,
    0.016817,
    0.016617,
    0.016138,
    0.015329,
    0.015923,
    0.017284
  ],
  "per_company_mape": {
    "C10007": 0.036753,
    "C10019": 0.068015,
    "C10022": 0.03819,
    "C10204": 0.123548,
    "C10308": 0.0,
    "C10336": 0.014565,
    "C1066": 0.033762,
    "C10783": 0.070187,
    "C10790": 0.063365,
    "C1090": 0.05555,
    "C11037": 0.090571,
    "C11126": 0.028049,
    "C11150": 0.638354,
    "C11231": 0.346785,
    "C12360": 0.016977,
    "C13420": 0.035725,
    "C13439": 0.059479,
    "C13501": 0.022226,
    "C13528": 0.009938,
    "C13587": 0.034909,
    "C13595": 0.029609,
    "C13641": 0.075201,
    "C13781": 0.150659,
    "C13889": 0.090084,
    "C13943": 0.025647,
    "C14044": 0.094204,
    "C14176": 0.020833,
    "C14257": 0.020254,
    "C14311": 0.077868,
    "C14370": 0.037637,
    "C14443": 0.059396,
    "C14550": 0.01519,
    "C14885": 0.120263,
    "C15024": 0.022992,
    "C15172": 0.060899,
    "C15199": 0.050357,
    "C15210": 0.034673,
    "C1538": 0.017968,
    "C15407": 0.052634,
    "C15997": 0.091185,
    "C16373": 0.063558,
    "C16799": 0.079248,
    "C1716": 0.07272,
    "C1767": 0.036647,
    "C17884": 0.718062,
    "C18163": 0.111841,
    "C18309": 0.029294,
    "C18380": 0.007966,
    "C18686": 0.040324,
    "C18791": 0.057218,
    "C19119": 0.097682,
    "C19780": 0.100814,
    "C2003": 0.103125,
    "C20430": 0.023572,
    "C20800": 0.037856,
    "C21172": 0.107702,
    "C2143": 0.012582,
    "C2208": 0.035601,
    "C22390": 6e-05,
    "C2259": 0.00655,
    "C23574": 0.04033,
    "C23663": 0.0,
    "C23876": 0.021255,
    "C25275": 0.045318,
    "C25755": 0.010445,
    "C26077": 0.05505,
    "C26808": 0.067853,
    "C26905": 0.004081,
    "C27022": 0.091801,
    "C27065": 0.12712,
    "C27499": 0.058864,
    "C27766": 0.115192,
    "C29297": 0.005468,
    "C29378": 0.052369,
    "C29440": 0.030602,
    "C31062": 0.05411,