{
  "arch": "gru_baseline",
  "lob": "private_passenger_auto",
  "config_idx": 22,
  "dropout_rate": 0.01408,
  "learning_rate": 0.0002985,
  "batch_size": 512,
  "max_epochs": 500,
  "gru_units": 64,
  "dense_units": 32,
  "mape": 0.049449334825412555,
  "rmspe": 0.49307826672290306,
  "n_companies": 122,
  "n_filtered": 2,
  "mape_std": 0.34807087410353077,
  "mape_p25": 0.005133501857125441,
  "mape_p75": 0.018369434238367448,
  "training_time": 26.86,
  "epochs_trained": 210,
  "best_val_loss": 0.0059256021631881595,
  "train_loss_curve": [
    0.042483,
    0.041533,
    0.040871,
    0.040313,
    0.039751,
    0.039334,
    0.038925,
    0.03859,
    0.038274,
    0.037835,
    0.037988,
    0.037463,
    0.037223,
    0.037313,
    0.036877,
    0.037048,
    0.036696,
    0.036395,
    0.036305,
    0.036198,
    0.035968,
    0.03586,
    0.036168,
    0.035614,
    0.035403,
    0.035295,
    0.035077,
    0.034903,
    0.035158,
    0.034713,
    0.034478,
    0.034347,
    0.034338,
    0.034058,
    0.034715,
    0.034376,
    0.033584,
    0.033582,
    0.033693,
    0.033706,
    0.032972,
    0.032808,
    0.03288,
    0.032462,
    0.032641,
    0.032393,
    0.032246,
    0.032156,
    0.031896,
    0.031429,
    0.031328,
    0.031174,
    0.031515,
    0.030852,
    0.030629,
    0.030583,
    0.031412,
    0.03428,
    0.03035,
    0.030504,
    0.030076,
    0.030281,
    0.029618,
    0.029453,
    0.029285,
    0.029285,
    0.029322,
    0.029426,
    0.029452,
    0.029332,
    0.029484,
    0.029095,
    0.029146,
    0.028873,
    0.028492,
    0.028519,
    0.028668,
    0.028566,
    0.02884,
    0.028345,
    0.028248,
    0.028481,
    0.028256,
    0.030053,
    0.028048,
    0.027874,
    0.027864,
    0.028273,
    0.028081,
    0.0277,
    0.027955,
    0.027589,
    0.027431,
    0.027408,
    0.027277,
    0.027041,
    0.026974,
    0.027928,
    0.027169,
    0.026901,
    0.027309,
    0.027039,
    0.027051,
    0.02661,
    0.026532,
    0.026303,
    0.026478,
    0.026507,
    0.02683,
    0.026083,
    0.02624,
    0.026058,
    0.026033,
    0.026594,
    0.026123,
    0.02586,
    0.02597,
    0.026088,
    0.026604,
    0.02567,
    0.025718,
    0.025629,
    0.025768,
    0.025944,
    0.026201,
    0.026009,
    0.025517,
    0.028156,
    0.026171,
    0.025865,
    0.02547,
    0.025697,
    0.03223,
    0.025476,
    0.025723,
    0.025836,
    0.025587,
    0.02531,
    0.026204,
    0.025447,
    0.025299,
    0.025864,
    0.025107,
    0.025451,
    0.025442,
    0.025174,
    0.025133,
    0.025496,
    0.024806,
    0.025641,
    0.02494,
    0.024897,
    0.025018,
    0.025384,
    0.024883,
    0.025031,
    0.025143,
    0.025388,
    0.025044,
    0.024918,
    0.025213,
    0.024611,
    0.02499,
    0.024556,
    0.024793,
    0.024741,
    0.024635,
    0.024471,
    0.024581,
    0.024706,
    0.02548,
    0.02743,
    0.024529,
    0.024479,
    0.025009,
    0.024918,
    0.024603,
    0.024191,
    0.024375,
    0.024497,
    0.024519,
    0.024597,
    0.024433,
    0.024577,
    0.024984,
    0.024996,
    0.024364,
    0.024344,
    0.024179,
    0.02481,
    0.024635,
    0.024233,
    0.024162,
    0.02441,
    0.024429,
    0.024248,
    0.024354,
    0.023985,
    0.024578,
    0.024195,
    0.02405,
    0.024022,
    0.024179,
    0.024483,
    0.024459,
    0.024196,
    0.024621,
    0.024364,
    0.024082,
    0.023996
  ],
  "val_loss_curve": [
    0.006969,
    0.006804,
    0.006564,
    0.006439,
    0.006424,
    0.006225,
    0.006082,
    0.00604,
    0.006061,
    0.005926,
    0.005998,
    0.005964,
    0.00604,
    0.005998,
    0.006078,
    0.00613,
    0.006198,
    0.00619,
    0.006306,
    0.006376,
    0.006324,
    0.006536,
    0.006392,
    0.006479,
    0.006587,
    0.006766,
    0.006888,
    0.007165,
    0.007217,
    0.007593,
    0.007595,
    0.007781,
    0.007981,
    0.008131,
    0.008306,
    0.008256,
    0.008381,
    0.009036,
    0.008991,
    0.009878,
    0.009748,
    0.010005,
    0.010296,
    0.010619,
    0.011114,
    0.011248,
    0.012138,
    0.012393,
    0.012246,
    0.012414,
    0.012615,
    0.013603,
    0.014404,
    0.014574,
    0.014381,
    0.013961,
    0.015119,
    0.015143,
    0.015408,
    0.014861,
    0.016049,
    0.01596,
    0.016044,
    0.016114,
    0.016617,
    0.016783,
    0.016841,
    0.017068,
    0.017234,
    0.016968,
    0.016991,
    0.017797,
    0.018582,
    0.018874,
    0.018917,
    0.018692,
    0.019359,
    0.020195,
    0.02042,
    0.020494,
    0.020745,
    0.020092,
    0.020645,
    0.02076,
    0.0212,
    0.021087,
    0.021229,
    0.021442,
    0.021815,
    0.022388,
    0.022602,
    0.022959,
    0.022698,
    0.022499,
    0.023247,
    0.023538,
    0.023808,
    0.023691,
    0.02449,
    0.025141,
    0.025447,
    0.025667,
    0.025727,
    0.026319,
    0.026805,
    0.026492,
    0.026606,
    0.02697,
    0.027275,
    0.0277,
    0.028019,
    0.028359,
    0.028822,
    0.028883,
    0.028948,
    0.028945,
    0.029237,
    0.029154,
    0.029258,
    0.029614,
    0.029863,
    0.030048,
    0.030239,
    0.030621,
    0.030783,
    0.031098,
    0.031086,
    0.030981,
    0.031253,
    0.031272,
    0.031588,
    0.031659,
    0.03168,
    0.031645,
    0.031669,
    0.03206,
    0.032499,
    0.032781,
    0.032926,
    0.032811,
    0.03299,
    0.033116,
    0.033156,
    0.033297,
    0.033437,
    0.033522,
    0.033949,
    0.033935,
    0.033983,
    0.034371,
    0.034408,
    0.034362,
    0.034925,
    0.034739,
    0.035069,
    0.035353,
    0.035899,
    0.036106,
    0.035949,
    0.036253,
    0.036474,
    0.036711,
    0.036501,
    0.036742,
    0.036794,
    0.036938,
    0.036916,
    0.036999,
    0.037141,
    0.037413,
    0.037499,
    0.037449,
    0.037423,
    0.037461,
    0.0377,
    0.037979,
    0.038133,
    0.038217,
    0.038454,
    0.038436,
    0.038295,
    0.038503,
    0.038645,
    0.03861,
    0.038879,
    0.039015,
    0.039174,
    0.039243,
    0.039208,
    0.039325,
    0.039535,
    0.039516,
    0.039692,
    0.039632,
    0.039746,
    0.039758,
    0.039815,
    0.039898,
    0.039964,
    0.040047,
    0.040314,
    0.040302,
    0.040381,
    0.040551,
    0.040654,
    0.040611,
    0.040697,
    0.040837,
    0.040912,
    0.040957
  ],
  "per_company_mape": {
    "C10007": 0.009427,
    "C10019": 0.058927,
    "C10022": 0.02055,
    "C10204": 0.00526,
    "C10308": 0.006227,
    "C10336": 0.004996,
    "C1066": 0.028801,
    "C10783": 0.002365,
    "C10790": 0.010858,
    "C1090": 0.004641,
    "C11037": 0.03587,
    "C11126": 0.014921,
    "C11150": 3.808798,
    "C11231": 0.008079,
    "C12360": 0.004983,
    "C13420": 0.025221,
    "C13439": 0.002751,
    "C13501": 0.011896,
    "C13528": 0.005207,
    "C13587": 0.034248,
    "C13595": 0.012929,
    "C13641": 0.00098,
    "C13781": 0.01371,
    "C13889": 0.009858,
    "C13943": 0.018063,
    "C14044": 0.039855,
    "C14176": 0.007353,
    "C14257": 0.013143,
    "C14311": 0.026516,
    "C14370": 0.084612,
    "C14443": 0.004069,
    "C14550": 0.010631,
    "C14885": 0.005319,
    "C15024": 0.009572,
    "C15172": 0.002981,
    "C15199": 0.012661,
    "C15210": 0.025283,
    "C1538": 0.011792,
    "C15407": 0.012802,
    "C15997": 0.013157,
    "C16373": 0.006359,
    "C16799": 0.001921,
    "C1716": 0.006548,
    "C1767": 0.009566,
    "C17884": 0.639255,
    "C18163": 0.006422,
    "C18309": 0.013347,
    "C18380": 0.005925,
    "C18686": 0.006915,
    "C18791": 0.020917,
    "C19119": 0.006813,
    "C19780": 0.045507,
    "C2003": 0.006263,
    "C20430": 0.00437,
    "C20800": 0.0,
    "C21172": 0.03002,
    "C2143": 0.012577,
    "C2208": 0.004484,
    "C22390": 0.002047,
    "C2259": 0.007501,
    "C23574": 0.021668,
    "C23663": 0.0,
    "C23876": 0.016196,
    "C25275": 0.01065,
    "C25755": 0.00817,
    "C26077": 0.018965,