{
  "arch": "gru_baseline",
  "lob": "private_passenger_auto",
  "config_idx": 20,
  "dropout_rate": 0.15296,
  "learning_rate": 0.000441,
  "batch_size": 256,
  "max_epochs": 500,
  "gru_units": 256,
  "dense_units": 64,
  "mape": 0.03642964179832992,
  "rmspe": 0.08753684119099389,
  "n_companies": 122,
  "n_filtered": 5,
  "mape_std": 0.060817085037400694,
  "mape_p25": 0.01741784713911992,
  "mape_p75": 0.03737173300815858,
  "training_time": 31.59,
  "epochs_trained": 201,
  "best_val_loss": 0.006873941705894789,
  "train_loss_curve": [
    0.040661,
    0.038853,
    0.038632,
    0.038233,
    0.03747,
    0.037235,
    0.03802,
    0.03708,
    0.036994,
    0.036171,
    0.035648,
    0.034919,
    0.034655,
    0.034638,
    0.034118,
    0.034488,
    0.033929,
    0.033117,
    0.032624,
    0.031981,
    0.032935,
    0.032347,
    0.030617,
    0.031359,
    0.031194,
    0.035484,
    0.030732,
    0.036209,
    0.029964,
    0.029304,
    0.028203,
    0.032559,
    0.03116,
    0.034867,
    0.033897,
    0.027576,
    0.027297,
    0.032136,
    0.028217,
    0.037067,
    0.033362,
    0.027502,
    0.026878,
    0.033521,
    0.029449,
    0.032474,
    0.026123,
    0.028148,
    0.025356,
    0.024922,
    0.02708,
    0.024738,
    0.023851,
    0.024608,
    0.022435,
    0.024546,
    0.023622,
    0.023373,
    0.023974,
    0.026981,
    0.024643,
    0.022892,
    0.028023,
    0.023365,
    0.02272,
    0.028992,
    0.028614,
    0.022946,
    0.022652,
    0.031073,
    0.021258,
    0.022254,
    0.021383,
    0.027002,
    0.021973,
    0.033304,
    0.025454,
    0.022799,
    0.021232,
    0.026079,
    0.021963,
    0.022643,
    0.022029,
    0.027943,
    0.023342,
    0.029518,
    0.029074,
    0.022704,
    0.021416,
    0.026032,
    0.019952,
    0.020388,
    0.020808,
    0.020812,
    0.020014,
    0.020297,
    0.022028,
    0.018213,
    0.025079,
    0.027303,
    0.029741,
    0.023164,
    0.021231,
    0.020555,
    0.033964,
    0.019817,
    0.020168,
    0.022891,
    0.020584,
    0.021742,
    0.019721,
    0.020521,
    0.018032,
    0.01879,
    0.022782,
    0.018944,
    0.020086,
    0.02889,
    0.017637,
    0.018969,
    0.020036,
    0.019606,
    0.019019,
    0.019435,
    0.026489,
    0.020474,
    0.026097,
    0.027185,
    0.02737,
    0.01975,
    0.025775,
    0.019595,
    0.020856,
    0.018654,
    0.019558,
    0.0215,
    0.02924,
    0.017555,
    0.021262,
    0.024351,
    0.018465,
    0.017818,
    0.019224,
    0.024619,
    0.028031,
    0.021766,
    0.028557,
    0.019008,
    0.01746,
    0.019009,
    0.027316,
    0.019094,
    0.019574,
    0.027046,
    0.023338,
    0.024549,
    0.022286,
    0.021886,
    0.023981,
    0.017713,
    0.029263,
    0.027616,
    0.019228,
    0.024604,
    0.021976,
    0.017329,
    0.018381,
    0.017706,
    0.027038,
    0.019151,
    0.026527,
    0.017892,
    0.018493,
    0.023076,
    0.018081,
    0.019544,
    0.017808,
    0.019816,
    0.017624,
    0.018958,
    0.031123,
    0.034557,
    0.019003,
    0.0197,
    0.016195,
    0.018205,
    0.032554,
    0.016295,
    0.01808,
    0.025484,
    0.01828,
    0.031957,
    0.021217,
    0.015629,
    0.026231,
    0.032059,
    0.02246,
    0.017745,
    0.023808,
    0.024903,
    0.018091
  ],
  "val_loss_curve": [
    0.006969,
    0.006874,
    0.006932,
    0.006889,
    0.006905,
    0.007063,
    0.006897,
    0.007239,
    0.007813,
    0.007885,
    0.009965,
    0.009798,
    0.012702,
    0.010333,
    0.012315,
    0.014924,
    0.01554,
    0.016455,
    0.018049,
    0.022467,
    0.022111,
    0.028649,
    0.032093,
    0.029695,
    0.04226,
    0.040764,
    0.041725,
    0.039039,
    0.038951,
    0.039148,
    0.045128,
    0.039094,
    0.047351,
    0.045886,
    0.039532,
    0.048048,
    0.05651,
    0.034959,
    0.057334,
    0.034356,
    0.029074,
    0.042866,
    0.05975,
    0.060485,
    0.047944,
    0.043766,
    0.054587,
    0.046785,
    0.062021,
    0.072198,
    0.067089,
    0.078997,
    0.098166,
    0.101502,
    0.107394,
    0.110767,
    0.099728,
    0.098956,
    0.082892,
    0.072262,
    0.064331,
    0.075475,
    0.089992,
    0.088923,
    0.08952,
    0.091225,
    0.090754,
    0.089365,
    0.094521,
    0.076526,
    0.078309,
    0.073111,
    0.073253,
    0.078311,
    0.087807,
    0.080364,
    0.076372,
    0.073614,
    0.073069,
    0.075995,
    0.070763,
    0.094392,
    0.096878,
    0.092309,
    0.084859,
    0.082725,
    0.07568,
    0.06189,
    0.06508,
    0.072192,
    0.066003,
    0.064727,
    0.063352,
    0.063557,
    0.069709,
    0.0793,
    0.076004,
    0.067274,
    0.067306,
    0.062917,
    0.060845,
    0.105338,
    0.109025,
    0.108197,
    0.103544,
    0.096871,
    0.09589,
    0.096734,
    0.10049,
    0.095913,
    0.096041,
    0.099121,
    0.099143,
    0.108705,
    0.107394,
    0.109079,
    0.10812,
    0.095711,
    0.092414,
    0.093624,
    0.094532,
    0.093905,
    0.090977,
    0.091245,
    0.090068,
    0.088149,
    0.0901,
    0.08808,
    0.086244,
    0.092076,
    0.097477,
    0.093519,
    0.096187,
    0.089467,
    0.08681,
    0.083943,
    0.08173,
    0.086441,
    0.086103,
    0.085434,
    0.083052,
    0.076592,
    0.07224,
    0.071559,
    0.072321,
    0.073922,
    0.071817,
    0.068268,
    0.069256,
    0.069287,
    0.071934,
    0.072955,
    0.076285,
    0.077008,
    0.07789,
    0.077103,
    0.077609,
    0.075874,
    0.07597,
    0.074308,
    0.067896,
    0.069595,
    0.071683,
    0.073215,
    0.074349,
    0.073782,
    0.070274,
    0.06938,
    0.066861,
    0.065681,
    0.063963,
    0.064827,
    0.063176,
    0.062697,
    0.062687,
    0.061817,
    0.061531,
    0.061417,
    0.060437,
    0.060256,
    0.06457,
    0.06616,
    0.066636,
    0.064836,
    0.064659,
    0.068311,
    0.070861,
    0.06814,
    0.06229,
    0.060019,
    0.058459,
    0.056752,
    0.058298,
    0.061436,
    0.065939,
    0.069778,
    0.070249,
    0.071172,
    0.071384,
    0.068829,
    0.066525
  ],
  "per_company_mape": {
    "C10007": 0.011971,
    "C10019": 0.063055,
    "C10022": 0.031189,
    "C10204": 0.010334,
    "C10308": 0.011904,
    "C10336": 0.014129,
    "C1066": 0.037307,
    "C10783": 0.021835,
    "C10790": 0.036864,
    "C1090": 0.020635,
    "C11037": 0.059867,
    "C11126": 0.040915,
    "C11150": 0.108793,
    "C11231": 0.203029,
    "C12360": 0.006609,
    "C13420": 0.036862,
    "C13439": 0.00985,
    "C13501": 0.017561,
    "C13528": 0.002653,
    "C13587": 0.047106,
    "C13595": 0.012929,
    "C13641": 0.012491,
    "C13781": 0.016635,
    "C13889": 0.027302,
    "C13943": 0.025412,
    "C14044": 0.060699,
    "C14176": 0.040403,
    "C14257": 0.022125,
    "C14311": 0.01595,
    "C14370": 0.063955,
    "C14443": 0.027597,
    "C14550": 0.032197,
    "C14885": 0.078333,
    "C15024": 0.031235,
    "C15172": 0.051036,
    "C15199": 0.016923,
    "C15210": 0.032589,
    "C1538": 0.020708,
    "C15407": 0.04407,
    "C15997": 0.021338,
    "C16373": 0.029777,
    "C16799": 0.019003,
    "C1716": 0.020747,
    "C1767": 0.024222,
    "C17884": 0.644803,
    "C18163": 0.0207,
    "C18309": 0.030863,
    "C18380": 0.015568,
    "C18686": 0.02481,
    "C18791": 0.030174,
    "C19119": 0.100357,
    "C19780": 0.072643,
    "C2003": 0.038002,
    "C20430": 0.039981,
    "C20800": 0.040728,
    "C21172": 0.039955,
    "C2143": 0.019396,
    "C2208": 0.010847,
    "C22390": 0.032351,
    "C2259": 0.032469,
    "C23574": 0.021617,
    "C23663": 0.0,
    "C23876": 0.020004,
    "C25275": 0.021631,
    "C25755": 0.02222,
    "C26077": 0.032546,
    "C26808": 0.047197,
    "C26905": 0.011828,
    "C27022": 0.026102,
    "C27065": 0.016931,
    "C27499": 0.02582,
    "C27766": 0.013555,
    "C29297": 0.018095,
    "C29378": 0.025401,
    "C29440": 0.014688,
    "C31062": 0.052525,