{
  "arch": "gru_baseline",
  "lob": "private_passenger_auto",
  "config_idx": 29,
  "dropout_rate": 0.08632,
  "learning_rate": 0.003449,
  "batch_size": 1024,
  "max_epochs": 1000,
  "gru_units": 64,
  "dense_units": 32,
  "mape": 0.055800156674854766,
  "rmspe": 0.14444847567553595,
  "n_companies": 122,
  "n_filtered": 3,
  "mape_std": 0.10150515448540869,
  "mape_p25": 0.015799892952252686,
  "mape_p75": 0.06140076615450912,
  "training_time": 27.76,
  "epochs_trained": 201,
  "best_val_loss": 0.006136265932582319,
  "train_loss_curve": [
    0.039561,
    0.036938,
    0.035313,
    0.034367,
    0.034657,
    0.03394,
    0.032709,
    0.037903,
    0.031367,
    0.030671,
    0.030426,
    0.027816,
    0.027137,
    0.02801,
    0.027262,
    0.025647,
    0.029244,
    0.028031,
    0.027472,
    0.026416,
    0.024243,
    0.023868,
    0.023067,
    0.02396,
    0.029947,
    0.023513,
    0.030423,
    0.023978,
    0.027551,
    0.021999,
    0.028635,
    0.020676,
    0.028109,
    0.027499,
    0.018554,
    0.018448,
    0.023092,
    0.026183,
    0.017918,
    0.021039,
    0.025907,
    0.017427,
    0.017603,
    0.014565,
    0.018452,
    0.025198,
    0.026074,
    0.015572,
    0.015961,
    0.014343,
    0.025545,
    0.01694,
    0.011152,
    0.014031,
    0.02234,
    0.014663,
    0.013435,
    0.011856,
    0.019517,
    0.017249,
    0.013791,
    0.012807,
    0.012341,
    0.009104,
    0.022299,
    0.011251,
    0.009636,
    0.011856,
    0.015438,
    0.02462,
    0.008795,
    0.007735,
    0.01256,
    0.008582,
    0.018813,
    0.016252,
    0.022533,
    0.01593,
    0.016333,
    0.008873,
    0.008927,
    0.014847,
    0.007549,
    0.023165,
    0.021798,
    0.01182,
    0.008676,
    0.006834,
    0.007124,
    0.006883,
    0.02224,
    0.008193,
    0.023678,
    0.007664,
    0.014692,
    0.026214,
    0.007316,
    0.005898,
    0.019637,
    0.008633,
    0.017057,
    0.012057,
    0.008424,
    0.012463,
    0.005725,
    0.007358,
    0.014424,
    0.006661,
    0.005483,
    0.005405,
    0.005662,
    0.005783,
    0.00781,
    0.004702,
    0.020387,
    0.007582,
    0.005876,
    0.016542,
    0.006929,
    0.005129,
    0.005953,
    0.009324,
    0.00852,
    0.007087,
    0.006684,
    0.005406,
    0.00551,
    0.005261,
    0.005305,
    0.005785,
    0.028768,
    0.00503,
    0.005271,
    0.012142,
    0.011937,
    0.011271,
    0.011447,
    0.00676,
    0.00528,
    0.020709,
    0.005638,
    0.019429,
    0.012319,
    0.005047,
    0.011436,
    0.020287,
    0.004657,
    0.006032,
    0.005838,
    0.005033,
    0.005268,
    0.006213,
    0.00626,
    0.006405,
    0.00488,
    0.004594,
    0.005216,
    0.008343,
    0.006588,
    0.005357,
    0.006,
    0.00602,
    0.023197,
    0.010292,
    0.006238,
    0.009096,
    0.005411,
    0.019772,
    0.004704,
    0.005829,
    0.005376,
    0.025646,
    0.004943,
    0.004622,
    0.006522,
    0.005101,
    0.011108,
    0.020308,
    0.010692,
    0.011017,
    0.011495,
    0.005777,
    0.012227,
    0.026297,
    0.008842,
    0.005413,
    0.005474,
    0.004993,
    0.00506,
    0.016409,
    0.005079,
    0.005376,
    0.005747,
    0.007414,
    0.008422,
    0.00487,
    0.005387,
    0.007716,
    0.014349,
    0.004814,
    0.005242
  ],
  "val_loss_curve": [
    0.00656,
    0.006305,
    0.006467,
    0.006691,
    0.007353,
    0.007666,
    0.008437,
    0.009312,
    0.015202,
    0.016749,
    0.01862,
    0.02529,
    0.030718,
    0.035922,
    0.028204,
    0.03764,
    0.030717,
    0.029513,
    0.031195,
    0.041213,
    0.049829,
    0.044301,
    0.045462,
    0.045567,
    0.049809,
    0.054102,
    0.04933,
    0.056866,
    0.066551,
    0.074382,
    0.071409,
    0.065633,
    0.049558,
    0.056729,
    0.063284,
    0.056784,
    0.038087,
    0.028743,
    0.031362,
    0.043934,
    0.054629,
    0.040326,
    0.034243,
    0.057854,
    0.065303,
    0.050967,
    0.032469,
    0.031752,
    0.038121,
    0.049012,
    0.053063,
    0.039934,
    0.020986,
    0.017266,
    0.015668,
    0.013407,
    0.013699,
    0.015997,
    0.015638,
    0.018998,
    0.024762,
    0.029132,
    0.030955,
    0.028569,
    0.023047,
    0.01575,
    0.014909,
    0.021764,
    0.025088,
    0.026664,
    0.027152,
    0.027987,
    0.023919,
    0.022611,
    0.021772,
    0.020397,
    0.018173,
    0.016312,
    0.014369,
    0.016886,
    0.019298,
    0.013262,
    0.007284,
    0.006167,
    0.007012,
    0.016574,
    0.024611,
    0.01645,
    0.012657,
    0.010659,
    0.010026,
    0.019803,
    0.021195,
    0.015253,
    0.013108,
    0.012638,
    0.013962,
    0.014228,
    0.016158,
    0.027675,
    0.031305,
    0.027919,
    0.022568,
    0.018552,
    0.016609,
    0.012814,
    0.010152,
    0.01319,
    0.014597,
    0.014329,
    0.015097,
    0.015545,
    0.01363,
    0.012112,
    0.012472,
    0.011913,
    0.011982,
    0.00998,
    0.007985,
    0.007489,
    0.007899,
    0.011036,
    0.010786,
    0.006975,
    0.0072,
    0.00808,
    0.008911,
    0.008759,
    0.007613,
    0.007926,
    0.009951,
    0.011435,
    0.011455,
    0.011063,
    0.010456,
    0.009411,
    0.008661,
    0.00878,
    0.011534,
    0.013461,
    0.013332,
    0.013413,
    0.013028,
    0.012953,
    0.013193,
    0.011354,
    0.009937,
    0.009359,
    0.008627,
    0.008123,
    0.007701,
    0.007987,
    0.008524,
    0.008894,
    0.008606,
    0.008072,
    0.007367,
    0.00674,
    0.006598,
    0.006492,
    0.006287,
    0.006362,
    0.006395,
    0.006549,
    0.006652,
    0.006746,
    0.00733,
    0.007646,
    0.007451,
    0.006549,
    0.006287,
    0.006203,
    0.006182,
    0.006165,
    0.006147,
    0.006191,
    0.006204,
    0.006165,
    0.006174,
    0.006157,
    0.006136,
    0.006163,
    0.006213,
    0.006214,
    0.006246,
    0.006263,
    0.006272,
    0.006209,
    0.006286,
    0.006501,
    0.006378,
    0.006302,
    0.006499,
    0.006591,
    0.006302,
    0.006177,
    0.006364,
    0.006454,
    0.006258,
    0.006163,
    0.006151
  ],
  "per_company_mape": {
    "C10007": 0.021616,
    "C10019": 0.058927,
    "C10022": 0.034253,
    "C10204": 0.075518,
    "C10308": 0.0,
    "C10336": 0.107355,
    "C1066": 0.048482,
    "C10783": 0.029604,
    "C10790": 0.039521,
    "C1090": 0.016235,
    "C11037": 0.121633,
    "C11126": 0.137946,
    "C11150": 0.624991,
    "C11231": 0.244734,
    "C12360": 0.006609,
    "C13420": 0.05293,
    "C13439": 0.075492,
    "C13501": 0.055601,
    "C13528": 0.0,
    "C13587": 0.061198,
    "C13595": 0.012749,
    "C13641": 0.011364,
    "C13781": 0.153562,
    "C13889": 0.033869,
    "C13943": 0.072289,
    "C14044": 0.050754,
    "C14176": 0.017568,
    "C14257": 0.058194,
    "C14311": 0.093091,
    "C14370": 0.127527,
    "C14443": 0.008661,
    "C14550": 0.042338,
    "C14885": 0.039324,
    "C15024": 0.022439,
    "C15172": 0.0478,
    "C15199": 0.022795,
    "C15210": 0.03347,
    "C1538": 0.025668,
    "C15407": 0.016865,
    "C15997": 0.024732,
    "C16373": 0.05978,
    "C16799": 0.007868,
    "C1716": 0.070082,
    "C1767": 0.039428,
    "C17884": 0.890285,
    "C18163": 0.029294,
    "C18309": 0.035298,
    "C18380": 0.012368,
    "C18686": 0.086471,
    "C18791": 0.02989,
    "C19119": 0.006813,
    "C19780": 0.123597,
    "C2003": 0.041277,
    "C20430": 0.005819,
    "C20800": 0.0,
    "C21172": 0.129789,
    "C2143": 0.012582,
    "C2208": 0.053301,
    "C22390": 0.041965,
    "C2259": 0.013717,
    "C23574": 0.034969,
    "C23663": 0.006012,
    "C23876": 0.020293,
    "C25275": 0.041572,
    "C25755": 0.010086,
    "C26077": 0.044105,
    "C26808": 0.116587,
    "C26905": 0.016092,
    "C27022": 0.067276,
    "C27065": 0.040616,
    "C27499": 0.024133,
    "C27766": 0.023165,
    "C29297": 0.001066,
    "C29378": 0.064564,
    "C29440": 0.016689,
    "C31062": 0.055772,