{
  "arch": "gru_baseline",
  "lob": "private_passenger_auto",
  "config_idx": 3,
  "dropout_rate": 0.01431,
  "learning_rate": 0.0009145,
  "batch_size": 1024,
  "max_epochs": 500,
  "gru_units": 64,
  "dense_units": 64,
  "mape": 0.04875324311047179,
  "rmspe": 0.10459644904681925,
  "n_companies": 121,
  "n_filtered": 7,
  "mape_std": 0.0689163560024542,
  "mape_p25": 0.015720332785050247,
  "mape_p75": 0.05354596757353406,
  "training_time": 32.58,
  "epochs_trained": 201,
  "best_val_loss": 0.006037181825377047,
  "train_loss_curve": [
    0.053582,
    0.053499,
    0.036755,
    0.035986,
    0.051149,
    0.035819,
    0.03546,
    0.034815,
    0.034586,
    0.034425,
    0.034321,
    0.034447,
    0.03429,
    0.033759,
    0.034312,
    0.033584,
    0.041061,
    0.047824,
    0.056003,
    0.03295,
    0.032989,
    0.040202,
    0.032829,
    0.046708,
    0.032637,
    0.032116,
    0.032114,
    0.031908,
    0.031739,
    0.031506,
    0.031148,
    0.030769,
    0.030713,
    0.037194,
    0.029975,
    0.029984,
    0.029279,
    0.028388,
    0.027915,
    0.034645,
    0.026958,
    0.026812,
    0.026172,
    0.026142,
    0.025365,
    0.024799,
    0.024742,
    0.025415,
    0.024707,
    0.024996,
    0.031914,
    0.024817,
    0.023048,
    0.022251,
    0.023499,
    0.022054,
    0.022142,
    0.022151,
    0.029333,
    0.02157,
    0.029117,
    0.02237,
    0.021426,
    0.030612,
    0.020536,
    0.028391,
    0.027684,
    0.020237,
    0.020519,
    0.019991,
    0.020301,
    0.021417,
    0.019249,
    0.021029,
    0.019497,
    0.020117,
    0.020315,
    0.01882,
    0.019139,
    0.019126,
    0.025001,
    0.019004,
    0.019362,
    0.028114,
    0.01858,
    0.020821,
    0.019701,
    0.018239,
    0.025896,
    0.017634,
    0.018367,
    0.017786,
    0.02455,
    0.018121,
    0.017651,
    0.018219,
    0.02428,
    0.017789,
    0.018625,
    0.021881,
    0.017948,
    0.016599,
    0.01767,
    0.017467,
    0.01827,
    0.017053,
    0.017937,
    0.016797,
    0.016581,
    0.017431,
    0.016761,
    0.0165,
    0.016288,
    0.016584,
    0.016887,
    0.016905,
    0.016231,
    0.016897,
    0.016321,
    0.015595,
    0.016165,
    0.016307,
    0.01642,
    0.018022,
    0.017317,
    0.015868,
    0.01623,
    0.026314,
    0.021513,
    0.016086,
    0.020055,
    0.018083,
    0.016254,
    0.017304,
    0.016062,
    0.015019,
    0.015304,
    0.015818,
    0.015574,
    0.015164,
    0.015302,
    0.015896,
    0.019087,
    0.022322,
    0.015201,
    0.015783,
    0.016244,
    0.022237,
    0.015317,
    0.01509,
    0.014414,
    0.014565,
    0.01505,
    0.021434,
    0.018841,
    0.014982,
    0.014688,
    0.014478,
    0.014312,
    0.018009,
    0.015631,
    0.013968,
    0.018824,
    0.015712,
    0.016625,
    0.016253,
    0.014877,
    0.018175,
    0.021572,
    0.014439,
    0.01456,
    0.015582,
    0.0158,
    0.014817,
    0.019341,
    0.014697,
    0.014769,
    0.014201,
    0.014713,
    0.01553,
    0.015399,
    0.014165,
    0.017564,
    0.015518,
    0.014279,
    0.013888,
    0.013976,
    0.014405,
    0.014072,
    0.013527,
    0.01627,
    0.014813,
    0.013779,
    0.014127,
    0.012617,
    0.014634,
    0.013414,
    0.014231,
    0.013389,
    0.013268,
    0.013437
  ],
  "val_loss_curve": [
    0.006363,
    0.006273,
    0.006158,
    0.006037,
    0.006128,
    0.006093,
    0.006131,
    0.006162,
    0.006118,
    0.006107,
    0.006097,
    0.006098,
    0.006078,
    0.006111,
    0.006187,
    0.006211,
    0.006038,
    0.006112,
    0.006161,
    0.00623,
    0.006227,
    0.006174,
    0.006151,
    0.00619,
    0.006098,
    0.006178,
    0.00612,
    0.006139,
    0.006236,
    0.006852,
    0.00767,
    0.008723,
    0.009516,
    0.009945,
    0.010503,
    0.010848,
    0.011914,
    0.01269,
    0.014012,
    0.013787,
    0.014236,
    0.015778,
    0.016439,
    0.018434,
    0.019919,
    0.020322,
    0.02262,
    0.026109,
    0.0235,
    0.023318,
    0.025556,
    0.028134,
    0.027557,
    0.029,
    0.030402,
    0.03425,
    0.036102,
    0.036379,
    0.037629,
    0.040276,
    0.040283,
    0.03991,
    0.040451,
    0.040083,
    0.041323,
    0.042774,
    0.044887,
    0.044917,
    0.045265,
    0.04629,
    0.047119,
    0.048351,
    0.04799,
    0.048208,
    0.048076,
    0.049091,
    0.049829,
    0.049292,
    0.051546,
    0.051936,
    0.05308,
    0.053465,
    0.054741,
    0.055737,
    0.055068,
    0.051964,
    0.05219,
    0.051766,
    0.052152,
    0.051613,
    0.052128,
    0.053672,
    0.054292,
    0.057696,
    0.058271,
    0.057986,
    0.058119,
    0.059786,
    0.05967,
    0.058811,
    0.057078,
    0.058111,
    0.06057,
    0.061138,
    0.062283,
    0.063961,
    0.064952,
    0.064149,
    0.063255,
    0.06289,
    0.063112,
    0.062822,
    0.06305,
    0.063662,
    0.063318,
    0.063663,
    0.063628,
    0.063233,
    0.06275,
    0.062514,
    0.062186,
    0.0624,
    0.062651,
    0.062744,
    0.06263,
    0.062772,
    0.062481,
    0.06249,
    0.063278,
    0.06437,
    0.064899,
    0.065299,
    0.064146,
    0.064498,
    0.064222,
    0.064325,
    0.064332,
    0.064918,
    0.064886,
    0.065017,
    0.065436,
    0.065367,
    0.065771,
    0.06507,
    0.064955,
    0.065004,
    0.065207,
    0.066047,
    0.065811,
    0.065953,
    0.06632,
    0.06661,
    0.067087,
    0.066478,
    0.067523,
    0.067827,
    0.067155,
    0.067447,
    0.068082,
    0.068182,
    0.068587,
    0.069021,
    0.069167,
    0.069226,
    0.067998,
    0.067018,
    0.066498,
    0.066452,
    0.066285,
    0.066661,
    0.067094,
    0.06714,
    0.066722,
    0.066538,
    0.066818,
    0.067697,
    0.068047,
    0.068193,
    0.068212,
    0.068076,
    0.068205,
    0.067704,
    0.067431,
    0.067481,
    0.067524,
    0.068204,
    0.068366,
    0.068269,
    0.06801,
    0.067997,
    0.068278,
    0.06816,
    0.068152,
    0.068295,
    0.068668,
    0.069142,
    0.068921,
    0.068945,
    0.069405,
    0.069812,
    0.069721
  ],
  "per_company_mape": {
    "C10007": 0.080955,
    "C10019": 0.066873,
    "C10022": 0.030113,
    "C10204": 0.035678,
    "C10308": 0.011889,
    "C10336": 0.036382,
    "C1066": 0.036093,
    "C10783": 0.04879,
    "C10790": 0.044289,
    "C1090": 0.013237,
    "C11037": 0.144519,
    "C11126": 0.04189,
    "C11150": 0.236191,
    "C11231": 0.134948,
    "C12360": 0.006609,
    "C13420": 0.050323,
    "C13439": 0.033244,
    "C13501": 0.051796,
    "C13528": 0.055137,
    "C13587": 0.041331,
    "C13595": 0.012929,
    "C13641": 0.042732,
    "C13781": 0.044566,
    "C13889": 0.034725,
    "C13943": 0.084082,
    "C14044": 0.064243,
    "C14176": 0.034954,
    "C14257": 0.052507,
    "C14311": 0.031529,
    "C14370": 0.187979,
    "C14443": 0.034459,
    "C14550": 0.049873,
    "C14885": 0.034708,
    "C15024": 0.048903,
    "C15172": 0.044241,
    "C15199": 0.052468,
    "C15210": 0.064379,
    "C1538": 0.019927,
    "C15407": 0.067792,
    "C15997": 0.023902,
    "C16373": 0.002643,
    "C16799": 0.115588,
    "C1716": 0.01572,
    "C1767": 0.039593,
    "C17884": 0.663143,
    "C18163": 0.015759,
    "C18309": 0.071036,
    "C18380": 0.020071,
    "C18686": 0.041598,
    "C18791": 0.057382,
    "C19119": 0.006813,
    "C19780": 0.069036,
    "C2003": 0.013508,
    "C20430": 0.101161,
    "C20800": 0.020533,
    "C21172": 0.13752,
    "C2143": 0.010616,
    "C2208": 0.032282,
    "C22390": 0.0,
    "C2259": 0.010626,
    "C23574": 0.016844,
    "C23663": 0.002899,
    "C23876": 0.02742,
    "C25275": 0.020563,
    "C25755": 0.006174,
    "C26077": 0.045941,
    "C26808": 0.082218,
    "C26905": 0.008973,
    "C27022": 0.032121,
    "C27065": 0.014168,
    "C27499": 0.04039,
    "C27766": 0.04138,
    "C29297": 0.006835,
    "C29378": 0.0,
    "C29440": 0.010804,
    "C31062": 0.051241,
    "C3131": 0.036931,