{
  "arch": "gru_baseline",
  "lob": "private_passenger_auto",
  "config_idx": 33,
  "dropout_rate": 0.01193,
  "learning_rate": 0.0001263,
  "batch_size": 256,
  "max_epochs": 500,
  "gru_units": 128,
  "dense_units": 64,
  "mape": 0.09473521094003454,
  "rmspe": 0.4229928590048353,
  "n_companies": 121,
  "n_filtered": 7,
  "mape_std": 0.29024203951905153,
  "mape_p25": 0.01495618747147368,
  "mape_p75": 0.1012200395637999,
  "training_time": 34.99,
  "epochs_trained": 201,
  "best_val_loss": 0.006533195019333756,
  "train_loss_curve": [
    0.041536,
    0.040711,
    0.039637,
    0.039393,
    0.03872,
    0.038463,
    0.03824,
    0.038117,
    0.037955,
    0.037741,
    0.037591,
    0.037738,
    0.037394,
    0.037594,
    0.037186,
    0.037099,
    0.037063,
    0.037388,
    0.037795,
    0.036759,
    0.036781,
    0.036631,
    0.036625,
    0.036949,
    0.036525,
    0.036432,
    0.036406,
    0.036296,
    0.03621,
    0.03623,
    0.036147,
    0.036072,
    0.03596,
    0.035941,
    0.035893,
    0.035938,
    0.036142,
    0.035751,
    0.035769,
    0.035653,
    0.035628,
    0.035519,
    0.035476,
    0.035423,
    0.035308,
    0.035425,
    0.035217,
    0.035247,
    0.035214,
    0.035031,
    0.035161,
    0.035122,
    0.034941,
    0.036352,
    0.0354,
    0.034775,
    0.034867,
    0.03466,
    0.034706,
    0.034569,
    0.034537,
    0.034499,
    0.034495,
    0.034331,
    0.03425,
    0.034195,
    0.035254,
    0.034407,
    0.034914,
    0.034061,
    0.035301,
    0.033944,
    0.033882,
    0.033907,
    0.033874,
    0.033776,
    0.033896,
    0.033689,
    0.033797,
    0.034328,
    0.033663,
    0.033545,
    0.034332,
    0.033535,
    0.033621,
    0.033393,
    0.033366,
    0.034059,
    0.033169,
    0.033528,
    0.03325,
    0.033118,
    0.033153,
    0.033193,
    0.033172,
    0.03299,
    0.033094,
    0.034039,
    0.03299,
    0.032985,
    0.033109,
    0.032793,
    0.03276,
    0.032657,
    0.032648,
    0.032627,
    0.032664,
    0.03268,
    0.032893,
    0.032477,
    0.032486,
    0.0325,
    0.032727,
    0.032674,
    0.032451,
    0.032232,
    0.032228,
    0.032133,
    0.032482,
    0.031987,
    0.032076,
    0.031975,
    0.031794,
    0.031879,
    0.031822,
    0.031637,
    0.03166,
    0.032033,
    0.032084,
    0.031557,
    0.031799,
    0.03154,
    0.031545,
    0.031384,
    0.031447,
    0.031479,
    0.031443,
    0.031472,
    0.031357,
    0.031393,
    0.031387,
    0.031436,
    0.031257,
    0.032769,
    0.035575,
    0.03108,
    0.031349,
    0.031347,
    0.031273,
    0.031117,
    0.031147,
    0.030965,
    0.031133,
    0.031005,
    0.031051,
    0.030923,
    0.03099,
    0.030856,
    0.030908,
    0.030898,
    0.030901,
    0.030805,
    0.030777,
    0.030828,
    0.030808,
    0.030689,
    0.030709,
    0.030889,
    0.030668,
    0.030638,
    0.030497,
    0.032366,
    0.030682,
    0.03043,
    0.030454,
    0.030368,
    0.030924,
    0.031216,
    0.030344,
    0.030362,
    0.030289,
    0.030296,
    0.030449,
    0.030312,
    0.030373,
    0.030678,
    0.030218,
    0.030233,
    0.030335,
    0.030747,
    0.030087,
    0.030251,
    0.030384,
    0.030368,
    0.030288,
    0.030111,
    0.030317,
    0.030163,
    0.030128,
    0.030067,
    0.030004
  ],
  "val_loss_curve": [
    0.007102,
    0.006883,
    0.006846,
    0.006683,
    0.006649,
    0.006727,
    0.006728,
    0.006751,
    0.006692,
    0.006772,
    0.006656,
    0.006803,
    0.006702,
    0.006754,
    0.006776,
    0.006739,
    0.006868,
    0.006774,
    0.006791,
    0.006747,
    0.006793,
    0.006793,
    0.006851,
    0.006814,
    0.006791,
    0.006755,
    0.006784,
    0.006737,
    0.00672,
    0.006713,
    0.006772,
    0.006764,
    0.006775,
    0.006725,
    0.006697,
    0.006756,
    0.006762,
    0.006733,
    0.006761,
    0.006719,
    0.006751,
    0.006723,
    0.006728,
    0.00678,
    0.006765,
    0.006709,
    0.006697,
    0.006818,
    0.006648,
    0.006733,
    0.006686,
    0.006747,
    0.006671,
    0.006695,
    0.006676,
    0.006731,
    0.006624,
    0.006714,
    0.006648,
    0.006614,
    0.006714,
    0.006635,
    0.006622,
    0.006668,
    0.00658,
    0.006594,
    0.006619,
    0.006666,
    0.006664,
    0.006602,
    0.006634,
    0.006662,
    0.006633,
    0.006533,
    0.006682,
    0.006604,
    0.006607,
    0.006591,
    0.006762,
    0.006624,
    0.006698,
    0.006598,
    0.006685,
    0.006649,
    0.006673,
    0.0067,
    0.006652,
    0.006604,
    0.006646,
    0.006707,
    0.00672,
    0.006682,
    0.006627,
    0.006595,
    0.006598,
    0.006588,
    0.006593,
    0.006615,
    0.006626,
    0.00662,
    0.006576,
    0.006634,
    0.00663,
    0.00663,
    0.006581,
    0.006608,
    0.006608,
    0.006687,
    0.006562,
    0.006579,
    0.006672,
    0.00658,
    0.006629,
    0.006711,
    0.006572,
    0.006597,
    0.006586,
    0.006611,
    0.006575,
    0.006616,
    0.006603,
    0.006601,
    0.006626,
    0.006599,
    0.006629,
    0.006591,
    0.00663,
    0.006615,
    0.006627,
    0.006616,
    0.006611,
    0.006608,
    0.006626,
    0.006647,
    0.006641,
    0.006594,
    0.006601,
    0.006613,
    0.006612,
    0.006649,
    0.006621,
    0.006635,
    0.006625,
    0.006637,
    0.006666,
    0.006652,
    0.006665,
    0.006622,
    0.006654,
    0.006627,
    0.006646,
    0.006634,
    0.006613,
    0.006659,
    0.006619,
    0.006644,
    0.006648,
    0.006648,
    0.006624,
    0.006616,
    0.006644,
    0.006647,
    0.006635,
    0.006629,
    0.006645,
    0.006637,
    0.006631,
    0.006645,
    0.006666,
    0.006632,
    0.006632,
    0.006633,
    0.006656,
    0.006638,
    0.006629,
    0.006645,
    0.006623,
    0.006642,
    0.006659,
    0.00663,
    0.00665,
    0.006648,
    0.006647,
    0.006651,
    0.006639,
    0.006641,
    0.006637,
    0.00664,
    0.00665,
    0.006644,
    0.006643,
    0.006658,
    0.006632,
    0.00663,
    0.006643,
    0.006657,
    0.006637,
    0.006657,
    0.006648,
    0.00663,
    0.006639
  ],
  "per_company_mape": {
    "C10007": 0.007221,
    "C10019": 0.05988,
    "C10022": 0.029663,
    "C10204": 0.010374,
    "C10308": 0.033989,
    "C10336": 0.012486,
    "C1066": 0.160521,
    "C10783": 0.009131,
    "C10790": 0.018818,
    "C1090": 0.053452,
    "C11037": 0.011559,
    "C11126": 0.110718,
    "C11150": 3.117552,
    "C11231": 0.527782,
    "C12360": 0.052625,
    "C13420": 0.135279,
    "C13439": 0.118223,
    "C13501": 0.067976,
    "C13528": 0.028042,
    "C13587": 0.035023,
    "C13595": 0.097099,
    "C13641": 0.085072,
    "C13781": 0.184265,
    "C13889": 0.014104,
    "C13943": 0.013862,
    "C14044": 0.052837,
    "C14176": 0.017568,
    "C14257": 0.215522,
    "C14311": 0.222187,
    "C14370": 0.147143,
    "C14443": 0.10506,
    "C14550": 0.114773,
    "C14885": 0.005319,
    "C15024": 0.077999,
    "C15172": 0.159394,
    "C15199": 0.022327,
    "C15210": 0.016121,
    "C1538": 0.020448,
    "C15407": 0.014858,
    "C15997": 0.024827,
    "C16373": 0.002643,
    "C16799": 0.126679,
    "C1716": 0.084199,
    "C1767": 0.005885,
    "C17884": 0.627503,
    "C18163": 0.115188,
    "C18309": 0.082361,
    "C18380": 0.005174,
    "C18686": 0.012672,
    "C18791": 0.087587,
    "C19119": 0.029224,
    "C19780": 0.041202,
    "C2003": 0.085314,
    "C20430": 0.005824,
    "C20800": 0.063742,
    "C21172": 0.062064,
    "C2143": 0.118155,
    "C2208": 0.008986,
    "C22390": 0.0,
    "C2259": 0.001876,
    "C23574": 0.100107,
    "C23663": 0.008418,
    "C23876": 0.022534,
    "C25275": 0.020444,
    "C25755": 0.098404,
    "C26077": 0.020655,
    "C26808": 0.020777,
    "C26905": 0.002035,
    "C27022": 0.044597,
    "C27065": 0.009196,
    "C27499": 0.111936,
    "C27766": 0.056438,
    "C29297": 0.131499,
    "C29378": 0.038018,
    "C29440": 0.166357,
    "C31062": 0.029687,