{
  "arch": "gru_baseline",
  "lob": "private_passenger_auto",
  "config_idx": 59,
  "dropout_rate": 0.02862,
  "learning_rate": 0.0015545,
  "batch_size": 1024,
  "max_epochs": 500,
  "gru_units": 64,
  "dense_units": 128,
  "mape": 0.03617697888885541,
  "rmspe": 0.08882043283612003,
  "n_companies": 121,
  "n_filtered": 5,
  "mape_std": 0.06330408459157859,
  "mape_p25": 0.014227369033566313,
  "mape_p75": 0.04086194938622415,
  "training_time": 16.13,
  "epochs_trained": 201,
  "best_val_loss": 0.006022121116984636,
  "train_loss_curve": [
    0.039207,
    0.036981,
    0.035873,
    0.036578,
    0.035126,
    0.03488,
    0.034717,
    0.034673,
    0.033883,
    0.035814,
    0.048352,
    0.033652,
    0.033753,
    0.032674,
    0.032166,
    0.038722,
    0.031505,
    0.033306,
    0.031071,
    0.029985,
    0.042392,
    0.028655,
    0.028551,
    0.027907,
    0.026614,
    0.026477,
    0.033071,
    0.026621,
    0.025308,
    0.024577,
    0.031675,
    0.024793,
    0.022965,
    0.023918,
    0.02253,
    0.024755,
    0.021038,
    0.022696,
    0.021211,
    0.022274,
    0.021224,
    0.020769,
    0.020204,
    0.020286,
    0.01867,
    0.020977,
    0.01846,
    0.027061,
    0.025613,
    0.020591,
    0.018114,
    0.017745,
    0.020081,
    0.017001,
    0.022597,
    0.016792,
    0.016515,
    0.020893,
    0.018076,
    0.016306,
    0.01568,
    0.015309,
    0.023027,
    0.016273,
    0.014942,
    0.015332,
    0.014451,
    0.01842,
    0.015238,
    0.014064,
    0.014301,
    0.013934,
    0.01665,
    0.01326,
    0.016272,
    0.01412,
    0.014678,
    0.013913,
    0.020808,
    0.021313,
    0.012562,
    0.013491,
    0.012891,
    0.012442,
    0.012215,
    0.024361,
    0.012327,
    0.014738,
    0.011789,
    0.023709,
    0.011896,
    0.039607,
    0.015476,
    0.011559,
    0.014445,
    0.021899,
    0.011922,
    0.011577,
    0.012081,
    0.014746,
    0.010643,
    0.011818,
    0.0122,
    0.00965,
    0.010531,
    0.010893,
    0.009527,
    0.009962,
    0.012298,
    0.010552,
    0.011201,
    0.009194,
    0.010794,
    0.020973,
    0.009184,
    0.01009,
    0.009445,
    0.009108,
    0.00877,
    0.008642,
    0.008395,
    0.009327,
    0.008738,
    0.010217,
    0.009302,
    0.023457,
    0.009236,
    0.010379,
    0.007863,
    0.009683,
    0.007927,
    0.008696,
    0.010253,
    0.008036,
    0.007172,
    0.015597,
    0.007961,
    0.008326,
    0.007092,
    0.007348,
    0.007807,
    0.007939,
    0.009206,
    0.008517,
    0.008292,
    0.008546,
    0.007466,
    0.007988,
    0.008399,
    0.008076,
    0.008013,
    0.007515,
    0.013345,
    0.00713,
    0.010346,
    0.00691,
    0.007722,
    0.006259,
    0.007822,
    0.00717,
    0.006856,
    0.006093,
    0.006586,
    0.007609,
    0.006445,
    0.006813,
    0.012533,
    0.006703,
    0.007726,
    0.00657,
    0.007508,
    0.007029,
    0.006148,
    0.006677,
    0.006434,
    0.006517,
    0.008355,
    0.00614,
    0.008305,
    0.006147,
    0.005876,
    0.006951,
    0.005654,
    0.006704,
    0.006382,
    0.007706,
    0.008627,
    0.005532,
    0.006057,
    0.009006,
    0.006725,
    0.005929,
    0.005929,
    0.005525,
    0.007287,
    0.013839,
    0.00534,
    0.007071,
    0.00587,
    0.006558,
    0.00625
  ],
  "val_loss_curve": [
    0.006344,
    0.006022,
    0.006311,
    0.006152,
    0.00617,
    0.006189,
    0.006093,
    0.006088,
    0.006216,
    0.00612,
    0.006076,
    0.006114,
    0.006195,
    0.006345,
    0.006742,
    0.007506,
    0.008777,
    0.007985,
    0.0085,
    0.010177,
    0.010691,
    0.01269,
    0.013261,
    0.01511,
    0.028005,
    0.018663,
    0.015795,
    0.018794,
    0.024823,
    0.031633,
    0.034394,
    0.034195,
    0.040228,
    0.03969,
    0.048744,
    0.055793,
    0.051951,
    0.043188,
    0.044773,
    0.049888,
    0.041848,
    0.052175,
    0.058142,
    0.051638,
    0.048645,
    0.05173,
    0.049976,
    0.04839,
    0.053878,
    0.047831,
    0.050036,
    0.051133,
    0.047905,
    0.04779,
    0.050621,
    0.053943,
    0.053848,
    0.05136,
    0.050013,
    0.053539,
    0.049518,
    0.04875,
    0.045619,
    0.042914,
    0.04602,
    0.04863,
    0.050866,
    0.055889,
    0.048474,
    0.047426,
    0.046453,
    0.048175,
    0.048654,
    0.047994,
    0.039183,
    0.034919,
    0.037357,
    0.039839,
    0.037782,
    0.031305,
    0.035436,
    0.036474,
    0.034668,
    0.035222,
    0.03644,
    0.035227,
    0.034453,
    0.03408,
    0.035366,
    0.03486,
    0.036234,
    0.037518,
    0.037297,
    0.037169,
    0.034815,
    0.032949,
    0.037644,
    0.034056,
    0.033383,
    0.037216,
    0.039018,
    0.035851,
    0.037192,
    0.031349,
    0.03128,
    0.031525,
    0.031451,
    0.032312,
    0.032119,
    0.033226,
    0.03263,
    0.034052,
    0.033808,
    0.033858,
    0.032762,
    0.03218,
    0.03371,
    0.035232,
    0.03709,
    0.035094,
    0.03478,
    0.034262,
    0.032844,
    0.030536,
    0.029868,
    0.029801,
    0.029461,
    0.030194,
    0.030892,
    0.032396,
    0.032099,
    0.032136,
    0.033111,
    0.032706,
    0.033159,
    0.034813,
    0.035347,
    0.034398,
    0.031514,
    0.030438,
    0.029966,
    0.031745,
    0.031402,
    0.032894,
    0.032436,
    0.031122,
    0.031659,
    0.032576,
    0.033584,
    0.0318,
    0.029883,
    0.031498,
    0.032716,
    0.03125,
    0.030593,
    0.032305,
    0.03383,
    0.03353,
    0.032918,
    0.033196,
    0.03313,
    0.032942,
    0.033884,
    0.03503,
    0.034889,
    0.033686,
    0.032694,
    0.031436,
    0.030897,
    0.030462,
    0.03095,
    0.030846,
    0.03092,
    0.031827,
    0.032836,
    0.035385,
    0.035002,
    0.032646,
    0.030172,
    0.029634,
    0.029822,
    0.030248,
    0.03088,
    0.03023,
    0.030003,
    0.029913,
    0.030358,
    0.034006,
    0.035206,
    0.034918,
    0.032546,
    0.031757,
    0.030867,
    0.030188,
    0.031123,
    0.032462,
    0.033933,
    0.034873,
    0.034459,
    0.033179,
    0.031018
  ],
  "per_company_mape": {
    "C10007": 0.015142,
    "C10019": 0.069607,
    "C10022": 0.03519,
    "C10204": 0.040873,
    "C10308": 0.010538,
    "C10336": 0.033025,
    "C1066": 0.038783,
    "C10783": 0.062828,
    "C10790": 0.043199,
    "C1090": 0.01866,
    "C11037": 0.025776,
    "C11126": 0.055579,
    "C11150": 0.0,
    "C11231": 0.141306,
    "C12360": 0.008367,
    "C13420": 0.060168,
    "C13439": 0.01654,
    "C13501": 0.061488,
    "C13528": 0.018827,
    "C13587": 0.065205,
    "C13595": 0.013134,
    "C13641": 0.00528,
    "C13781": 0.014227,
    "C13889": 0.022114,
    "C13943": 0.022213,
    "C14044": 0.043639,
    "C14176": 0.016601,
    "C14257": 0.017744,
    "C14311": 0.178923,
    "C14370": 0.097556,
    "C14443": 0.071897,
    "C14550": 0.017587,
    "C14885": 0.037521,
    "C15024": 0.016459,
    "C15172": 0.000467,
    "C15199": 0.040806,
    "C15210": 0.030413,
    "C1538": 0.014712,
    "C15407": 0.024607,
    "C15997": 0.033026,
    "C16373": 0.031576,
    "C16799": 0.011725,
    "C1716": 0.027368,
    "C1767": 0.017901,
    "C17884": 0.655611,
    "C18163": 0.011995,
    "C18309": 0.019553,
    "C18380": 0.011924,
    "C18686": 0.031811,
    "C18791": 0.024786,
    "C19119": 0.006813,
    "C19780": 0.046493,
    "C2003": 0.014367,
    "C20430": 0.047735,
    "C20800": 0.0,
    "C21172": 0.140384,
    "C2143": 0.011795,
    "C2208": 0.010158,
    "C22390": 0.021751,
    "C2259": 0.013809,
    "C23574": 0.018183,
    "C23663": 0.0,
    "C23876": 0.020709,
    "C25275": 0.028543,
    "C25755": 0.008071,
    "C26077": 0.030007,
    "C26808": 0.055875,
    "C26905": 0.035921,
    "C27022": 0.037755,
    "C27065": 0.007179,
    "C27499": 0.036607,
    "C27766": 0.031341,
    "C29297": 0.02088,
    "C29378": 0.014027,
    "C29440": 0.012482,
    "C31062": 0.038183,
    "C3131": 0.011758,