{
  "arch": "gru_baseline",
  "lob": "private_passenger_auto",
  "config_idx": 44,
  "dropout_rate": 0.19719,
  "learning_rate": 0.0006795,
  "batch_size": 512,
  "max_epochs": 500,
  "gru_units": 64,
  "dense_units": 32,
  "mape": 0.0922747676206569,
  "rmspe": 0.6266611284478616,
  "n_companies": 122,
  "n_filtered": 5,
  "mape_std": 0.437724636775672,
  "mape_p25": 0.01984008826798244,
  "mape_p75": 0.0674927526287103,
  "training_time": 19.07,
  "epochs_trained": 201,
  "best_val_loss": 0.005769383591541555,
  "train_loss_curve": [
    0.041806,
    0.041188,
    0.040298,
    0.039682,
    0.03921,
    0.038837,
    0.038558,
    0.038642,
    0.037734,
    0.037788,
    0.037459,
    0.037608,
    0.037002,
    0.037493,
    0.037184,
    0.036679,
    0.037223,
    0.037749,
    0.036068,
    0.036869,
    0.035906,
    0.036732,
    0.034859,
    0.035264,
    0.034144,
    0.03538,
    0.034463,
    0.034623,
    0.034843,
    0.034685,
    0.035566,
    0.033751,
    0.034691,
    0.034775,
    0.036102,
    0.03257,
    0.03481,
    0.031615,
    0.032085,
    0.032182,
    0.031621,
    0.035681,
    0.030384,
    0.034925,
    0.031525,
    0.03158,
    0.031048,
    0.029177,
    0.030959,
    0.028568,
    0.030447,
    0.031026,
    0.030421,
    0.028712,
    0.029,
    0.030165,
    0.034994,
    0.02774,
    0.030231,
    0.03038,
    0.027653,
    0.028654,
    0.027686,
    0.027471,
    0.027982,
    0.035498,
    0.026847,
    0.027457,
    0.024636,
    0.027415,
    0.026821,
    0.035091,
    0.035232,
    0.028064,
    0.034934,
    0.02758,
    0.025388,
    0.027045,
    0.028733,
    0.03376,
    0.027764,
    0.030858,
    0.025253,
    0.033411,
    0.024957,
    0.025803,
    0.02703,
    0.026767,
    0.02957,
    0.027463,
    0.024776,
    0.02711,
    0.035692,
    0.025075,
    0.028704,
    0.02629,
    0.026758,
    0.02512,
    0.029171,
    0.024154,
    0.024327,
    0.025544,
    0.023306,
    0.032739,
    0.024528,
    0.026957,
    0.025066,
    0.024074,
    0.034457,
    0.027174,
    0.027469,
    0.022951,
    0.026715,
    0.024034,
    0.025219,
    0.025867,
    0.027925,
    0.024794,
    0.027435,
    0.026234,
    0.023544,
    0.026069,
    0.026503,
    0.026556,
    0.022179,
    0.026757,
    0.024996,
    0.032852,
    0.024194,
    0.02471,
    0.022802,
    0.024842,
    0.022303,
    0.033708,
    0.024137,
    0.025114,
    0.034871,
    0.030759,
    0.031157,
    0.029851,
    0.025383,
    0.025436,
    0.023889,
    0.025126,
    0.02626,
    0.025884,
    0.022467,
    0.032188,
    0.030218,
    0.023683,
    0.022956,
    0.025228,
    0.028463,
    0.032282,
    0.023169,
    0.032785,
    0.030377,
    0.034645,
    0.027415,
    0.024521,
    0.031044,
    0.02721,
    0.03072,
    0.023835,
    0.025255,
    0.023362,
    0.030255,
    0.023728,
    0.021684,
    0.024171,
    0.024678,
    0.037311,
    0.028738,
    0.032001,
    0.022106,
    0.032801,
    0.023404,
    0.030636,
    0.023755,
    0.024836,
    0.023228,
    0.02281,
    0.021955,
    0.024126,
    0.022167,
    0.023446,
    0.02375,
    0.022885,
    0.028443,
    0.028181,
    0.030838,
    0.032634,
    0.029837,
    0.031254,
    0.023602,
    0.02232,
    0.027855,
    0.023677,
    0.022608,
    0.023293,
    0.022763
  ],
  "val_loss_curve": [
    0.006404,
    0.006314,
    0.006212,
    0.006231,
    0.005905,
    0.005769,
    0.005886,
    0.00582,
    0.005852,
    0.005878,
    0.00588,
    0.005911,
    0.005918,
    0.00596,
    0.005948,
    0.005967,
    0.005997,
    0.006116,
    0.006089,
    0.006096,
    0.006208,
    0.006191,
    0.006207,
    0.006622,
    0.006908,
    0.006967,
    0.007089,
    0.007064,
    0.007617,
    0.007942,
    0.007677,
    0.008101,
    0.007795,
    0.008053,
    0.008105,
    0.007328,
    0.00786,
    0.008688,
    0.008698,
    0.009287,
    0.009562,
    0.009376,
    0.009804,
    0.00953,
    0.009949,
    0.011347,
    0.011398,
    0.010482,
    0.010608,
    0.012,
    0.013906,
    0.013128,
    0.014058,
    0.013006,
    0.013507,
    0.015161,
    0.013769,
    0.013976,
    0.014209,
    0.014737,
    0.014992,
    0.015318,
    0.015638,
    0.016162,
    0.016178,
    0.015822,
    0.016129,
    0.017113,
    0.017749,
    0.018078,
    0.018919,
    0.018584,
    0.017778,
    0.016892,
    0.016582,
    0.016127,
    0.016724,
    0.017835,
    0.018776,
    0.01807,
    0.018431,
    0.019604,
    0.020218,
    0.019607,
    0.019861,
    0.0213,
    0.021639,
    0.021493,
    0.021801,
    0.021686,
    0.022312,
    0.022981,
    0.022943,
    0.022202,
    0.022671,
    0.023067,
    0.023506,
    0.023388,
    0.024751,
    0.025868,
    0.026397,
    0.02641,
    0.027025,
    0.027353,
    0.027559,
    0.026812,
    0.027056,
    0.027143,
    0.027094,
    0.027148,
    0.027442,
    0.027667,
    0.027462,
    0.027516,
    0.027724,
    0.027995,
    0.02806,
    0.02769,
    0.027108,
    0.026477,
    0.026719,
    0.027304,
    0.027455,
    0.028068,
    0.028326,
    0.028805,
    0.029345,
    0.029409,
    0.029611,
    0.02908,
    0.02961,
    0.029718,
    0.030114,
    0.030057,
    0.029957,
    0.029676,
    0.029549,
    0.029486,
    0.029332,
    0.029145,
    0.029363,
    0.029288,
    0.029989,
    0.030676,
    0.030891,
    0.03127,
    0.031745,
    0.031554,
    0.031278,
    0.030932,
    0.031189,
    0.031639,
    0.03164,
    0.031486,
    0.031228,
    0.031281,
    0.030941,
    0.031007,
    0.031381,
    0.031327,
    0.031077,
    0.030811,
    0.030783,
    0.030564,
    0.030358,
    0.030457,
    0.030453,
    0.030515,
    0.030803,
    0.030928,
    0.031024,
    0.031054,
    0.030858,
    0.030835,
    0.030764,
    0.030721,
    0.030799,
    0.030564,
    0.03052,
    0.030725,
    0.030728,
    0.030834,
    0.031007,
    0.031193,
    0.031336,
    0.031861,
    0.031824,
    0.032012,
    0.031675,
    0.031475,
    0.031183,
    0.030969,
    0.030719,
    0.030609,
    0.030569,
    0.030826,
    0.030694,
    0.030566,
    0.030778,
    0.0313,
    0.031723
  ],
  "per_company_mape": {
    "C10007": 0.044113,
    "C10019": 0.05891,
    "C10022": 0.034253,
    "C10204": 0.018187,
    "C10308": 0.021088,
    "C10336": 0.027703,
    "C1066": 0.036093,
    "C10783": 0.04638,
    "C10790": 0.038978,
    "C1090": 0.015874,
    "C11037": 0.087841,
    "C11126": 0.066163,
    "C11150": 4.823392,
    "C11231": 0.093653,
    "C12360": 0.01449,
    "C13420": 0.109371,
    "C13439": 0.076913,
    "C13501": 0.037709,
    "C13528": 0.037247,
    "C13587": 0.057746,
    "C13595": 0.058064,
    "C13641": 0.098136,
    "C13781": 0.040017,
    "C13889": 0.070847,
    "C13943": 0.024816,
    "C14044": 0.069402,
    "C14176": 0.059682,
    "C14257": 0.026818,
    "C14311": 0.171427,
    "C14370": 0.0,
    "C14443": 0.008661,
    "C14550": 0.046227,
    "C14885": 0.152357,
    "C15024": 0.097761,
    "C15172": 0.053851,
    "C15199": 0.031688,
    "C15210": 0.17225,
    "C1538": 0.014441,
    "C15407": 0.05181,
    "C15997": 0.085987,
    "C16373": 0.033484,
    "C16799": 0.026489,
    "C1716": 0.007548,
    "C1767": 0.027269,
    "C17884": 0.698283,
    "C18163": 0.030261,
    "C18309": 0.038227,
    "C18380": 0.005174,
    "C18686": 0.061673,
    "C18791": 0.033116,
    "C19119": 0.019755,
    "C19780": 0.090466,
    "C2003": 0.044441,
    "C20430": 0.080892,
    "C20800": 0.032185,
    "C21172": 0.059847,
    "C2143": 0.067505,
    "C2208": 0.026891,
    "C22390": 0.018823,
    "C2259": 0.008973,
    "C23574": 0.082545,
    "C23663": 0.000662,
    "C23876": 0.026636,
    "C25275": 0.071244,
    "C25755": 0.01034,
    "C26077": 0.11636,
    "C26808": 0.081557,
    "C26905": 0.078481,
    "C27022": 0.042193,
    "C27065": 0.067457,
    "C27499": 0.046756,
    "C27766": 0.003025,
    "C29297": 0.013571,
    "C29378": 0.004921,
    "C29440": 0.016764,
    "C31062": 0.033585,