{
  "arch": "gru_baseline",
  "lob": "private_passenger_auto",
  "config_idx": 87,
  "dropout_rate": 0.04219,
  "learning_rate": 0.001581,
  "batch_size": 256,
  "max_epochs": 500,
  "gru_units": 128,
  "dense_units": 64,
  "mape": 0.05210646610340714,
  "rmspe": 0.4257982558153026,
  "n_companies": 121,
  "n_filtered": 7,
  "mape_std": 0.29913082681059555,
  "mape_p25": 0.007659625984798403,
  "mape_p75": 0.026342278248207313,
  "training_time": 36.33,
  "epochs_trained": 201,
  "best_val_loss": 0.00667033606649576,
  "train_loss_curve": [
    0.040589,
    0.038531,
    0.037818,
    0.037442,
    0.036845,
    0.036831,
    0.036892,
    0.036495,
    0.035938,
    0.035763,
    0.035888,
    0.036555,
    0.03483,
    0.032901,
    0.031488,
    0.031027,
    0.030147,
    0.030889,
    0.028011,
    0.027403,
    0.024902,
    0.025115,
    0.024287,
    0.031966,
    0.026409,
    0.026842,
    0.023476,
    0.024831,
    0.023442,
    0.022546,
    0.022518,
    0.021825,
    0.021877,
    0.022654,
    0.020578,
    0.024066,
    0.021446,
    0.019816,
    0.019437,
    0.019009,
    0.021118,
    0.017785,
    0.016858,
    0.01934,
    0.018432,
    0.018003,
    0.017081,
    0.016988,
    0.017038,
    0.016338,
    0.016201,
    0.013697,
    0.014043,
    0.013701,
    0.011229,
    0.008163,
    0.010674,
    0.010795,
    0.009395,
    0.008742,
    0.014865,
    0.008954,
    0.006894,
    0.014432,
    0.006369,
    0.006515,
    0.006996,
    0.006449,
    0.006549,
    0.006118,
    0.006038,
    0.005472,
    0.005295,
    0.005095,
    0.005768,
    0.005234,
    0.005239,
    0.005787,
    0.005118,
    0.005476,
    0.00536,
    0.005248,
    0.004855,
    0.005086,
    0.021368,
    0.00514,
    0.00563,
    0.021142,
    0.015141,
    0.006077,
    0.005472,
    0.005126,
    0.00527,
    0.004734,
    0.004598,
    0.004778,
    0.00507,
    0.004675,
    0.011715,
    0.005316,
    0.005211,
    0.008049,
    0.004726,
    0.005111,
    0.004951,
    0.006035,
    0.005644,
    0.005429,
    0.005032,
    0.004869,
    0.021118,
    0.021228,
    0.005883,
    0.004596,
    0.004728,
    0.004554,
    0.004915,
    0.005552,
    0.011721,
    0.004817,
    0.004787,
    0.004673,
    0.011588,
    0.010803,
    0.005095,
    0.011651,
    0.005057,
    0.004571,
    0.004587,
    0.019355,
    0.004888,
    0.004509,
    0.004563,
    0.00463,
    0.004811,
    0.004662,
    0.004766,
    0.004533,
    0.005583,
    0.011713,
    0.005013,
    0.004488,
    0.020976,
    0.021229,
    0.004777,
    0.004633,
    0.004635,
    0.013074,
    0.006517,
    0.004602,
    0.004989,
    0.004754,
    0.005033,
    0.004679,
    0.004908,
    0.020886,
    0.004598,
    0.004603,
    0.00466,
    0.004528,
    0.00452,
    0.004528,
    0.004779,
    0.005647,
    0.0047,
    0.004646,
    0.004662,
    0.004633,
    0.004936,
    0.004826,
    0.004636,
    0.004676,
    0.004578,
    0.004583,
    0.011524,
    0.004501,
    0.020873,
    0.005403,
    0.004476,
    0.021067,
    0.00467,
    0.00468,
    0.012503,
    0.004692,
    0.004572,
    0.004563,
    0.005819,
    0.004519,
    0.004451,
    0.004769,
    0.004716,
    0.004758,
    0.012738,
    0.004853,
    0.010882,
    0.020992,
    0.004666,
    0.004769,
    0.004559,
    0.004491,
    0.004781
  ],
  "val_loss_curve": [
    0.007143,
    0.006955,
    0.006982,
    0.006919,
    0.007084,
    0.007045,
    0.00673,
    0.00667,
    0.006737,
    0.006776,
    0.006729,
    0.007987,
    0.013383,
    0.016115,
    0.016571,
    0.027959,
    0.016945,
    0.02488,
    0.026929,
    0.028848,
    0.048864,
    0.039716,
    0.075592,
    0.035439,
    0.063373,
    0.060133,
    0.094613,
    0.054345,
    0.077737,
    0.069752,
    0.08129,
    0.058883,
    0.043049,
    0.058721,
    0.056483,
    0.059175,
    0.04916,
    0.062015,
    0.059385,
    0.051929,
    0.059626,
    0.042497,
    0.060147,
    0.026226,
    0.024496,
    0.049162,
    0.051631,
    0.074457,
    0.030304,
    0.032157,
    0.012131,
    0.025055,
    0.017893,
    0.011658,
    0.016954,
    0.009254,
    0.01254,
    0.01369,
    0.012683,
    0.009823,
    0.00997,
    0.011284,
    0.011954,
    0.011919,
    0.010344,
    0.011016,
    0.012483,
    0.009613,
    0.009301,
    0.013587,
    0.010133,
    0.010666,
    0.013009,
    0.010837,
    0.010971,
    0.011014,
    0.010495,
    0.010742,
    0.009601,
    0.010292,
    0.013083,
    0.014762,
    0.010813,
    0.011209,
    0.011037,
    0.009955,
    0.010449,
    0.007389,
    0.007672,
    0.027585,
    0.024946,
    0.016132,
    0.016758,
    0.017135,
    0.017312,
    0.016735,
    0.017591,
    0.018935,
    0.017929,
    0.016751,
    0.015935,
    0.015797,
    0.015598,
    0.016061,
    0.021435,
    0.01862,
    0.024655,
    0.018452,
    0.018208,
    0.01845,
    0.017413,
    0.015553,
    0.016997,
    0.018156,
    0.017699,
    0.016292,
    0.016279,
    0.015833,
    0.015362,
    0.016411,
    0.017113,
    0.01656,
    0.016656,
    0.014984,
    0.015951,
    0.017728,
    0.016474,
    0.016146,
    0.015705,
    0.016099,
    0.017441,
    0.01689,
    0.017644,
    0.018389,
    0.01832,
    0.017559,
    0.015244,
    0.015082,
    0.015594,
    0.016308,
    0.016487,
    0.016685,
    0.015503,
    0.016987,
    0.016975,
    0.016961,
    0.01683,
    0.014743,
    0.015412,
    0.015483,
    0.016462,
    0.016938,
    0.015769,
    0.016111,
    0.016827,
    0.016145,
    0.015679,
    0.015974,
    0.015444,
    0.015005,
    0.01528,
    0.015535,
    0.015736,
    0.016043,
    0.015648,
    0.015951,
    0.01583,
    0.016204,
    0.017135,
    0.018067,
    0.017913,
    0.01696,
    0.016583,
    0.016428,
    0.01664,
    0.017338,
    0.017544,
    0.017098,
    0.017406,
    0.016958,
    0.016975,
    0.017184,
    0.017188,
    0.016832,
    0.01744,
    0.017558,
    0.016349,
    0.016277,
    0.015899,
    0.01563,
    0.015642,
    0.01585,
    0.015685,
    0.015817,
    0.014504,
    0.014585,
    0.015573,
    0.016204,
    0.016438,
    0.016268,
    0.015958
  ],
  "per_company_mape": {
    "C10007": 0.009219,
    "C10019": 0.059461,
    "C10022": 0.022788,
    "C10204": 0.014537,
    "C10308": 0.0,
    "C10336": 0.019023,
    "C1066": 0.015091,
    "C10783": 0.006996,
    "C10790": 0.020116,
    "C1090": 0.005238,
    "C11037": 0.042901,
    "C11126": 0.023253,
    "C11150": 3.245593,
    "C11231": 0.177259,
    "C12360": 0.004818,
    "C13420": 0.021466,
    "C13439": 0.025643,
    "C13501": 0.022357,
    "C13528": 0.034497,
    "C13587": 0.029935,
    "C13595": 0.009305,
    "C13641": 0.00098,
    "C13781": 0.025671,
    "C13889": 0.009637,
    "C13943": 0.020395,
    "C14044": 0.038559,
    "C14176": 0.006568,
    "C14257": 0.0065,
    "C14311": 0.022893,
    "C14370": 0.074158,
    "C14443": 0.029796,
    "C14550": 0.026971,
    "C14885": 0.009149,
    "C15024": 0.00692,
    "C15172": 0.017954,
    "C15199": 0.011236,
    "C15210": 0.023714,
    "C1538": 0.015953,
    "C15407": 0.031801,
    "C15997": 0.010061,
    "C16373": 0.008364,
    "C16799": 0.013056,
    "C1716": 0.010145,
    "C1767": 0.003947,
    "C17884": 0.640875,
    "C18163": 0.005791,
    "C18309": 0.012887,
    "C18380": 0.008681,
    "C18686": 0.007496,
    "C18791": 0.019209,
    "C19119": 0.009885,
    "C19780": 0.047706,
    "C2003": 0.012971,
    "C20430": 0.007852,
    "C20800": 0.0,
    "C21172": 0.019632,
    "C2143": 0.010889,
    "C2208": 0.005577,
    "C22390": 0.0264,
    "C2259": 0.031356,
    "C23574": 0.015307,
    "C23663": 0.0,
    "C23876": 0.006301,
    "C25275": 0.016207,
    "C25755": 0.007724,
    "C26077": 0.016338,
    "C26808": 0.056759,
    "C26905": 0.00327,
    "C27022": 0.013421,
    "C27065": 0.037565,
    "C27499": 0.025292,
    "C27766": 0.002475,
    "C29297": 0.000786,
    "C29378": 0.028485,
    "C29440": 0.011358,
    "C31062": 0.03981,