{
  "dropout_rate": 0.26711168379386174,
  "learning_rate": 0.46439728689041704,
  "batch_size": 0.06471393660503584,
  "max_epochs": 0.045992918074921986,
  "gru_units": 0.08053901417541237,
  "dense_units": 0.07724516046035106
}