{
  "W1": {
    "mape": 0.13759850136580623,
    "rmspe": 0.24482364993903946,
    "n": 225
  },
  "W2": {
    "mape": 0.12885941769044554,
    "rmspe": 0.24104931456394768,
    "n": 232
  },
  "W3": {
    "mape": 0.10731396381070744,
    "rmspe": 0.21557063071327887,
    "n": 234
  }
}