{
  "seed": 9,
  "mape": 0.0936910125054655,
  "rmspe": 0.15404872415410006,
  "n_companies": 50,
  "n_filtered": 0,
  "training_time": 120.54,
  "epochs_trained": 213,
  "best_val_loss": 0.001167943119071424,
  "exp": "e1"
}