{
  "seed": 1,
  "mape": 0.09894876699192151,
  "rmspe": 0.15083238261361273,
  "n_companies": 50,
  "n_filtered": 0,
  "training_time": 139.2,
  "epochs_trained": 208,
  "best_val_loss": 0.0011979712871834636,
  "exp": "e1"
}