{
  "arch": "gru_baseline",
  "lob": "private_passenger_auto",
  "config_idx": 64,
  "dropout_rate": 0.01983,
  "learning_rate": 0.00375,
  "batch_size": 256,
  "max_epochs": 1000,
  "gru_units": 256,
  "dense_units": 128,
  "mape": 0.021446303760894243,
  "rmspe": 0.08173063099978949,
  "n_companies": 122,
  "n_filtered": 0,
  "mape_std": 0.05776605241603829,
  "mape_p25": 0.005210053309430579,
  "mape_p75": 0.024380194026333936,
  "training_time": 30.47,
  "epochs_trained": 201,
  "best_val_loss": 0.007697281278004604,
  "train_loss_curve": [
    0.043306,
    0.042337,
    0.042347,
    0.042353,
    0.042335,
    0.042343,
    0.042343,
    0.042403,
    0.042338,
    0.042337,
    0.04234,
    0.042352,
    0.042339,
    0.042342,
    0.042354,
    0.042358,
    0.042338,
    0.042337,
    0.042338,
    0.042341,
    0.042338,
    0.042344,
    0.042336,
    0.042634,
    0.042387,
    0.042394,
    0.042336,
    0.042348,
    0.042342,
    0.042341,
    0.042367,
    0.042338,
    0.042341,
    0.042339,
    0.042351,
    0.042336,
    0.042337,
    0.042344,
    0.043202,
    0.042345,
    0.042336,
    0.042339,
    0.042338,
    0.042336,
    0.042341,
    0.042356,
    0.042339,
    0.042336,
    0.042347,
    0.042336,
    0.042344,
    0.042339,
    0.042347,
    0.042339,
    0.042351,
    0.042345,
    0.042359,
    0.042346,
    0.042336,
    0.042637,
    0.042938,
    0.042345,
    0.042336,
    0.042337,
    0.04234,
    0.042337,
    0.042339,
    0.04234,
    0.042339,
    0.042341,
    0.042342,
    0.042339,
    0.042607,
    0.042339,
    0.04234,
    0.042339,
    0.042902,
    0.042343,
    0.042341,
    0.042341,
    0.04234,
    0.042395,
    0.042356,
    0.042349,
    0.042336,
    0.042364,
    0.042376,
    0.042339,
    0.043239,
    0.042339,
    0.042946,
    0.042341,
    0.042337,
    0.042338,
    0.042338,
    0.042339,
    0.042336,
    0.042337,
    0.042353,
    0.042352,
    0.042339,
    0.042341,
    0.042372,
    0.042344,
    0.042335,
    0.042338,
    0.042349,
    0.042339,
    0.042346,
    0.042397,
    0.042337,
    0.042368,
    0.042356,
    0.042345,
    0.042649,
    0.042338,
    0.042354,
    0.042336,
    0.042338,
    0.042336,
    0.04234,
    0.042337,
    0.042341,
    0.04234,
    0.042346,
    0.042607,
    0.042339,
    0.042341,
    0.042336,
    0.042337,
    0.042336,
    0.042355,
    0.04234,
    0.042393,
    0.042343,
    0.042344,
    0.042342,
    0.04234,
    0.042341,
    0.042337,
    0.042351,
    0.042344,
    0.042345,
    0.042337,
    0.042338,
    0.042336,
    0.042342,
    0.042339,
    0.042345,
    0.04234,
    0.042338,
    0.042338,
    0.042343,
    0.042605,
    0.04234,
    0.04235,
    0.042338,
    0.042342,
    0.042337,
    0.042337,
    0.042348,
    0.042336,
    0.042341,
    0.042342,
    0.042344,
    0.042361,
    0.042342,
    0.042637,
    0.04234,
    0.042344,
    0.042347,
    0.042339,
    0.042341,
    0.042362,
    0.042337,
    0.042336,
    0.04234,
    0.042638,
    0.042355,
    0.042337,
    0.042339,
    0.042348,
    0.042605,
    0.042338,
    0.042383,
    0.04234,
    0.042393,
    0.04235,
    0.042336,
    0.042406,
    0.042346,
    0.042359,
    0.042337,
    0.042412,
    0.042645,
    0.042338,
    0.042339,
    0.042339,
    0.042345,
    0.042343,
    0.042342
  ],
  "val_loss_curve": [
    0.007697,
    0.007697,
    0.007697,
    0.007697,
    0.007697,
    0.007697,
    0.007697,
    0.007697,
    0.007697,
    0.007697,
    0.007697,
    0.007697,
    0.007697,
    0.007697,
    0.007697,
    0.007697,
    0.007697,
    0.007697,
    0.007697,
    0.007697,
    0.007697,
    0.007697,
    0.007697,
    0.007697,
    0.007697,
    0.007697,
    0.007697,
    0.007697,
    0.007697,
    0.007697,
    0.007697,
    0.007697,
    0.007697,
    0.007697,
    0.007697,
    0.007697,
    0.007697,
    0.007697,
    0.007697,
    0.007697,
    0.007697,
    0.007697,
    0.007697,
    0.007697,
    0.007697,
    0.007697,
    0.007697,
    0.007697,
    0.007697,
    0.007697,
    0.007697,
    0.007697,
    0.007697,
    0.007697,
    0.007697,
    0.007697,
    0.007697,
    0.007697,
    0.007697,
    0.007697,
    0.007697,
    0.007697,
    0.007697,
    0.007697,
    0.007697,
    0.007697,
    0.007697,
    0.007697,
    0.007697,
    0.007697,
    0.007697,
    0.007697,
    0.007697,
    0.007697,
    0.007697,
    0.007697,
    0.007697,
    0.007697,
    0.007697,
    0.007697,
    0.007697,
    0.007697,
    0.007697,
    0.007697,
    0.007697,
    0.007697,
    0.007697,
    0.007697,
    0.007697,
    0.007697,
    0.007697,
    0.007697,
    0.007697,
    0.007697,
    0.007697,
    0.007697,
    0.007697,
    0.007697,
    0.007697,
    0.007697,
    0.007697,
    0.007697,
    0.007697,
    0.007697,
    0.007697,
    0.007697,
    0.007697,
    0.007697,
    0.007697,
    0.007697,
    0.007697,
    0.007697,
    0.007697,
    0.007697,
    0.007697,
    0.007697,
    0.007697,
    0.007697,
    0.007697,
    0.007697,
    0.007697,
    0.007697,
    0.007697,
    0.007697,
    0.007697,
    0.007697,
    0.007697,
    0.007697,
    0.007697,
    0.007697,
    0.007697,
    0.007697,
    0.007697,
    0.007697,
    0.007697,
    0.007697,
    0.007697,
    0.007697,
    0.007697,
    0.007697,
    0.007697,
    0.007697,
    0.007697,
    0.007697,
    0.007697,
    0.007697,
    0.007697,
    0.007697,
    0.007697,
    0.007697,
    0.007697,
    0.007697,
    0.007697,
    0.007697,
    0.007697,
    0.007697,
    0.007697,
    0.007697,
    0.007697,
    0.007697,
    0.007697,
    0.007697,
    0.007697,
    0.007697,
    0.007697,
    0.007697,
    0.007697,
    0.007697,
    0.007697,
    0.007697,
    0.007697,
    0.007697,
    0.007697,
    0.007697,
    0.007697,
    0.007697,
    0.007697,
    0.007697,
    0.007697,
    0.007697,
    0.007697,
    0.007697,
    0.007697,
    0.007697,
    0.007697,
    0.007697,
    0.007697,
    0.007697,
    0.007697,
    0.007697,
    0.007697,
    0.007697,
    0.007697,
    0.007697,
    0.007697,
    0.007697,
    0.007697,
    0.007697,
    0.007697,
    0.007697,
    0.007697
  ],
  "per_company_mape": {
    "C10007": 0.020737,
    "C10019": 0.058927,
    "C10022": 0.034253,
    "C10204": 0.016635,
    "C10308": 0.0,
    "C10336": 0.012372,
    "C1066": 0.036093,
    "C10783": 0.009131,
    "C10790": 0.01854,
    "C1090": 0.009251,
    "C11037": 0.01191,
    "C11126": 0.027173,
    "C11150": 0.0,
    "C11231": 0.0,
    "C12360": 0.006609,
    "C13420": 0.041495,
    "C13439": 0.016768,
    "C13501": 0.018797,
    "C13528": 0.0,
    "C13587": 0.035023,
    "C13595": 0.012929,
    "C13641": 0.000817,
    "C13781": 0.006166,
    "C13889": 0.028272,
    "C13943": 0.037533,
    "C14044": 0.049048,
    "C14176": 0.017568,
    "C14257": 0.021043,
    "C14311": 0.031529,
    "C14370": 0.0,
    "C14443": 0.008661,
    "C14550": 0.026776,
    "C14885": 0.005319,
    "C15024": 0.024463,
    "C15172": 7.4e-05,
    "C15199": 0.022327,
    "C15210": 0.03347,
    "C1538": 0.021558,
    "C15407": 0.015482,
    "C15997": 0.024827,
    "C16373": 0.002643,
    "C16799": 0.007868,
    "C1716": 0.003624,
    "C1767": 0.025784,
    "C17884": 0.627503,
    "C18163": 0.008797,
    "C18309": 0.024727,
    "C18380": 0.005174,
    "C18686": 0.013989,
    "C18791": 0.024871,
    "C19119": 0.006813,
    "C19780": 0.057078,
    "C2003": 0.017388,
    "C20430": 0.005819,
    "C20800": 0.0,
    "C21172": 0.026783,
    "C2143": 0.012582,
    "C2208": 0.008986,
    "C22390": 0.0,
    "C2259": 0.001876,
    "C23574": 0.017274,
    "C23663": 0.0,
    "C23876": 0.020293,
    "C25275": 0.020444,
    "C25755": 0.010086,
    "C26077": 0.045941,
    "C26808": 0.020777,
    "C26905": 0.001405,
    "C27022": 0.032121,
    "C27065": 0.006738,
    "C27499": 0.024133,
    "C27766": 0.003025,
    "C29297": 0.001066,
    "C29378": 0.0,
    "C29440": 0.030602,
    "C31062": 0.064232,