{
  "arch": "gru_baseline",
  "lob": "private_passenger_auto",
  "config_idx": 85,
  "dropout_rate": 0.11758,
  "learning_rate": 0.0043327,
  "batch_size": 256,
  "max_epochs": 500,
  "gru_units": 256,
  "dense_units": 32,
  "mape": 0.02161335007100946,
  "rmspe": 0.08185339092269825,
  "n_companies": 122,
  "n_filtered": 0,
  "mape_std": 0.057807124016478924,
  "mape_p25": 0.005210053309430579,
  "mape_p75": 0.024380194026333936,
  "training_time": 35.34,
  "epochs_trained": 201,
  "best_val_loss": 0.006776124401117808,
  "train_loss_curve": [
    0.041628,
    0.040018,
    0.038849,
    0.038041,
    0.038352,
    0.038933,
    0.037486,
    0.036513,
    0.035592,
    0.0368,
    0.039192,
    0.037195,
    0.035443,
    0.037635,
    0.040018,
    0.036453,
    0.035835,
    0.038432,
    0.035573,
    0.036502,
    0.030223,
    0.029396,
    0.024166,
    0.031929,
    0.040548,
    0.027785,
    0.026349,
    0.029008,
    0.026998,
    0.022852,
    0.021058,
    0.031155,
    0.02229,
    0.018156,
    0.01484,
    0.015406,
    0.018516,
    0.0155,
    0.020049,
    0.019607,
    0.024089,
    0.030118,
    0.014693,
    0.013149,
    0.030044,
    0.037419,
    0.030721,
    0.01522,
    0.014275,
    0.013079,
    0.030864,
    0.03571,
    0.020121,
    0.022459,
    0.01664,
    0.012959,
    0.012804,
    0.018671,
    0.013165,
    0.012101,
    0.01196,
    0.029351,
    0.017622,
    0.020077,
    0.017186,
    0.016256,
    0.012935,
    0.012178,
    0.018003,
    0.020125,
    0.036337,
    0.013086,
    0.0132,
    0.012272,
    0.012795,
    0.01364,
    0.028403,
    0.012702,
    0.015147,
    0.015343,
    0.013706,
    0.02005,
    0.013054,
    0.011947,
    0.011901,
    0.012344,
    0.011767,
    0.028043,
    0.012572,
    0.012796,
    0.028277,
    0.012441,
    0.028197,
    0.020103,
    0.012133,
    0.012014,
    0.027455,
    0.013677,
    0.028353,
    0.012431,
    0.013051,
    0.035342,
    0.020414,
    0.013805,
    0.011955,
    0.011974,
    0.019544,
    0.027292,
    0.012535,
    0.012696,
    0.013438,
    0.012083,
    0.013572,
    0.014427,
    0.020684,
    0.013409,
    0.020424,
    0.011841,
    0.012273,
    0.012725,
    0.012329,
    0.02303,
    0.011958,
    0.011739,
    0.011685,
    0.013778,
    0.012233,
    0.02844,
    0.011949,
    0.011658,
    0.012686,
    0.019624,
    0.028284,
    0.012132,
    0.013012,
    0.012859,
    0.012435,
    0.011859,
    0.012274,
    0.011378,
    0.011816,
    0.027254,
    0.01212,
    0.02879,
    0.019259,
    0.026349,
    0.012207,
    0.011681,
    0.011783,
    0.018843,
    0.026408,
    0.011422,
    0.033926,
    0.011428,
    0.012879,
    0.011242,
    0.011152,
    0.011576,
    0.011887,
    0.011275,
    0.011258,
    0.019085,
    0.010943,
    0.018004,
    0.026048,
    0.019052,
    0.011761,
    0.011486,
    0.010903,
    0.012429,
    0.011458,
    0.012981,
    0.019066,
    0.011026,
    0.025532,
    0.011254,
    0.01204,
    0.019037,
    0.01151,
    0.011845,
    0.010986,
    0.010976,
    0.019122,
    0.027267,
    0.019063,
    0.0107,
    0.010758,
    0.010864,
    0.011413,
    0.010863,
    0.011379,
    0.010736,
    0.018181,
    0.017668,
    0.011587,
    0.010656,
    0.010685,
    0.011745,
    0.010557,
    0.010714,
    0.010714
  ],
  "val_loss_curve": [
    0.00764,
    0.007174,
    0.007087,
    0.008104,
    0.008088,
    0.007063,
    0.007132,
    0.007327,
    0.007085,
    0.006883,
    0.007493,
    0.006825,
    0.006925,
    0.008608,
    0.008964,
    0.007139,
    0.007161,
    0.007933,
    0.007427,
    0.008255,
    0.024005,
    0.034815,
    0.048603,
    0.007052,
    0.007157,
    0.017748,
    0.007648,
    0.006794,
    0.006776,
    0.007238,
    0.011116,
    0.014777,
    0.012687,
    0.014968,
    0.006996,
    0.00696,
    0.007006,
    0.021722,
    0.02289,
    0.012589,
    0.012817,
    0.017982,
    0.022095,
    0.011941,
    0.01785,
    0.022335,
    0.014872,
    0.021303,
    0.035048,
    0.04555,
    0.043379,
    0.024419,
    0.031157,
    0.027302,
    0.021036,
    0.011619,
    0.007399,
    0.037767,
    0.03085,
    0.022906,
    0.025807,
    0.032618,
    0.023342,
    0.020764,
    0.014821,
    0.025073,
    0.006863,
    0.006968,
    0.020084,
    0.05182,
    0.055352,
    0.039358,
    0.026239,
    0.035236,
    0.033971,
    0.043331,
    0.037677,
    0.043619,
    0.038252,
    0.018842,
    0.018256,
    0.021984,
    0.023102,
    0.025059,
    0.023778,
    0.024273,
    0.026198,
    0.028742,
    0.023311,
    0.029947,
    0.034437,
    0.032015,
    0.029516,
    0.037269,
    0.031531,
    0.024397,
    0.020147,
    0.021215,
    0.026241,
    0.020495,
    0.019525,
    0.022744,
    0.02377,
    0.02466,
    0.029099,
    0.032468,
    0.032969,
    0.032403,
    0.036323,
    0.024765,
    0.021537,
    0.022543,
    0.03019,
    0.029121,
    0.013657,
    0.018146,
    0.017926,
    0.014231,
    0.011699,
    0.014722,
    0.015173,
    0.016984,
    0.013744,
    0.012301,
    0.013395,
    0.011257,
    0.01216,
    0.019643,
    0.025562,
    0.026107,
    0.030898,
    0.032669,
    0.031305,
    0.026061,
    0.024914,
    0.025923,
    0.024934,
    0.022506,
    0.020658,
    0.0197,
    0.018972,
    0.020333,
    0.019778,
    0.019952,
    0.021013,
    0.020697,
    0.019351,
    0.018266,
    0.017122,
    0.018539,
    0.017757,
    0.017578,
    0.017292,
    0.015959,
    0.01826,
    0.019073,
    0.017613,
    0.017459,
    0.017216,
    0.016217,
    0.015255,
    0.015286,
    0.014834,
    0.016275,
    0.015366,
    0.016109,
    0.015524,
    0.014583,
    0.01734,
    0.016412,
    0.018829,
    0.021286,
    0.023587,
    0.023945,
    0.023566,
    0.018711,
    0.017973,
    0.021876,
    0.017891,
    0.017439,
    0.018063,
    0.015591,
    0.016824,
    0.017893,
    0.016841,
    0.016,
    0.015477,
    0.015039,
    0.0149,
    0.015433,
    0.015005,
    0.014901,
    0.015787,
    0.017084,
    0.016808,
    0.017184,
    0.016832,
    0.017209,
    0.017538,
    0.017206,
    0.016948
  ],
  "per_company_mape": {
    "C10007": 0.020737,
    "C10019": 0.058927,
    "C10022": 0.034253,
    "C10204": 0.016635,
    "C10308": 0.0,
    "C10336": 0.012372,
    "C1066": 0.036093,
    "C10783": 0.009131,
    "C10790": 0.01854,
    "C1090": 0.009251,
    "C11037": 0.01191,
    "C11126": 0.027173,
    "C11150": 0.0,
    "C11231": 0.0,
    "C12360": 0.006609,
    "C13420": 0.041495,
    "C13439": 0.016768,
    "C13501": 0.018797,
    "C13528": 0.0,
    "C13587": 0.035023,
    "C13595": 0.012929,
    "C13641": 0.000817,
    "C13781": 0.006166,
    "C13889": 0.028272,
    "C13943": 0.037533,
    "C14044": 0.049048,
    "C14176": 0.017568,
    "C14257": 0.021043,
    "C14311": 0.031529,
    "C14370": 0.0,
    "C14443": 0.008661,
    "C14550": 0.026776,
    "C14885": 0.005319,
    "C15024": 0.024463,
    "C15172": 7.4e-05,
    "C15199": 0.022327,
    "C15210": 0.03347,
    "C1538": 0.021558,
    "C15407": 0.015482,
    "C15997": 0.024827,
    "C16373": 0.002643,
    "C16799": 0.007868,
    "C1716": 0.003624,
    "C1767": 0.025784,
    "C17884": 0.627503,
    "C18163": 0.008797,
    "C18309": 0.024727,
    "C18380": 0.005174,
    "C18686": 0.013989,
    "C18791": 0.024871,
    "C19119": 0.006813,
    "C19780": 0.057078,
    "C2003": 0.017388,
    "C20430": 0.005819,
    "C20800": 0.0,
    "C21172": 0.026783,
    "C2143": 0.012582,
    "C2208": 0.008986,
    "C22390": 0.0,
    "C2259": 0.001876,
    "C23574": 0.017274,
    "C23663": 0.0,
    "C23876": 0.020293,
    "C25275": 0.020444,
    "C25755": 0.010086,
    "C26077": 0.045941,
    "C26808": 0.020777,
    "C26905": 0.001405,
    "C27022": 0.032121,
    "C27065": 0.006738,
    "C27499": 0.024133,
    "C27766": 0.003025,
    "C29297": 0.001066,
    "C29378": 0.0,
    "C29440": 0.030602,
    "C31062": 0.064232,
    "C3131": 0.002277,