{
  "arch": "gru_baseline",
  "lob": "private_passenger_auto",
  "config_idx": 67,
  "dropout_rate": 0.11045,
  "learning_rate": 0.0011308,
  "batch_size": 256,
  "max_epochs": 1000,
  "gru_units": 128,
  "dense_units": 64,
  "mape": 0.020144824076178406,
  "rmspe": 0.07957321746470761,
  "n_companies": 122,
  "n_filtered": 0,
  "mape_std": 0.05720216761126206,
  "mape_p25": 0.005363925279063606,
  "mape_p75": 0.02066768101791845,
  "training_time": 34.78,
  "epochs_trained": 201,
  "best_val_loss": 0.006662998828687705,
  "train_loss_curve": [
    0.040257,
    0.039221,
    0.038339,
    0.037727,
    0.03726,
    0.037359,
    0.037497,
    0.036527,
    0.035345,
    0.034997,
    0.034857,
    0.034123,
    0.035825,
    0.035043,
    0.032707,
    0.030708,
    0.030739,
    0.029426,
    0.02985,
    0.027869,
    0.027821,
    0.028136,
    0.027424,
    0.028879,
    0.025124,
    0.02681,
    0.025218,
    0.025037,
    0.023697,
    0.023714,
    0.024191,
    0.031508,
    0.023278,
    0.02408,
    0.022312,
    0.030058,
    0.021456,
    0.021417,
    0.020989,
    0.021242,
    0.028553,
    0.020864,
    0.021174,
    0.028234,
    0.021473,
    0.019217,
    0.02563,
    0.020726,
    0.017675,
    0.01983,
    0.021441,
    0.021783,
    0.017484,
    0.017742,
    0.017518,
    0.017326,
    0.019633,
    0.018704,
    0.01458,
    0.014196,
    0.030056,
    0.026708,
    0.016257,
    0.014506,
    0.013135,
    0.018337,
    0.014344,
    0.015206,
    0.021609,
    0.024942,
    0.012348,
    0.013179,
    0.012052,
    0.020664,
    0.017271,
    0.012341,
    0.029769,
    0.013902,
    0.018299,
    0.025907,
    0.012821,
    0.013136,
    0.021115,
    0.020814,
    0.009316,
    0.010509,
    0.008237,
    0.015537,
    0.013689,
    0.02591,
    0.010101,
    0.008421,
    0.010764,
    0.022825,
    0.007099,
    0.021002,
    0.030393,
    0.011927,
    0.008627,
    0.025096,
    0.008388,
    0.010306,
    0.022766,
    0.008305,
    0.009369,
    0.009123,
    0.006838,
    0.005532,
    0.020554,
    0.006257,
    0.007644,
    0.005756,
    0.008064,
    0.013015,
    0.012972,
    0.013092,
    0.0109,
    0.023499,
    0.00653,
    0.015853,
    0.00726,
    0.005894,
    0.025496,
    0.008747,
    0.010104,
    0.006375,
    0.009031,
    0.024452,
    0.014326,
    0.021805,
    0.011854,
    0.016475,
    0.014558,
    0.009917,
    0.02846,
    0.014479,
    0.02272,
    0.005788,
    0.005291,
    0.012168,
    0.013434,
    0.022789,
    0.007406,
    0.006516,
    0.00549,
    0.006065,
    0.011958,
    0.006948,
    0.023659,
    0.012173,
    0.0077,
    0.013217,
    0.0064,
    0.006403,
    0.00536,
    0.007717,
    0.004917,
    0.005731,
    0.0108,
    0.005456,
    0.005388,
    0.013236,
    0.008253,
    0.011236,
    0.004672,
    0.004907,
    0.009498,
    0.004639,
    0.006048,
    0.011194,
    0.006595,
    0.012625,
    0.005892,
    0.004726,
    0.020053,
    0.013199,
    0.00468,
    0.006803,
    0.006243,
    0.021017,
    0.009626,
    0.008182,
    0.006729,
    0.005405,
    0.004913,
    0.005259,
    0.005577,
    0.00489,
    0.005064,
    0.005372,
    0.005186,
    0.004896,
    0.005015,
    0.014202,
    0.004678,
    0.006641,
    0.005151,
    0.006134,
    0.005206,
    0.00469,
    0.005205
  ],
  "val_loss_curve": [
    0.006742,
    0.007325,
    0.006773,
    0.006663,
    0.006721,
    0.006759,
    0.007017,
    0.007731,
    0.008379,
    0.011869,
    0.00881,
    0.012785,
    0.012393,
    0.009083,
    0.013468,
    0.01839,
    0.022613,
    0.019623,
    0.032758,
    0.026094,
    0.041145,
    0.03377,
    0.044931,
    0.053589,
    0.044365,
    0.060656,
    0.057344,
    0.059632,
    0.103911,
    0.094716,
    0.079689,
    0.07412,
    0.101604,
    0.095867,
    0.075525,
    0.086359,
    0.091943,
    0.086898,
    0.073684,
    0.056859,
    0.052614,
    0.095079,
    0.059852,
    0.048367,
    0.049329,
    0.059463,
    0.030953,
    0.039141,
    0.051869,
    0.043156,
    0.045417,
    0.062725,
    0.083809,
    0.095203,
    0.057163,
    0.069989,
    0.066742,
    0.066019,
    0.073675,
    0.075099,
    0.060925,
    0.05136,
    0.056874,
    0.061291,
    0.060153,
    0.056283,
    0.0576,
    0.04099,
    0.050668,
    0.0487,
    0.04634,
    0.054092,
    0.053562,
    0.050978,
    0.044631,
    0.04226,
    0.044221,
    0.041726,
    0.044555,
    0.048581,
    0.047149,
    0.045686,
    0.039726,
    0.038711,
    0.046669,
    0.041762,
    0.04132,
    0.035588,
    0.044814,
    0.049609,
    0.03659,
    0.032187,
    0.030446,
    0.021802,
    0.040807,
    0.045675,
    0.020241,
    0.029055,
    0.02863,
    0.016935,
    0.023813,
    0.02233,
    0.021878,
    0.015173,
    0.015607,
    0.019782,
    0.02046,
    0.015651,
    0.014539,
    0.013203,
    0.013396,
    0.015084,
    0.018485,
    0.014883,
    0.015301,
    0.01578,
    0.017492,
    0.01782,
    0.01613,
    0.018162,
    0.017425,
    0.012484,
    0.011147,
    0.012022,
    0.012193,
    0.011733,
    0.013695,
    0.010869,
    0.009628,
    0.012107,
    0.01799,
    0.019747,
    0.015229,
    0.01297,
    0.011577,
    0.012055,
    0.01076,
    0.010334,
    0.012607,
    0.015558,
    0.014068,
    0.025658,
    0.029074,
    0.025602,
    0.022541,
    0.022628,
    0.018173,
    0.017865,
    0.018961,
    0.023592,
    0.020256,
    0.018793,
    0.016567,
    0.016997,
    0.01634,
    0.013723,
    0.015142,
    0.016153,
    0.016678,
    0.017345,
    0.018408,
    0.018084,
    0.017616,
    0.018727,
    0.020335,
    0.021221,
    0.022727,
    0.023633,
    0.023131,
    0.021006,
    0.021494,
    0.021545,
    0.019158,
    0.018387,
    0.017764,
    0.016241,
    0.016267,
    0.016493,
    0.014967,
    0.015208,
    0.016221,
    0.017357,
    0.021855,
    0.021793,
    0.018673,
    0.018252,
    0.019086,
    0.019532,
    0.020341,
    0.022556,
    0.020307,
    0.019663,
    0.017872,
    0.016563,
    0.016642,
    0.01791,
    0.018549,
    0.0198,
    0.017606,
    0.017756,
    0.017835
  ],
  "per_company_mape": {
    "C10007": 0.017997,
    "C10019": 0.058927,
    "C10022": 0.029966,
    "C10204": 0.014655,
    "C10308": 0.001015,
    "C10336": 0.012372,
    "C1066": 0.034845,
    "C10783": 0.009131,
    "C10790": 0.01717,
    "C1090": 0.009251,
    "C11037": 0.01191,
    "C11126": 0.019521,
    "C11150": 0.0,
    "C11231": 0.0,
    "C12360": 0.006609,
    "C13420": 0.040452,
    "C13439": 0.013619,
    "C13501": 0.016564,
    "C13528": 0.0,
    "C13587": 0.028988,
    "C13595": 0.012929,
    "C13641": 0.000817,
    "C13781": 0.006166,
    "C13889": 0.025025,
    "C13943": 0.033423,
    "C14044": 0.049048,
    "C14176": 0.017568,
    "C14257": 0.019775,
    "C14311": 0.016118,
    "C14370": 0.013723,
    "C14443": 0.008661,
    "C14550": 0.020742,
    "C14885": 0.005319,
    "C15024": 0.019572,
    "C15172": 7.4e-05,
    "C15199": 0.022327,
    "C15210": 0.03347,
    "C1538": 0.019724,
    "C15407": 0.015482,
    "C15997": 0.019476,
    "C16373": 0.002643,
    "C16799": 0.007868,
    "C1716": 0.003624,
    "C1767": 0.025784,
    "C17884": 0.627503,
    "C18163": 0.008797,
    "C18309": 0.024727,
    "C18380": 0.005174,
    "C18686": 0.013989,
    "C18791": 0.024871,
    "C19119": 0.006813,
    "C19780": 0.051844,
    "C2003": 0.01373,
    "C20430": 0.005819,
    "C20800": 0.0,
    "C21172": 0.025689,
    "C2143": 0.012582,
    "C2208": 0.008986,
    "C22390": 0.0,
    "C2259": 0.001876,
    "C23574": 0.017274,
    "C23663": 0.0,
    "C23876": 0.020293,
    "C25275": 0.020444,
    "C25755": 0.010086,
    "C26077": 0.028328,
    "C26808": 0.020777,
    "C26905": 0.001405,
    "C27022": 0.026334,
    "C27065": 0.006738,
    "C27499": 0.024133,
    "C27766": 0.003025,
    "C29297": 0.001066,
    "C29378": 0.0,
    "C29440": 0.022712,
    "C31062": 0.056933,
    "C3131": 0.002277,