{
  "arch": "gru_baseline",
  "lob": "private_passenger_auto",
  "config_idx": 79,
  "dropout_rate": 0.13582,
  "learning_rate": 0.0007168,
  "batch_size": 256,
  "max_epochs": 500,
  "gru_units": 256,
  "dense_units": 64,
  "mape": 0.02035689640236978,
  "rmspe": 0.07980518936436264,
  "n_companies": 122,
  "n_filtered": 1,
  "mape_std": 0.05725706892318226,
  "mape_p25": 0.005895286631245651,
  "mape_p75": 0.02021896870811768,
  "training_time": 56.93,
  "epochs_trained": 201,
  "best_val_loss": 0.006649182913991224,
  "train_loss_curve": [
    0.040382,
    0.039499,
    0.038826,
    0.038005,
    0.037837,
    0.037978,
    0.037665,
    0.037958,
    0.037642,
    0.037421,
    0.037775,
    0.035856,
    0.03621,
    0.03506,
    0.034629,
    0.033905,
    0.033274,
    0.033239,
    0.03305,
    0.032188,
    0.032258,
    0.031095,
    0.028683,
    0.028472,
    0.031227,
    0.028824,
    0.027701,
    0.027574,
    0.02742,
    0.026494,
    0.025561,
    0.032354,
    0.024983,
    0.025379,
    0.036319,
    0.025433,
    0.024327,
    0.025153,
    0.030809,
    0.02589,
    0.031605,
    0.024379,
    0.021493,
    0.019965,
    0.023326,
    0.020771,
    0.023868,
    0.029995,
    0.028116,
    0.021122,
    0.02436,
    0.021118,
    0.021867,
    0.019038,
    0.024413,
    0.022093,
    0.021129,
    0.029244,
    0.01727,
    0.02401,
    0.029436,
    0.017724,
    0.036851,
    0.021555,
    0.016915,
    0.022206,
    0.016954,
    0.017198,
    0.018052,
    0.022668,
    0.017208,
    0.016368,
    0.022607,
    0.015275,
    0.017475,
    0.018117,
    0.026877,
    0.015618,
    0.019047,
    0.028199,
    0.019741,
    0.024477,
    0.018389,
    0.017446,
    0.022235,
    0.013777,
    0.013874,
    0.015755,
    0.020134,
    0.014949,
    0.016786,
    0.013734,
    0.013365,
    0.019168,
    0.016952,
    0.013024,
    0.010396,
    0.030644,
    0.029361,
    0.01501,
    0.013138,
    0.033349,
    0.011497,
    0.033911,
    0.012905,
    0.014865,
    0.019205,
    0.018315,
    0.023124,
    0.024378,
    0.011349,
    0.010445,
    0.012373,
    0.010555,
    0.010441,
    0.011086,
    0.011827,
    0.016429,
    0.017903,
    0.01087,
    0.01027,
    0.012869,
    0.011548,
    0.018143,
    0.008575,
    0.009916,
    0.008536,
    0.010274,
    0.010284,
    0.014676,
    0.022684,
    0.010297,
    0.009048,
    0.010372,
    0.014513,
    0.008699,
    0.008216,
    0.013759,
    0.008244,
    0.010063,
    0.009544,
    0.018997,
    0.010137,
    0.009266,
    0.007727,
    0.008126,
    0.009276,
    0.014525,
    0.009234,
    0.010156,
    0.008321,
    0.007804,
    0.0083,
    0.032032,
    0.009083,
    0.008314,
    0.014092,
    0.008754,
    0.014035,
    0.013604,
    0.029051,
    0.007275,
    0.020103,
    0.01697,
    0.008407,
    0.021541,
    0.006655,
    0.006207,
    0.022642,
    0.014377,
    0.011556,
    0.029951,
    0.00826,
    0.014205,
    0.005832,
    0.006525,
    0.005871,
    0.023296,
    0.006494,
    0.012896,
    0.013596,
    0.006643,
    0.006683,
    0.00606,
    0.019103,
    0.015377,
    0.008293,
    0.007504,
    0.005961,
    0.007165,
    0.00609,
    0.006445,
    0.006901,
    0.005947,
    0.00635,
    0.006582,
    0.007825,
    0.021088,
    0.00575,
    0.013245,
    0.014358
  ],
  "val_loss_curve": [
    0.006853,
    0.007092,
    0.006805,
    0.006813,
    0.006742,
    0.006723,
    0.006903,
    0.006721,
    0.006649,
    0.006887,
    0.010374,
    0.007311,
    0.007733,
    0.009791,
    0.010981,
    0.014861,
    0.018252,
    0.023118,
    0.018392,
    0.016696,
    0.018479,
    0.016998,
    0.033699,
    0.03341,
    0.036327,
    0.035364,
    0.056956,
    0.054521,
    0.056089,
    0.065618,
    0.06587,
    0.050316,
    0.072293,
    0.07264,
    0.02404,
    0.021222,
    0.051463,
    0.048499,
    0.060469,
    0.037724,
    0.036316,
    0.064316,
    0.072732,
    0.065623,
    0.071977,
    0.074405,
    0.064029,
    0.07783,
    0.079646,
    0.08836,
    0.100867,
    0.06287,
    0.061555,
    0.109291,
    0.101237,
    0.090882,
    0.058473,
    0.059907,
    0.069338,
    0.072793,
    0.072645,
    0.073967,
    0.065675,
    0.074272,
    0.065162,
    0.067754,
    0.052117,
    0.057506,
    0.069362,
    0.054706,
    0.052855,
    0.056961,
    0.057909,
    0.060373,
    0.05897,
    0.043875,
    0.039281,
    0.057701,
    0.056454,
    0.046671,
    0.045831,
    0.056801,
    0.057929,
    0.054933,
    0.056659,
    0.055661,
    0.053516,
    0.053913,
    0.053311,
    0.048397,
    0.054242,
    0.056441,
    0.047432,
    0.052529,
    0.041819,
    0.052976,
    0.049145,
    0.039427,
    0.039099,
    0.040225,
    0.054418,
    0.049703,
    0.048847,
    0.042287,
    0.035821,
    0.049562,
    0.052209,
    0.055785,
    0.043876,
    0.054032,
    0.051655,
    0.050701,
    0.036927,
    0.044395,
    0.043733,
    0.042796,
    0.039596,
    0.04312,
    0.041296,
    0.039123,
    0.036674,
    0.04401,
    0.039692,
    0.044199,
    0.046227,
    0.04759,
    0.046947,
    0.046746,
    0.0419,
    0.035203,
    0.033443,
    0.038858,
    0.03493,
    0.032863,
    0.034212,
    0.041188,
    0.045307,
    0.041529,
    0.034581,
    0.030965,
    0.026636,
    0.027698,
    0.035519,
    0.048903,
    0.030542,
    0.033472,
    0.036463,
    0.038825,
    0.039481,
    0.039905,
    0.034951,
    0.036208,
    0.03828,
    0.039495,
    0.038383,
    0.034841,
    0.039062,
    0.039199,
    0.036701,
    0.039507,
    0.034251,
    0.033863,
    0.034716,
    0.035604,
    0.033884,
    0.034566,
    0.035472,
    0.036002,
    0.033082,
    0.03033,
    0.03245,
    0.032475,
    0.031565,
    0.029017,
    0.029504,
    0.02984,
    0.029834,
    0.029303,
    0.0263,
    0.025522,
    0.024066,
    0.023305,
    0.025625,
    0.029553,
    0.029405,
    0.030183,
    0.029242,
    0.027658,
    0.026304,
    0.026979,
    0.027023,
    0.028073,
    0.027497,
    0.029338,
    0.02919,
    0.029548,
    0.028419,
    0.02792,
    0.029733,
    0.030215,
    0.030553
  ],
  "per_company_mape": {
    "C10007": 0.015873,
    "C10019": 0.058927,
    "C10022": 0.026678,
    "C10204": 0.014371,
    "C10308": 0.01678,
    "C10336": 0.012372,
    "C1066": 0.034003,
    "C10783": 0.009131,
    "C10790": 0.01854,
    "C1090": 0.009002,
    "C11037": 0.01191,
    "C11126": 0.014887,
    "C11150": 0.0,
    "C11231": 0.016859,
    "C12360": 0.006609,
    "C13420": 0.028267,
    "C13439": 0.01333,
    "C13501": 0.014526,
    "C13528": 0.0,
    "C13587": 0.029402,
    "C13595": 0.012929,
    "C13641": 0.000817,
    "C13781": 0.009229,
    "C13889": 0.023492,
    "C13943": 0.028428,
    "C14044": 0.046902,
    "C14176": 0.015318,
    "C14257": 0.016951,
    "C14311": 0.017292,
    "C14370": 0.032424,
    "C14443": 0.008661,
    "C14550": 0.021034,
    "C14885": 0.005319,
    "C15024": 0.017019,
    "C15172": 7.4e-05,
    "C15199": 0.021017,
    "C15210": 0.031733,
    "C1538": 0.018617,
    "C15407": 0.008042,
    "C15997": 0.018838,
    "C16373": 0.005539,
    "C16799": 0.007868,
    "C1716": 0.003624,
    "C1767": 0.020677,
    "C17884": 0.627503,
    "C18163": 0.008797,
    "C18309": 0.017646,
    "C18380": 0.005174,
    "C18686": 0.010743,
    "C18791": 0.024871,
    "C19119": 0.006813,
    "C19780": 0.048738,
    "C2003": 0.015049,
    "C20430": 0.005819,
    "C20800": 0.0,
    "C21172": 0.026128,
    "C2143": 0.012582,
    "C2208": 0.008986,
    "C22390": 0.0,
    "C2259": 0.001876,
    "C23574": 0.01947,
    "C23663": 0.0,
    "C23876": 0.020293,
    "C25275": 0.020444,
    "C25755": 0.010086,
    "C26077": 0.033151,
    "C26808": 0.020777,
    "C26905": 0.001405,
    "C27022": 0.0197,
    "C27065": 0.006738,
    "C27499": 0.024133,
    "C27766": 0.000129,
    "C29297": 0.001066,
    "C29378": 0.0,
    "C29440": 0.02384,
    "C31062": 0.05034,
    "C3131": 0.000375,