{
  "arch": "gru_baseline",
  "lob": "private_passenger_auto",
  "config_idx": 48,
  "dropout_rate": 0.1377,
  "learning_rate": 0.0047583,
  "batch_size": 1024,
  "max_epochs": 1000,
  "gru_units": 128,
  "dense_units": 128,
  "mape": 0.019131097250371685,
  "rmspe": 0.07974378979613522,
  "n_companies": 122,
  "n_filtered": 1,
  "mape_std": 0.05698944879561516,
  "mape_p25": 0.005323222451120115,
  "mape_p75": 0.020766553812801437,
  "training_time": 27.76,
  "epochs_trained": 303,
  "best_val_loss": 0.0059140106895938516,
  "train_loss_curve": [
    0.040063,
    0.046627,
    0.037351,
    0.035535,
    0.034373,
    0.034997,
    0.034909,
    0.032141,
    0.031692,
    0.029945,
    0.030711,
    0.027889,
    0.027514,
    0.040542,
    0.034341,
    0.040178,
    0.024141,
    0.026602,
    0.024558,
    0.024154,
    0.026793,
    0.029891,
    0.031101,
    0.028609,
    0.031242,
    0.025447,
    0.023924,
    0.028164,
    0.022491,
    0.021854,
    0.024158,
    0.023376,
    0.021779,
    0.023931,
    0.029512,
    0.034185,
    0.029392,
    0.02776,
    0.034853,
    0.021742,
    0.021965,
    0.024381,
    0.027889,
    0.021544,
    0.021148,
    0.020466,
    0.017203,
    0.019493,
    0.01711,
    0.027577,
    0.029222,
    0.017671,
    0.029295,
    0.016301,
    0.016747,
    0.032169,
    0.017416,
    0.027894,
    0.014586,
    0.011978,
    0.017335,
    0.013223,
    0.030944,
    0.01972,
    0.020311,
    0.034777,
    0.023642,
    0.009336,
    0.012834,
    0.020767,
    0.014973,
    0.0227,
    0.020506,
    0.014065,
    0.0128,
    0.011868,
    0.012209,
    0.01187,
    0.012219,
    0.012045,
    0.028068,
    0.011196,
    0.011455,
    0.011887,
    0.01227,
    0.013835,
    0.010675,
    0.011781,
    0.012444,
    0.019976,
    0.011547,
    0.010274,
    0.011064,
    0.011181,
    0.017496,
    0.014593,
    0.015785,
    0.010644,
    0.010657,
    0.011389,
    0.012895,
    0.009368,
    0.017893,
    0.013183,
    0.007003,
    0.007754,
    0.008287,
    0.01197,
    0.026255,
    0.012127,
    0.014259,
    0.010055,
    0.017382,
    0.010648,
    0.018493,
    0.013762,
    0.020389,
    0.010848,
    0.02172,
    0.012161,
    0.018318,
    0.009762,
    0.007109,
    0.008254,
    0.027698,
    0.021204,
    0.012705,
    0.007964,
    0.006203,
    0.008474,
    0.011441,
    0.030358,
    0.01483,
    0.005826,
    0.011852,
    0.014199,
    0.005471,
    0.011545,
    0.004702,
    0.011253,
    0.005533,
    0.00711,
    0.008236,
    0.007083,
    0.012929,
    0.0188,
    0.018635,
    0.028479,
    0.012067,
    0.011963,
    0.018479,
    0.013655,
    0.018203,
    0.013356,
    0.012875,
    0.013795,
    0.012858,
    0.012429,
    0.013003,
    0.027275,
    0.013403,
    0.011437,
    0.008301,
    0.00701,
    0.005396,
    0.018597,
    0.023536,
    0.005893,
    0.008644,
    0.006452,
    0.010807,
    0.022938,
    0.007582,
    0.008601,
    0.009833,
    0.005413,
    0.02503,
    0.007571,
    0.019327,
    0.009527,
    0.012637,
    0.020293,
    0.007012,
    0.005465,
    0.006706,
    0.008723,
    0.006873,
    0.028382,
    0.033448,
    0.012138,
    0.011494,
    0.01163,
    0.011245,
    0.027928,
    0.02541,
    0.012005,
    0.011406,
    0.01274,
    0.011761,
    0.011492,
    0.011196,
    0.011101,
    0.011005,
    0.010709,
    0.011205,
    0.026267,
    0.010789,
    0.011177,
    0.011277,
    0.019102,
    0.028389,
    0.011094,
    0.01829,
    0.01123,
    0.010939,
    0.025987,
    0.018659,
    0.019329,
    0.010904,
    0.011902,
    0.012431,
    0.011075,
    0.010857,
    0.011571,
    0.010845,
    0.011036,
    0.010841,
    0.010852,
    0.018793,
    0.01142,
    0.010797,
    0.011344,
    0.011309,
    0.018714,
    0.010908,
    0.012143,
    0.010653,
    0.011187,
    0.010943,
    0.026505,
    0.026498,
    0.011727,
    0.011561,
    0.010937,
    0.011681,
    0.010928,
    0.026351,
    0.010785,
    0.01111,
    0.018454,
    0.011047,
    0.02602,
    0.010713,
    0.010896,
    0.011356,
    0.010748,
    0.010827,
    0.018235,
    0.010788,
    0.011304,
    0.010873,
    0.018933,
    0.018538,
    0.01126,
    0.012098,
    0.011235,
    0.010854,
    0.010624,
    0.010985,
    0.011842,
    0.018354,
    0.011041,
    0.018517,
    0.033691,
    0.011335,
    0.01159,
    0.010949,
    0.010826,
    0.011019,
    0.018147,
    0.018008,
    0.011008,
    0.011996,
    0.011288,
    0.011722,
    0.010993,
    0.011425,
    0.010751,
    0.019565,
    0.026825,
    0.048734,
    0.018136,
    0.025127,
    0.010608,
    0.010984,
    0.010879,
    0.041995,
    0.010933,
    0.018105,
    0.011453,
    0.010832,
    0.011701,
    0.025873
  ],