{
  "arch": "gru_baseline",
  "lob": "private_passenger_auto",
  "config_idx": 65,
  "dropout_rate": 0.01616,
  "learning_rate": 0.001625,
  "batch_size": 256,
  "max_epochs": 1000,
  "gru_units": 128,
  "dense_units": 128,
  "mape": 0.02111574088934863,
  "rmspe": 0.08065879237111825,
  "n_companies": 122,
  "n_filtered": 0,
  "mape_std": 0.057354391910855576,
  "mape_p25": 0.005363925279063606,
  "mape_p75": 0.024380194026333936,
  "training_time": 35.02,
  "epochs_trained": 201,
  "best_val_loss": 0.00666029575014753,
  "train_loss_curve": [
    0.040031,
    0.038183,
    0.037486,
    0.037278,
    0.0363,
    0.035893,
    0.035277,
    0.034913,
    0.035017,
    0.034843,
    0.035969,
    0.035667,
    0.037959,
    0.035426,
    0.034808,
    0.034304,
    0.03486,
    0.033459,
    0.032798,
    0.032749,
    0.033016,
    0.032782,
    0.031044,
    0.030489,
    0.029862,
    0.029782,
    0.028749,
    0.028324,
    0.027686,
    0.02565,
    0.029261,
    0.026694,
    0.02941,
    0.033854,
    0.030265,
    0.031612,
    0.027933,
    0.028379,
    0.027256,
    0.028695,
    0.026874,
    0.026858,
    0.026811,
    0.026514,
    0.028152,
    0.0245,
    0.026245,
    0.02668,
    0.022229,
    0.020152,
    0.021088,
    0.023044,
    0.022519,
    0.019798,
    0.018834,
    0.018612,
    0.020132,
    0.023692,
    0.02446,
    0.022722,
    0.022433,
    0.02195,
    0.022417,
    0.022133,
    0.021745,
    0.02174,
    0.021702,
    0.021618,
    0.021663,
    0.03806,
    0.021649,
    0.021973,
    0.021585,
    0.021575,
    0.02215,
    0.02197,
    0.0219,
    0.021799,
    0.02165,
    0.021535,
    0.021786,
    0.021557,
    0.021644,
    0.021527,
    0.021551,
    0.021553,
    0.021596,
    0.021579,
    0.021573,
    0.021615,
    0.021512,
    0.021547,
    0.021557,
    0.021544,
    0.021499,
    0.021515,
    0.021524,
    0.02152,
    0.021468,
    0.021537,
    0.021627,
    0.02155,
    0.021422,
    0.02145,
    0.021495,
    0.021498,
    0.021459,
    0.021866,
    0.021574,
    0.021824,
    0.021438,
    0.02148,
    0.021395,
    0.021455,
    0.021397,
    0.021426,
    0.021511,
    0.02143,
    0.021498,
    0.021463,
    0.021407,
    0.021395,
    0.021392,
    0.02146,
    0.021394,
    0.021367,
    0.021448,
    0.021378,
    0.021363,
    0.021359,
    0.021544,
    0.021504,
    0.021381,
    0.021426,
    0.021388,
    0.021404,
    0.021408,
    0.021353,
    0.021394,
    0.021408,
    0.021412,
    0.021362,
    0.021508,
    0.021528,
    0.021395,
    0.021469,
    0.021362,
    0.02138,
    0.021385,
    0.021369,
    0.021369,
    0.021354,
    0.021408,
    0.021347,
    0.02141,
    0.021632,
    0.02137,
    0.021358,
    0.021385,
    0.021372,
    0.021409,
    0.021346,
    0.021335,
    0.021358,
    0.021363,
    0.021353,
    0.021344,
    0.021433,
    0.021423,
    0.021647,
    0.021323,
    0.021328,
    0.021444,
    0.021524,
    0.021319,
    0.021525,
    0.021474,
    0.02165,
    0.021332,
    0.021338,
    0.021369,
    0.021345,
    0.021344,
    0.021364,
    0.021313,
    0.021337,
    0.02142,
    0.021559,
    0.021342,
    0.02132,
    0.021437,
    0.021438,
    0.021623,
    0.021328,
    0.021313,
    0.021299,
    0.021294,
    0.021569,
    0.02131,
    0.021289,
    0.021282
  ],
  "val_loss_curve": [
    0.006744,
    0.00688,
    0.0068,
    0.006781,
    0.006806,
    0.006808,
    0.006826,
    0.006933,
    0.006835,
    0.013439,
    0.006816,
    0.00666,
    0.006759,
    0.007025,
    0.006918,
    0.006886,
    0.006836,
    0.006893,
    0.006871,
    0.006897,
    0.007181,
    0.00752,
    0.007492,
    0.006998,
    0.007019,
    0.006907,
    0.006929,
    0.006918,
    0.006902,
    0.007275,
    0.006823,
    0.007093,
    0.007111,
    0.006864,
    0.00722,
    0.006916,
    0.007254,
    0.007212,
    0.007243,
    0.007285,
    0.007031,
    0.007042,
    0.007397,
    0.006956,
    0.007153,
    0.00741,
    0.006812,
    0.006806,
    0.007352,
    0.007199,
    0.007134,
    0.006983,
    0.006989,
    0.006966,
    0.007075,
    0.007053,
    0.006943,
    0.00708,
    0.006814,
    0.006764,
    0.007043,
    0.00691,
    0.007358,
    0.007062,
    0.00728,
    0.006928,
    0.007082,
    0.00718,
    0.007106,
    0.007081,
    0.007121,
    0.00715,
    0.007151,
    0.007035,
    0.007037,
    0.007244,
    0.007367,
    0.007249,
    0.007349,
    0.007373,
    0.00742,
    0.007384,
    0.007258,
    0.007391,
    0.007195,
    0.007211,
    0.007205,
    0.007368,
    0.007434,
    0.007291,
    0.007265,
    0.0075,
    0.007151,
    0.007207,
    0.00735,
    0.006993,
    0.00741,
    0.006943,
    0.007144,
    0.00723,
    0.007316,
    0.007328,
    0.007108,
    0.007181,
    0.007107,
    0.007292,
    0.007195,
    0.007254,
    0.007336,
    0.00748,
    0.007321,
    0.007268,
    0.007195,
    0.00737,
    0.007262,
    0.007267,
    0.007264,
    0.007205,
    0.007351,
    0.007299,
    0.007278,
    0.007177,
    0.007245,
    0.007336,
    0.007177,
    0.007218,
    0.007374,
    0.007209,
    0.007286,
    0.007217,
    0.007192,
    0.007252,
    0.00725,
    0.007253,
    0.007247,
    0.007243,
    0.007305,
    0.007234,
    0.007289,
    0.007239,
    0.007197,
    0.007189,
    0.007227,
    0.007226,
    0.007232,
    0.007375,
    0.007257,
    0.007327,
    0.007264,
    0.007238,
    0.007251,
    0.00729,
    0.007209,
    0.007242,
    0.007181,
    0.007191,
    0.007247,
    0.00719,
    0.007182,
    0.007249,
    0.007234,
    0.007145,
    0.007214,
    0.007257,
    0.007149,
    0.007217,
    0.00719,
    0.007249,
    0.007119,
    0.007163,
    0.007201,
    0.007139,
    0.007258,
    0.007185,
    0.007247,
    0.007313,
    0.007262,
    0.007235,
    0.007235,
    0.007236,
    0.007137,
    0.007198,
    0.007204,
    0.007269,
    0.007169,
    0.007219,
    0.007234,
    0.007341,
    0.007269,
    0.007256,
    0.007303,
    0.007251,
    0.007244,
    0.007216,
    0.007264,
    0.007269,
    0.007264,
    0.007273,
    0.007271,
    0.00726,
    0.007272
  ],
  "per_company_mape": {
    "C10007": 0.020737,
    "C10019": 0.058927,
    "C10022": 0.034253,
    "C10204": 0.016635,
    "C10308": 0.0,
    "C10336": 0.012372,
    "C1066": 0.036093,
    "C10783": 0.009131,
    "C10790": 0.01854,
    "C1090": 0.009251,
    "C11037": 0.01191,
    "C11126": 0.026308,
    "C11150": 0.0,
    "C11231": 0.0,
    "C12360": 0.006609,
    "C13420": 0.041495,
    "C13439": 0.016768,
    "C13501": 0.018797,
    "C13528": 0.0,
    "C13587": 0.03211,
    "C13595": 0.012929,
    "C13641": 0.000817,
    "C13781": 0.006166,
    "C13889": 0.028272,
    "C13943": 0.037533,
    "C14044": 0.049048,
    "C14176": 0.017568,
    "C14257": 0.021043,
    "C14311": 0.02871,
    "C14370": 0.010912,
    "C14443": 0.008661,
    "C14550": 0.026776,
    "C14885": 0.005319,
    "C15024": 0.024463,
    "C15172": 7.4e-05,
    "C15199": 0.022327,
    "C15210": 0.03347,
    "C1538": 0.021558,
    "C15407": 0.015482,
    "C15997": 0.024827,
    "C16373": 0.002643,
    "C16799": 0.007868,
    "C1716": 0.003624,
    "C1767": 0.025784,
    "C17884": 0.627503,
    "C18163": 0.008797,
    "C18309": 0.024727,
    "C18380": 0.005174,
    "C18686": 0.013989,
    "C18791": 0.024871,
    "C19119": 0.006813,
    "C19780": 0.052174,
    "C2003": 0.017388,
    "C20430": 0.005819,
    "C20800": 0.0,
    "C21172": 0.026783,
    "C2143": 0.012582,
    "C2208": 0.008986,
    "C22390": 0.0,
    "C2259": 0.001876,
    "C23574": 0.017274,
    "C23663": 0.0,
    "C23876": 0.020293,
    "C25275": 0.020444,
    "C25755": 0.010086,
    "C26077": 0.031681,
    "C26808": 0.020777,
    "C26905": 0.001405,
    "C27022": 0.032121,
    "C27065": 0.006738,
    "C27499": 0.024133,
    "C27766": 0.003025,
    "C29297": 0.001066,
    "C29378": 0.0,
    "C29440": 0.030602,
    "C31062": 0.059597,
    "C3131": 0.002277,
    "C31550": 0.006737,