{
  "arch": "gru_baseline",
  "lob": "private_passenger_auto",
  "config_idx": 9,
  "dropout_rate": 0.04913,
  "learning_rate": 0.004359,
  "batch_size": 256,
  "max_epochs": 1000,
  "gru_units": 64,
  "dense_units": 32,
  "mape": 0.020624838591033243,
  "rmspe": 0.08032751934814732,
  "n_companies": 122,
  "n_filtered": 1,
  "mape_std": 0.05750225044232839,
  "mape_p25": 0.005323222451120115,
  "mape_p75": 0.02256260771346737,
  "training_time": 30.53,
  "epochs_trained": 201,
  "best_val_loss": 0.006610230070821542,
  "train_loss_curve": [
    0.039594,
    0.037517,
    0.036709,
    0.036629,
    0.035664,
    0.033955,
    0.032198,
    0.030891,
    0.030268,
    0.028904,
    0.02868,
    0.030086,
    0.026053,
    0.027023,
    0.023611,
    0.0245,
    0.025329,
    0.027957,
    0.024229,
    0.021255,
    0.022095,
    0.022003,
    0.02246,
    0.020754,
    0.020481,
    0.021372,
    0.018398,
    0.020627,
    0.019904,
    0.022653,
    0.024721,
    0.016382,
    0.018092,
    0.013716,
    0.014468,
    0.012816,
    0.015332,
    0.012114,
    0.01178,
    0.011616,
    0.011936,
    0.011781,
    0.019735,
    0.011774,
    0.012504,
    0.012416,
    0.011701,
    0.012028,
    0.019963,
    0.01229,
    0.011785,
    0.011859,
    0.028215,
    0.011897,
    0.011435,
    0.012854,
    0.0117,
    0.011401,
    0.011414,
    0.011535,
    0.012346,
    0.012999,
    0.012198,
    0.011542,
    0.011793,
    0.016835,
    0.029932,
    0.028063,
    0.036282,
    0.030228,
    0.014751,
    0.01335,
    0.012532,
    0.01418,
    0.021028,
    0.013032,
    0.012403,
    0.012878,
    0.011746,
    0.011492,
    0.011536,
    0.011447,
    0.011347,
    0.011468,
    0.011258,
    0.011656,
    0.012229,
    0.012075,
    0.01203,
    0.011897,
    0.01245,
    0.011536,
    0.011344,
    0.012033,
    0.011375,
    0.011344,
    0.019431,
    0.011327,
    0.011276,
    0.014576,
    0.018624,
    0.012537,
    0.012283,
    0.013105,
    0.011871,
    0.012514,
    0.011732,
    0.012445,
    0.012395,
    0.027819,
    0.011483,
    0.019203,
    0.011768,
    0.011631,
    0.011619,
    0.027704,
    0.012593,
    0.019947,
    0.011604,
    0.011678,
    0.011571,
    0.011627,
    0.011314,
    0.011197,
    0.01196,
    0.027643,
    0.01159,
    0.011178,
    0.011292,
    0.011331,
    0.011413,
    0.011283,
    0.011584,
    0.011272,
    0.011179,
    0.011338,
    0.011855,
    0.011268,
    0.011532,
    0.01198,
    0.011414,
    0.012505,
    0.011471,
    0.012269,
    0.012034,
    0.01134,
    0.011846,
    0.011284,
    0.0111,
    0.031504,
    0.019447,
    0.011557,
    0.011591,
    0.01125,
    0.011173,
    0.011789,
    0.011292,
    0.019204,
    0.01259,
    0.011239,
    0.011416,
    0.011594,
    0.011209,
    0.011127,
    0.019481,
    0.011092,
    0.011161,
    0.011247,
    0.011275,
    0.01174,
    0.011094,
    0.01114,
    0.011241,
    0.011206,
    0.011252,
    0.011365,
    0.01126,
    0.011256,
    0.011147,
    0.011356,
    0.011156,
    0.011229,
    0.011611,
    0.011204,
    0.01118,
    0.011449,
    0.011066,
    0.011532,
    0.011118,
    0.011096,
    0.011569,
    0.011167,
    0.011164,
    0.011076,
    0.011262,
    0.011058,
    0.011448,
    0.011071,
    0.027509,
    0.011083,
    0.011251
  ],
  "val_loss_curve": [
    0.007375,
    0.006786,
    0.007058,
    0.007591,
    0.007721,
    0.010939,
    0.013495,
    0.02107,
    0.020175,
    0.027563,
    0.030279,
    0.016505,
    0.007777,
    0.013767,
    0.013209,
    0.011486,
    0.015121,
    0.007631,
    0.010452,
    0.013311,
    0.0114,
    0.010273,
    0.017209,
    0.020772,
    0.013697,
    0.021701,
    0.010588,
    0.021152,
    0.02024,
    0.009083,
    0.008088,
    0.011526,
    0.015726,
    0.007259,
    0.007353,
    0.01062,
    0.009326,
    0.011063,
    0.010427,
    0.00825,
    0.006793,
    0.006798,
    0.006785,
    0.006688,
    0.006678,
    0.007054,
    0.006763,
    0.006736,
    0.006912,
    0.006916,
    0.006962,
    0.00687,
    0.006934,
    0.007092,
    0.007004,
    0.006917,
    0.006885,
    0.006893,
    0.006923,
    0.006852,
    0.006923,
    0.007219,
    0.007058,
    0.006884,
    0.007518,
    0.006914,
    0.006878,
    0.006692,
    0.00661,
    0.006707,
    0.006989,
    0.006671,
    0.010251,
    0.008163,
    0.007918,
    0.007146,
    0.011081,
    0.008104,
    0.008728,
    0.009521,
    0.00862,
    0.008997,
    0.008823,
    0.008541,
    0.008702,
    0.009827,
    0.012477,
    0.009413,
    0.010222,
    0.010551,
    0.011707,
    0.010921,
    0.009965,
    0.009823,
    0.009564,
    0.010062,
    0.009917,
    0.009373,
    0.009905,
    0.009336,
    0.010646,
    0.009664,
    0.009917,
    0.01708,
    0.013924,
    0.016121,
    0.015061,
    0.017586,
    0.015751,
    0.015874,
    0.018695,
    0.018971,
    0.019416,
    0.015286,
    0.016912,
    0.015514,
    0.0174,
    0.029234,
    0.02894,
    0.021622,
    0.022993,
    0.021299,
    0.020349,
    0.019543,
    0.019388,
    0.020887,
    0.022546,
    0.019871,
    0.021856,
    0.020011,
    0.018817,
    0.020821,
    0.022773,
    0.020561,
    0.018665,
    0.018843,
    0.019602,
    0.019614,
    0.019659,
    0.006934,
    0.007117,
    0.010769,
    0.010823,
    0.012876,
    0.012076,
    0.011735,
    0.010544,
    0.015928,
    0.015976,
    0.013568,
    0.014295,
    0.015792,
    0.014651,
    0.017656,
    0.01775,
    0.01699,
    0.016384,
    0.017378,
    0.014386,
    0.014697,
    0.015994,
    0.015378,
    0.014709,
    0.015062,
    0.014947,
    0.014247,
    0.015883,
    0.014983,
    0.014809,
    0.016089,
    0.016212,
    0.016042,
    0.01595,
    0.016016,
    0.017094,
    0.0185,
    0.017444,
    0.017208,
    0.017239,
    0.017457,
    0.016256,
    0.016474,
    0.016779,
    0.016246,
    0.016254,
    0.016491,
    0.016595,
    0.015315,
    0.01518,
    0.015314,
    0.016659,
    0.0166,
    0.016656,
    0.016238,
    0.016419,
    0.016297,
    0.015406,
    0.015232,
    0.015316,
    0.015212,
    0.015711
  ],
  "per_company_mape": {
    "C10007": 0.020737,
    "C10019": 0.058927,
    "C10022": 0.029526,
    "C10204": 0.016635,
    "C10308": 0.0,
    "C10336": 0.009273,
    "C1066": 0.03424,
    "C10783": 0.009131,
    "C10790": 0.014397,
    "C1090": 0.009251,
    "C11037": 0.01191,
    "C11126": 0.02331,
    "C11150": 0.0,
    "C11231": 0.0,
    "C12360": 0.006609,
    "C13420": 0.040902,
    "C13439": 0.015267,
    "C13501": 0.018797,
    "C13528": 0.0,
    "C13587": 0.03085,
    "C13595": 0.012929,
    "C13641": 0.000817,
    "C13781": 0.007627,
    "C13889": 0.028272,
    "C13943": 0.037533,
    "C14044": 0.049048,
    "C14176": 0.017568,
    "C14257": 0.016135,
    "C14311": 0.031529,
    "C14370": 0.005167,
    "C14443": 0.008661,
    "C14550": 0.026776,
    "C14885": 0.005319,
    "C15024": 0.024463,
    "C15172": 7.4e-05,
    "C15199": 0.022327,
    "C15210": 0.03347,
    "C1538": 0.021558,
    "C15407": 0.015482,
    "C15997": 0.021896,
    "C16373": 0.002643,
    "C16799": 0.007868,
    "C1716": 0.003624,
    "C1767": 0.025784,
    "C17884": 0.627503,
    "C18163": 0.008797,
    "C18309": 0.024727,
    "C18380": 0.005174,
    "C18686": 0.013989,
    "C18791": 0.024871,
    "C19119": 0.006813,
    "C19780": 0.047779,
    "C2003": 0.012187,
    "C20430": 0.005819,
    "C20800": 0.0,
    "C21172": 0.026783,
    "C2143": 0.012582,
    "C2208": 0.008986,
    "C22390": 0.0,
    "C2259": 0.001876,
    "C23574": 0.017274,
    "C23663": 0.0,
    "C23876": 0.020293,
    "C25275": 0.020444,
    "C25755": 0.010086,
    "C26077": 0.033598,
    "C26808": 0.020777,
    "C26905": 0.001405,
    "C27022": 0.020789,
    "C27065": 0.006738,
    "C27499": 0.024133,
    "C27766": 0.003025,
    "C29297": 0.001066,
    "C29378": 0.0,
    "C29440": 0.030602,
    "C31062": 0.062579,
    "C3131": 0.002277,
    "C31550": 0.006737,