{
  "arch": "gru_baseline",
  "lob": "private_passenger_auto",
  "config_idx": 54,
  "dropout_rate": 0.01508,
  "learning_rate": 0.0010986,
  "batch_size": 256,
  "max_epochs": 1000,
  "gru_units": 128,
  "dense_units": 128,
  "mape": 0.019400787877028067,
  "rmspe": 0.08109683690471577,
  "n_companies": 122,
  "n_filtered": 4,
  "mape_std": 0.05781234321359739,
  "mape_p25": 0.005948152545355063,
  "mape_p75": 0.0166155528890832,
  "training_time": 33.69,
  "epochs_trained": 201,
  "best_val_loss": 0.007037023502302223,
  "train_loss_curve": [
    0.040031,
    0.038175,
    0.037233,
    0.037126,
    0.03615,
    0.035092,
    0.034191,
    0.034129,
    0.03239,
    0.031957,
    0.030915,
    0.029048,
    0.028972,
    0.027895,
    0.029583,
    0.027425,
    0.026565,
    0.025526,
    0.026748,
    0.02468,
    0.025351,
    0.024691,
    0.023763,
    0.023182,
    0.023969,
    0.024881,
    0.022442,
    0.022245,
    0.02212,
    0.022569,
    0.021409,
    0.021476,
    0.022163,
    0.020701,
    0.023246,
    0.022062,
    0.0201,
    0.019407,
    0.019553,
    0.022616,
    0.027837,
    0.018845,
    0.019196,
    0.02945,
    0.018321,
    0.028189,
    0.017804,
    0.016568,
    0.014127,
    0.016211,
    0.015515,
    0.014953,
    0.014337,
    0.01453,
    0.012815,
    0.012414,
    0.016899,
    0.012437,
    0.011137,
    0.011304,
    0.012232,
    0.010853,
    0.010215,
    0.019066,
    0.010106,
    0.009941,
    0.009762,
    0.009395,
    0.009193,
    0.008736,
    0.009461,
    0.008298,
    0.007857,
    0.009155,
    0.007749,
    0.007493,
    0.008471,
    0.008138,
    0.007691,
    0.006941,
    0.007055,
    0.006997,
    0.006185,
    0.006221,
    0.005843,
    0.005758,
    0.005859,
    0.005415,
    0.006315,
    0.005754,
    0.005584,
    0.005493,
    0.005342,
    0.005338,
    0.005348,
    0.005171,
    0.005838,
    0.006242,
    0.005474,
    0.005832,
    0.005033,
    0.004903,
    0.004793,
    0.020978,
    0.004891,
    0.004641,
    0.004689,
    0.011701,
    0.004816,
    0.004653,
    0.004619,
    0.004632,
    0.004652,
    0.004604,
    0.004572,
    0.004834,
    0.004678,
    0.004872,
    0.004854,
    0.021053,
    0.00463,
    0.004634,
    0.00461,
    0.004572,
    0.00517,
    0.005033,
    0.013431,
    0.005735,
    0.005355,
    0.021165,
    0.004644,
    0.004645,
    0.011517,
    0.004538,
    0.004577,
    0.00463,
    0.004637,
    0.004712,
    0.004615,
    0.004537,
    0.011435,
    0.004704,
    0.004659,
    0.005386,
    0.004697,
    0.004698,
    0.004556,
    0.004595,
    0.004604,
    0.004488,
    0.004678,
    0.012663,
    0.025287,
    0.006101,
    0.005116,
    0.004803,
    0.005326,
    0.004806,
    0.004552,
    0.005636,
    0.004548,
    0.004662,
    0.011528,
    0.004652,
    0.004545,
    0.00563,
    0.004679,
    0.004516,
    0.004761,
    0.004634,
    0.004615,
    0.004622,
    0.005471,
    0.005463,
    0.004613,
    0.004621,
    0.004554,
    0.004712,
    0.004502,
    0.011527,
    0.004694,
    0.004474,
    0.004488,
    0.004585,
    0.004565,
    0.00452,
    0.004495,
    0.00468,
    0.004527,
    0.004555,
    0.004604,
    0.004487,
    0.004715,
    0.004503,
    0.004566,
    0.004646,
    0.005036,
    0.004529,
    0.012468,
    0.004527,
    0.004638
  ],
  "val_loss_curve": [
    0.007043,
    0.007064,
    0.007037,
    0.007957,
    0.00841,
    0.010357,
    0.013812,
    0.014193,
    0.020831,
    0.022899,
    0.019256,
    0.033172,
    0.044102,
    0.040358,
    0.054987,
    0.066735,
    0.069503,
    0.077769,
    0.084422,
    0.080088,
    0.0972,
    0.073757,
    0.087622,
    0.083539,
    0.066597,
    0.076654,
    0.089717,
    0.091757,
    0.075345,
    0.076347,
    0.097035,
    0.075706,
    0.064747,
    0.104479,
    0.064608,
    0.051499,
    0.060359,
    0.052523,
    0.050012,
    0.007885,
    0.018431,
    0.02762,
    0.024635,
    0.022089,
    0.030918,
    0.023214,
    0.031706,
    0.033417,
    0.024463,
    0.028506,
    0.030053,
    0.03251,
    0.030513,
    0.026623,
    0.026718,
    0.024342,
    0.02519,
    0.027349,
    0.024281,
    0.027032,
    0.024714,
    0.02223,
    0.021452,
    0.016352,
    0.017813,
    0.019392,
    0.017719,
    0.015161,
    0.013796,
    0.013952,
    0.019194,
    0.016502,
    0.013393,
    0.013451,
    0.015245,
    0.01264,
    0.017715,
    0.008558,
    0.013721,
    0.010075,
    0.014741,
    0.013654,
    0.010561,
    0.011139,
    0.010212,
    0.012551,
    0.010883,
    0.008974,
    0.013047,
    0.010164,
    0.010754,
    0.009309,
    0.013174,
    0.009751,
    0.009019,
    0.014192,
    0.007918,
    0.014675,
    0.008501,
    0.01317,
    0.010959,
    0.013037,
    0.011606,
    0.0095,
    0.011127,
    0.010957,
    0.010717,
    0.00977,
    0.011493,
    0.010861,
    0.010647,
    0.010672,
    0.011253,
    0.011127,
    0.010718,
    0.012232,
    0.010566,
    0.009694,
    0.011252,
    0.010686,
    0.010854,
    0.010824,
    0.00997,
    0.00993,
    0.019506,
    0.02287,
    0.010906,
    0.013288,
    0.012296,
    0.011971,
    0.012074,
    0.012514,
    0.012024,
    0.013217,
    0.01312,
    0.013544,
    0.012188,
    0.012345,
    0.012497,
    0.013443,
    0.012447,
    0.012139,
    0.012579,
    0.011628,
    0.011052,
    0.01447,
    0.014373,
    0.011117,
    0.013019,
    0.012732,
    0.011919,
    0.010739,
    0.012162,
    0.014219,
    0.013079,
    0.011931,
    0.012893,
    0.012709,
    0.012905,
    0.012415,
    0.012257,
    0.011765,
    0.011643,
    0.01218,
    0.012161,
    0.012294,
    0.01255,
    0.014538,
    0.013969,
    0.013207,
    0.012072,
    0.012652,
    0.012726,
    0.012105,
    0.01261,
    0.012233,
    0.011978,
    0.012752,
    0.012779,
    0.011956,
    0.011808,
    0.01187,
    0.011852,
    0.011949,
    0.01201,
    0.012939,
    0.012546,
    0.012017,
    0.01158,
    0.011533,
    0.011854,
    0.012375,
    0.01241,
    0.011889,
    0.01243,
    0.012289,
    0.011575,
    0.011849,
    0.011707,
    0.011835,
    0.011424
  ],
  "per_company_mape": {
    "C10007": 0.012813,
    "C10019": 0.058927,
    "C10022": 0.011468,
    "C10204": 0.008902,
    "C10308": 0.051175,
    "C10336": 0.002947,
    "C1066": 0.013568,
    "C10783": 0.003799,
    "C10790": 0.009778,
    "C1090": 0.005602,
    "C11037": 0.007496,
    "C11126": 0.011737,
    "C11150": 0.0,
    "C11231": 0.127785,
    "C12360": 0.009137,
    "C13420": 0.015753,
    "C13439": 0.007464,
    "C13501": 0.010033,
    "C13528": 0.01416,
    "C13587": 0.030083,
    "C13595": 0.011341,
    "C13641": 0.00098,
    "C13781": 0.026716,
    "C13889": 0.00179,
    "C13943": 0.01384,
    "C14044": 0.03805,
    "C14176": 0.010782,
    "C14257": 0.00495,
    "C14311": 0.030356,
    "C14370": 0.068927,
    "C14443": 0.008474,
    "C14550": 0.016864,
    "C14885": 0.010993,
    "C15024": 0.012513,
    "C15172": 0.006968,
    "C15199": 0.003421,
    "C15210": 0.025158,
    "C1538": 0.010041,
    "C15407": 0.008335,
    "C15997": 0.009708,
    "C16373": 0.015505,
    "C16799": 0.003895,
    "C1716": 0.010022,
    "C1767": 0.003466,
    "C17884": 0.627503,
    "C18163": 0.008288,
    "C18309": 0.010776,
    "C18380": 0.008537,
    "C18686": 0.003266,
    "C18791": 0.021103,
    "C19119": 0.008715,
    "C19780": 0.031333,
    "C2003": 0.007961,
    "C20430": 0.014332,
    "C20800": 0.0,
    "C21172": 0.019247,
    "C2143": 0.013703,
    "C2208": 0.003597,
    "C22390": 0.0,
    "C2259": 0.013145,
    "C23574": 0.022419,
    "C23663": 0.0,
    "C23876": 0.007648,
    "C25275": 0.00585,
    "C25755": 0.00964,
    "C26077": 0.014174,
    "C26808": 0.013855,
    "C26905": 0.012598,
    "C27022": 0.012034,
    "C27065": 0.015447,
    "C27499": 0.028216,
    "C27766": 0.014392,
    "C29297": 0.003156,
    "C29378": 0.030404,
    "C29440": 0.013304,
    "C31062": 0.028514,