{
  "arch": "gru_baseline",
  "lob": "private_passenger_auto",
  "config_idx": 75,
  "dropout_rate": 0.08303,
  "learning_rate": 0.0034081,
  "batch_size": 512,
  "max_epochs": 1000,
  "gru_units": 256,
  "dense_units": 64,
  "mape": 0.02163389178984332,
  "rmspe": 0.0839833485603226,
  "n_companies": 122,
  "n_filtered": 0,
  "mape_std": 0.05919343826591737,
  "mape_p25": 0.005323222451120115,
  "mape_p75": 0.024380194026333936,
  "training_time": 22.45,
  "epochs_trained": 201,
  "best_val_loss": 0.006030345262843184,
  "train_loss_curve": [
    0.042088,
    0.040167,
    0.039041,
    0.03947,
    0.035862,
    0.033623,
    0.033743,
    0.035319,
    0.039653,
    0.032668,
    0.037491,
    0.036566,
    0.032747,
    0.034456,
    0.03267,
    0.035713,
    0.034008,
    0.032595,
    0.032874,
    0.03211,
    0.03151,
    0.031386,
    0.039332,
    0.03146,
    0.031643,
    0.031501,
    0.0312,
    0.031176,
    0.031148,
    0.031309,
    0.031422,
    0.031428,
    0.035135,
    0.032103,
    0.032761,
    0.032716,
    0.031322,
    0.031578,
    0.03148,
    0.031119,
    0.031079,
    0.031089,
    0.031232,
    0.032161,
    0.031364,
    0.031097,
    0.031067,
    0.031061,
    0.031547,
    0.031471,
    0.031105,
    0.031185,
    0.031381,
    0.031938,
    0.03111,
    0.030957,
    0.031231,
    0.031058,
    0.031326,
    0.033368,
    0.031476,
    0.031113,
    0.031942,
    0.033207,
    0.039143,
    0.038991,
    0.03916,
    0.039041,
    0.039291,
    0.038734,
    0.038961,
    0.038898,
    0.03864,
    0.038752,
    0.039102,
    0.038711,
    0.038816,
    0.038901,
    0.038837,
    0.039022,
    0.039446,
    0.038828,
    0.03897,
    0.03881,
    0.039038,
    0.038803,
    0.038991,
    0.038725,
    0.038771,
    0.039411,
    0.038802,
    0.038696,
    0.038823,
    0.038925,
    0.038767,
    0.03898,
    0.038971,
    0.038699,
    0.038737,
    0.038873,
    0.038841,
    0.038619,
    0.038724,
    0.038778,
    0.03868,
    0.038791,
    0.03892,
    0.038911,
    0.039379,
    0.038694,
    0.038922,
    0.038702,
    0.039113,
    0.038842,
    0.039007,
    0.038742,
    0.038926,
    0.038672,
    0.038639,
    0.03874,
    0.038666,
    0.038821,
    0.038859,
    0.038631,
    0.038701,
    0.038633,
    0.03867,
    0.038588,
    0.038581,
    0.038645,
    0.039141,
    0.038876,
    0.038796,
    0.03869,
    0.038739,
    0.039094,
    0.038672,
    0.038613,
    0.038671,
    0.039399,
    0.038833,
    0.038732,
    0.038907,
    0.039043,
    0.038676,
    0.038884,
    0.038606,
    0.038814,
    0.038787,
    0.038944,
    0.038598,
    0.038762,
    0.038902,
    0.038761,
    0.038576,
    0.03885,
    0.0386,
    0.03903,
    0.038952,
    0.038677,
    0.038669,
    0.038662,
    0.038613,
    0.038667,
    0.038931,
    0.038625,
    0.038718,
    0.038769,
    0.039352,
    0.038797,
    0.039039,
    0.038796,
    0.038761,
    0.038921,
    0.038795,
    0.038765,
    0.038622,
    0.038727,
    0.038799,
    0.038843,
    0.03878,
    0.038553,
    0.038563,
    0.038805,
    0.038601,
    0.038587,
    0.03888,
    0.038607,
    0.038692,
    0.038645,
    0.038802,
    0.038627,
    0.038586,
    0.038792,
    0.038878,
    0.038768,
    0.038686,
    0.038684,
    0.038769,
    0.038722,
    0.03883
  ],
  "val_loss_curve": [
    0.006446,
    0.009559,
    0.007306,
    0.034224,
    0.015961,
    0.037161,
    0.036951,
    0.09012,
    0.106572,
    0.020624,
    0.006281,
    0.039115,
    0.00635,
    0.006305,
    0.065845,
    0.006125,
    0.006155,
    0.018426,
    0.043868,
    0.012289,
    0.007755,
    0.007109,
    0.007279,
    0.00888,
    0.010233,
    0.009361,
    0.008276,
    0.008529,
    0.015072,
    0.011424,
    0.00781,
    0.006897,
    0.057788,
    0.112174,
    0.009989,
    0.032373,
    0.056836,
    0.042413,
    0.03116,
    0.046621,
    0.046023,
    0.040531,
    0.037054,
    0.065627,
    0.056217,
    0.042944,
    0.048024,
    0.04676,
    0.070773,
    0.059479,
    0.04648,
    0.046681,
    0.07786,
    0.072133,
    0.044043,
    0.047345,
    0.043807,
    0.042958,
    0.048118,
    0.024557,
    0.027046,
    0.040457,
    0.076155,
    0.006521,
    0.006565,
    0.006404,
    0.006213,
    0.006435,
    0.00619,
    0.006324,
    0.006123,
    0.006134,
    0.006184,
    0.006188,
    0.006302,
    0.006274,
    0.006082,
    0.006126,
    0.006226,
    0.006087,
    0.006131,
    0.006134,
    0.006343,
    0.006099,
    0.006129,
    0.006052,
    0.00603,
    0.006035,
    0.006153,
    0.006206,
    0.006128,
    0.006086,
    0.006107,
    0.006223,
    0.006193,
    0.00619,
    0.006181,
    0.006327,
    0.006119,
    0.00613,
    0.006199,
    0.006227,
    0.00629,
    0.006201,
    0.006165,
    0.006306,
    0.006124,
    0.006151,
    0.006087,
    0.006103,
    0.006102,
    0.006145,
    0.006074,
    0.00614,
    0.006086,
    0.006302,
    0.006244,
    0.006146,
    0.006172,
    0.006252,
    0.006157,
    0.006111,
    0.006285,
    0.006367,
    0.006219,
    0.006144,
    0.006285,
    0.006198,
    0.006197,
    0.006202,
    0.006145,
    0.006187,
    0.006238,
    0.006219,
    0.006163,
    0.006218,
    0.006205,
    0.006187,
    0.006246,
    0.006226,
    0.006229,
    0.006267,
    0.006245,
    0.006271,
    0.006273,
    0.00626,
    0.006271,
    0.00626,
    0.006233,
    0.006221,
    0.006281,
    0.00616,
    0.006224,
    0.006288,
    0.006267,
    0.006205,
    0.006239,
    0.006185,
    0.00623,
    0.006296,
    0.006204,
    0.006228,
    0.006259,
    0.006245,
    0.006241,
    0.006262,
    0.006295,
    0.006351,
    0.006314,
    0.006409,
    0.00637,
    0.006241,
    0.006261,
    0.006277,
    0.006274,
    0.006285,
    0.006221,
    0.00624,
    0.006227,
    0.006262,
    0.006276,
    0.006259,
    0.006269,
    0.006261,
    0.00627,
    0.006256,
    0.006274,
    0.006291,
    0.006285,
    0.006277,
    0.006274,
    0.006299,
    0.006325,
    0.006296,
    0.006293,
    0.006301,
    0.006308,
    0.006304,
    0.006263,
    0.006281,
    0.006277
  ],
  "per_company_mape": {
    "C10007": 0.020737,
    "C10019": 0.058927,
    "C10022": 0.034253,
    "C10204": 0.016635,
    "C10308": 0.0,
    "C10336": 0.012372,
    "C1066": 0.036093,
    "C10783": 0.009131,
    "C10790": 0.01854,
    "C1090": 0.009251,
    "C11037": 0.01191,
    "C11126": 0.027173,
    "C11150": 0.006256,
    "C11231": 0.0,
    "C12360": 0.006609,
    "C13420": 0.041495,
    "C13439": 0.016768,
    "C13501": 0.018797,
    "C13528": 0.0,
    "C13587": 0.035023,
    "C13595": 0.012929,
    "C13641": 0.000817,
    "C13781": 0.006166,
    "C13889": 0.028272,
    "C13943": 0.037533,
    "C14044": 0.049048,
    "C14176": 0.017568,
    "C14257": 0.021043,
    "C14311": 0.031529,
    "C14370": 0.0,
    "C14443": 0.008661,
    "C14550": 0.026776,
    "C14885": 0.005319,
    "C15024": 0.024463,
    "C15172": 7.4e-05,
    "C15199": 0.022327,
    "C15210": 0.03347,
    "C1538": 0.021558,
    "C15407": 0.015482,
    "C15997": 0.024827,
    "C16373": 0.002643,
    "C16799": 0.007868,
    "C1716": 0.003624,
    "C1767": 0.025784,
    "C17884": 0.644133,
    "C18163": 0.008797,
    "C18309": 0.024727,
    "C18380": 0.005174,
    "C18686": 0.013989,
    "C18791": 0.024871,
    "C19119": 0.006813,
    "C19780": 0.057078,
    "C2003": 0.017388,
    "C20430": 0.005819,
    "C20800": 0.0,
    "C21172": 0.026783,
    "C2143": 0.012582,
    "C2208": 0.008986,
    "C22390": 0.0,
    "C2259": 0.001876,
    "C23574": 0.017274,
    "C23663": 0.0,
    "C23876": 0.020293,
    "C25275": 0.020444,
    "C25755": 0.010086,
    "C26077": 0.045941,
    "C26808": 0.020777,
    "C26905": 0.001405,
    "C27022": 0.032121,
    "C27065": 0.006738,
    "C27499": 0.024133,
    "C27766": 0.003025,
    "C29297": 0.001066,
    "C29378": 0.0,
    "C29440": 0.030602,
    "C31062": 0.064232,
    "C3131": 0.002277,