{
  "arch": "gru_baseline",
  "lob": "private_passenger_auto",
  "config_idx": 49,
  "dropout_rate": 0.05222,
  "learning_rate": 0.0041338,
  "batch_size": 512,
  "max_epochs": 500,
  "gru_units": 64,
  "dense_units": 32,
  "mape": 0.019455176800927176,
  "rmspe": 0.0870886425981399,
  "n_companies": 122,
  "n_filtered": 1,
  "mape_std": 0.063730602246452,
  "mape_p25": 0.00523830371716234,
  "mape_p75": 0.01688369676496468,
  "training_time": 20.67,
  "epochs_trained": 201,
  "best_val_loss": 0.0057305603550048545,
  "train_loss_curve": [
    0.040345,
    0.038665,
    0.038012,
    0.037392,
    0.036498,
    0.036475,
    0.035605,
    0.035859,
    0.034929,
    0.034733,
    0.034864,
    0.033706,
    0.033004,
    0.032015,
    0.032778,
    0.032696,
    0.03014,
    0.030329,
    0.030084,
    0.029489,
    0.028434,
    0.028511,
    0.031773,
    0.031363,
    0.028417,
    0.029354,
    0.028053,
    0.027264,
    0.025066,
    0.025625,
    0.023939,
    0.022611,
    0.021767,
    0.023815,
    0.023249,
    0.025364,
    0.019006,
    0.034035,
    0.018457,
    0.017985,
    0.022556,
    0.017683,
    0.018322,
    0.036915,
    0.0209,
    0.022549,
    0.017279,
    0.016419,
    0.014408,
    0.015983,
    0.014877,
    0.021685,
    0.015171,
    0.013562,
    0.02973,
    0.013278,
    0.013266,
    0.013599,
    0.01574,
    0.013157,
    0.015124,
    0.018939,
    0.031544,
    0.021886,
    0.02045,
    0.020337,
    0.019832,
    0.020978,
    0.020897,
    0.020223,
    0.020965,
    0.022084,
    0.021565,
    0.02035,
    0.020889,
    0.020852,
    0.036719,
    0.019561,
    0.019607,
    0.019582,
    0.019564,
    0.036004,
    0.019927,
    0.019846,
    0.02034,
    0.036284,
    0.019444,
    0.019783,
    0.020562,
    0.020035,
    0.019641,
    0.020628,
    0.035982,
    0.020613,
    0.019923,
    0.020001,
    0.019487,
    0.020147,
    0.019419,
    0.020111,
    0.020524,
    0.019754,
    0.019721,
    0.020566,
    0.019573,
    0.019428,
    0.01956,
    0.019824,
    0.019686,
    0.019592,
    0.019502,
    0.027651,
    0.020918,
    0.020581,
    0.019783,
    0.021272,
    0.020287,
    0.019814,
    0.01965,
    0.01948,
    0.019421,
    0.020312,
    0.019549,
    0.019687,
    0.019625,
    0.019564,
    0.019643,
    0.036129,
    0.019745,
    0.020539,
    0.019443,
    0.019529,
    0.019393,
    0.037034,
    0.019457,
    0.024545,
    0.019348,
    0.019862,
    0.019578,
    0.019636,
    0.019583,
    0.01935,
    0.020453,
    0.020033,
    0.02754,
    0.020681,
    0.019594,
    0.019689,
    0.019608,
    0.020168,
    0.019679,
    0.019424,
    0.026506,
    0.035986,
    0.019627,
    0.019642,
    0.020707,
    0.036705,
    0.019544,
    0.02127,
    0.01954,
    0.019789,
    0.019492,
    0.019353,
    0.035814,
    0.02047,
    0.019488,
    0.019291,
    0.02018,
    0.019417,
    0.01954,
    0.035859,
    0.023574,
    0.019414,
    0.019992,
    0.020327,
    0.019538,
    0.019552,
    0.019621,
    0.020069,
    0.023045,
    0.020339,
    0.019308,
    0.01947,
    0.036153,
    0.019754,
    0.020128,
    0.019507,
    0.019455,
    0.020303,
    0.01931,
    0.02022,
    0.019372,
    0.019538,
    0.01974,
    0.020758,
    0.01954,
    0.019882,
    0.019374,
    0.019602,
    0.019414
  ],
  "val_loss_curve": [
    0.00588,
    0.006081,
    0.006043,
    0.005923,
    0.00592,
    0.005965,
    0.005893,
    0.005855,
    0.005958,
    0.006022,
    0.006274,
    0.005948,
    0.005873,
    0.00627,
    0.006483,
    0.007661,
    0.00615,
    0.005905,
    0.005989,
    0.005792,
    0.006055,
    0.005731,
    0.005865,
    0.006039,
    0.005885,
    0.006163,
    0.005868,
    0.006201,
    0.006262,
    0.006106,
    0.00617,
    0.006412,
    0.005946,
    0.006074,
    0.006359,
    0.006077,
    0.006081,
    0.005927,
    0.006002,
    0.005806,
    0.006136,
    0.005985,
    0.006037,
    0.005851,
    0.005998,
    0.006273,
    0.006063,
    0.006121,
    0.00603,
    0.005977,
    0.005944,
    0.005915,
    0.006015,
    0.005882,
    0.005936,
    0.005961,
    0.005849,
    0.005902,
    0.005894,
    0.005907,
    0.006018,
    0.006128,
    0.005993,
    0.005955,
    0.005966,
    0.005986,
    0.005969,
    0.005994,
    0.006031,
    0.005935,
    0.006103,
    0.006278,
    0.006237,
    0.005998,
    0.00603,
    0.006079,
    0.006081,
    0.006057,
    0.005946,
    0.006014,
    0.005978,
    0.005912,
    0.005998,
    0.005895,
    0.006035,
    0.006019,
    0.005982,
    0.005959,
    0.005931,
    0.005981,
    0.005993,
    0.006052,
    0.005984,
    0.005948,
    0.005913,
    0.005945,
    0.00589,
    0.005846,
    0.005812,
    0.005831,
    0.00592,
    0.005962,
    0.005808,
    0.005962,
    0.005898,
    0.005889,
    0.005801,
    0.006066,
    0.005864,
    0.005828,
    0.005869,
    0.005865,
    0.005919,
    0.00593,
    0.005887,
    0.005936,
    0.005903,
    0.005894,
    0.005861,
    0.006021,
    0.005886,
    0.005981,
    0.005899,
    0.005976,
    0.005951,
    0.005942,
    0.005937,
    0.005918,
    0.005947,
    0.006034,
    0.006059,
    0.006043,
    0.005993,
    0.005992,
    0.005999,
    0.005983,
    0.00593,
    0.005964,
    0.006009,
    0.005964,
    0.005989,
    0.005962,
    0.006013,
    0.006039,
    0.005985,
    0.005995,
    0.006033,
    0.006045,
    0.006041,
    0.006002,
    0.006072,
    0.006067,
    0.006018,
    0.005998,
    0.005982,
    0.006,
    0.005976,
    0.006012,
    0.005933,
    0.005989,
    0.006031,
    0.006024,
    0.005964,
    0.005985,
    0.005928,
    0.006008,
    0.005952,
    0.005966,
    0.006106,
    0.006027,
    0.005998,
    0.00604,
    0.006077,
    0.006032,
    0.006094,
    0.006064,
    0.006076,
    0.006051,
    0.006051,
    0.00603,
    0.006019,
    0.006127,
    0.006069,
    0.006032,
    0.006069,
    0.006059,
    0.006042,
    0.006053,
    0.006048,
    0.006098,
    0.006109,
    0.006088,
    0.006104,
    0.006094,
    0.006051,
    0.006088,
    0.006132,
    0.006096,
    0.006093,
    0.006117,
    0.00608
  ],
  "per_company_mape": {
    "C10007": 0.010523,
    "C10019": 0.058927,
    "C10022": 0.024804,
    "C10204": 0.006644,
    "C10308": 0.0,
    "C10336": 0.004147,
    "C1066": 0.016567,
    "C10783": 0.008393,
    "C10790": 0.01261,
    "C1090": 0.004933,
    "C11037": 0.018756,
    "C11126": 0.00519,
    "C11150": 0.320518,
    "C11231": 0.0,
    "C12360": 0.006609,
    "C13420": 0.018249,
    "C13439": 0.00555,
    "C13501": 0.010389,
    "C13528": 0.0,
    "C13587": 0.030305,
    "C13595": 0.012929,
    "C13641": 0.000424,
    "C13781": 0.015304,
    "C13889": 0.01246,
    "C13943": 0.029364,
    "C14044": 0.044116,
    "C14176": 0.012988,
    "C14257": 0.006069,
    "C14311": 0.022516,
    "C14370": 0.023702,
    "C14443": 0.006616,
    "C14550": 0.018045,
    "C14885": 0.005319,
    "C15024": 0.010231,
    "C15172": 0.013669,
    "C15199": 0.006539,
    "C15210": 0.021318,
    "C1538": 0.01681,
    "C15407": 0.006253,
    "C15997": 0.011908,
    "C16373": 0.009766,
    "C16799": 0.005423,
    "C1716": 0.010126,
    "C1767": 0.014445,
    "C17884": 0.635866,
    "C18163": 0.007466,
    "C18309": 0.018646,
    "C18380": 0.005174,
    "C18686": 0.004284,
    "C18791": 0.023631,
    "C19119": 0.006813,
    "C19780": 0.05078,
    "C2003": 0.0073,
    "C20430": 0.004917,
    "C20800": 0.0,
    "C21172": 0.017622,
    "C2143": 0.012582,
    "C2208": 0.006079,
    "C22390": 5.7e-05,
    "C2259": 0.001243,
    "C23574": 0.024938,
    "C23663": 0.0,
    "C23876": 0.016156,
    "C25275": 0.00288,
    "C25755": 0.00997,
    "C26077": 0.019243,
    "C26808": 0.014693,
    "C26905": 0.001405,
    "C27022": 0.010931,
    "C27065": 0.016395,
    "C27499": 0.027799,
    "C27766": 0.000152,
    "C29297": 0.001066,
    "C29378": 0.0,
    "C29440": 0.011726,
    "C31062": 0.03871,
    "C3131": 0.006515,