{
  "arch": "gru_baseline",
  "lob": "private_passenger_auto",
  "config_idx": 60,
  "dropout_rate": 0.24275,
  "learning_rate": 0.0037932,
  "batch_size": 256,
  "max_epochs": 500,
  "gru_units": 64,
  "dense_units": 64,
  "mape": 0.021446303760894243,
  "rmspe": 0.08173063099978949,
  "n_companies": 122,
  "n_filtered": 0,
  "mape_std": 0.05776605241603829,
  "mape_p25": 0.005210053309430579,
  "mape_p75": 0.024380194026333936,
  "training_time": 31.84,
  "epochs_trained": 201,
  "best_val_loss": 0.006968093728314021,
  "train_loss_curve": [
    0.041699,
    0.041244,
    0.040475,
    0.040041,
    0.040518,
    0.040086,
    0.039965,
    0.040312,
    0.039664,
    0.039645,
    0.039852,
    0.040055,
    0.039992,
    0.04025,
    0.040026,
    0.03967,
    0.039701,
    0.039511,
    0.04105,
    0.038065,
    0.040648,
    0.039949,
    0.039992,
    0.040512,
    0.039812,
    0.039056,
    0.03731,
    0.034666,
    0.033234,
    0.03532,
    0.033593,
    0.033599,
    0.040611,
    0.034217,
    0.032256,
    0.032242,
    0.03966,
    0.033224,
    0.031827,
    0.032335,
    0.031569,
    0.036643,
    0.031894,
    0.032112,
    0.032278,
    0.032094,
    0.031687,
    0.031709,
    0.033422,
    0.031652,
    0.031637,
    0.039868,
    0.03172,
    0.031442,
    0.032443,
    0.031597,
    0.031463,
    0.031414,
    0.03137,
    0.039073,
    0.032528,
    0.031409,
    0.039446,
    0.039404,
    0.031266,
    0.031586,
    0.031218,
    0.032865,
    0.031108,
    0.031567,
    0.031209,
    0.039768,
    0.031359,
    0.039169,
    0.031704,
    0.031187,
    0.031201,
    0.031462,
    0.031463,
    0.03162,
    0.03951,
    0.03173,
    0.031596,
    0.031577,
    0.031082,
    0.031941,
    0.031444,
    0.032198,
    0.038877,
    0.031196,
    0.039188,
    0.03913,
    0.031347,
    0.031495,
    0.039241,
    0.031551,
    0.031371,
    0.031534,
    0.03234,
    0.03166,
    0.03154,
    0.031489,
    0.039024,
    0.032319,
    0.031065,
    0.031494,
    0.031596,
    0.032999,
    0.039056,
    0.031737,
    0.039389,
    0.031157,
    0.031395,
    0.031601,
    0.031281,
    0.031516,
    0.038975,
    0.030999,
    0.03945,
    0.031223,
    0.031197,
    0.031304,
    0.039101,
    0.03122,
    0.031684,
    0.03148,
    0.03137,
    0.039501,
    0.03111,
    0.038892,
    0.039137,
    0.031131,
    0.038923,
    0.031226,
    0.039123,
    0.031175,
    0.038993,
    0.031404,
    0.031109,
    0.031231,
    0.031045,
    0.031197,
    0.031207,
    0.031239,
    0.031675,
    0.038901,
    0.031429,
    0.039411,
    0.031461,
    0.031363,
    0.031341,
    0.031159,
    0.031113,
    0.031186,
    0.032644,
    0.031142,
    0.031235,
    0.032574,
    0.031348,
    0.031126,
    0.039034,
    0.031415,
    0.031452,
    0.031057,
    0.031179,
    0.038818,
    0.030933,
    0.031162,
    0.031348,
    0.03162,
    0.032042,
    0.030973,
    0.031224,
    0.038892,
    0.03111,
    0.039241,
    0.031249,
    0.031575,
    0.031185,
    0.031488,
    0.031189,
    0.039162,
    0.031166,
    0.031803,
    0.032122,
    0.03095,
    0.039009,
    0.031027,
    0.031224,
    0.031107,
    0.038894,
    0.032302,
    0.031391,
    0.031552,
    0.031273,
    0.039587,
    0.031886,
    0.030731,
    0.039399,
    0.031094,
    0.038945
  ],
  "val_loss_curve": [
    0.007506,
    0.007043,
    0.007434,
    0.007078,
    0.006968,
    0.007002,
    0.007045,
    0.007028,
    0.007054,
    0.00708,
    0.007136,
    0.007115,
    0.007206,
    0.007476,
    0.007215,
    0.007142,
    0.007238,
    0.007188,
    0.008015,
    0.009576,
    0.007315,
    0.007325,
    0.007228,
    0.007328,
    0.0071,
    0.00796,
    0.011934,
    0.020545,
    0.018238,
    0.027963,
    0.040202,
    0.009162,
    0.007149,
    0.017047,
    0.032766,
    0.015741,
    0.008836,
    0.033765,
    0.048688,
    0.018127,
    0.023362,
    0.011844,
    0.021919,
    0.014436,
    0.018442,
    0.031283,
    0.025189,
    0.018261,
    0.03325,
    0.032283,
    0.024788,
    0.024253,
    0.015517,
    0.015234,
    0.024234,
    0.02555,
    0.026938,
    0.026914,
    0.027994,
    0.029703,
    0.021856,
    0.021585,
    0.02156,
    0.021539,
    0.021724,
    0.02345,
    0.026006,
    0.027684,
    0.035945,
    0.037364,
    0.035748,
    0.035856,
    0.033345,
    0.032257,
    0.026615,
    0.026553,
    0.025998,
    0.02369,
    0.026914,
    0.019616,
    0.019804,
    0.024673,
    0.027698,
    0.023801,
    0.023703,
    0.029609,
    0.033115,
    0.050212,
    0.050504,
    0.050245,
    0.045128,
    0.044021,
    0.038601,
    0.036564,
    0.034644,
    0.035317,
    0.040504,
    0.045615,
    0.031169,
    0.033157,
    0.037274,
    0.04127,
    0.04334,
    0.039196,
    0.028841,
    0.030992,
    0.037025,
    0.039753,
    0.041594,
    0.038469,
    0.035869,
    0.035776,
    0.033321,
    0.032477,
    0.030777,
    0.032206,
    0.032302,
    0.033004,
    0.03344,
    0.03374,
    0.035624,
    0.037986,
    0.038532,
    0.040298,
    0.03638,
    0.033796,
    0.036509,
    0.037063,
    0.035963,
    0.036916,
    0.037025,
    0.036498,
    0.036161,
    0.037635,
    0.038019,
    0.035857,
    0.035611,
    0.034132,
    0.032961,
    0.033075,
    0.03276,
    0.032582,
    0.030726,
    0.030406,
    0.030541,
    0.032127,
    0.030421,
    0.029403,
    0.031814,
    0.034054,
    0.035797,
    0.037779,
    0.037999,
    0.038409,
    0.03069,
    0.029202,
    0.029654,
    0.035465,
    0.036642,
    0.036943,
    0.036852,
    0.036713,
    0.037045,
    0.038962,
    0.038685,
    0.038919,
    0.039149,
    0.038958,
    0.039833,
    0.037726,
    0.0349,
    0.037661,
    0.036803,
    0.03641,
    0.036256,
    0.036277,
    0.037428,
    0.037976,
    0.038368,
    0.036552,
    0.036201,
    0.035914,
    0.035419,
    0.035857,
    0.037139,
    0.038346,
    0.038381,
    0.038931,
    0.037773,
    0.037337,
    0.037044,
    0.03381,
    0.03185,
    0.031935,
    0.031975,
    0.031953,
    0.033344,
    0.033312,
    0.033115,
    0.033178,
    0.032752
  ],
  "per_company_mape": {
    "C10007": 0.020737,
    "C10019": 0.058927,
    "C10022": 0.034253,
    "C10204": 0.016635,
    "C10308": 0.0,
    "C10336": 0.012372,
    "C1066": 0.036093,
    "C10783": 0.009131,
    "C10790": 0.01854,
    "C1090": 0.009251,
    "C11037": 0.01191,
    "C11126": 0.027173,
    "C11150": 0.0,
    "C11231": 0.0,
    "C12360": 0.006609,
    "C13420": 0.041495,
    "C13439": 0.016768,
    "C13501": 0.018797,
    "C13528": 0.0,
    "C13587": 0.035023,
    "C13595": 0.012929,
    "C13641": 0.000817,
    "C13781": 0.006166,
    "C13889": 0.028272,
    "C13943": 0.037533,
    "C14044": 0.049048,
    "C14176": 0.017568,
    "C14257": 0.021043,
    "C14311": 0.031529,
    "C14370": 0.0,
    "C14443": 0.008661,
    "C14550": 0.026776,
    "C14885": 0.005319,
    "C15024": 0.024463,
    "C15172": 7.4e-05,
    "C15199": 0.022327,
    "C15210": 0.03347,
    "C1538": 0.021558,
    "C15407": 0.015482,
    "C15997": 0.024827,
    "C16373": 0.002643,
    "C16799": 0.007868,
    "C1716": 0.003624,
    "C1767": 0.025784,
    "C17884": 0.627503,
    "C18163": 0.008797,
    "C18309": 0.024727,
    "C18380": 0.005174,
    "C18686": 0.013989,
    "C18791": 0.024871,
    "C19119": 0.006813,
    "C19780": 0.057078,
    "C2003": 0.017388,
    "C20430": 0.005819,
    "C20800": 0.0,
    "C21172": 0.026783,
    "C2143": 0.012582,
    "C2208": 0.008986,
    "C22390": 0.0,
    "C2259": 0.001876,
    "C23574": 0.017274,
    "C23663": 0.0,
    "C23876": 0.020293,
    "C25275": 0.020444,
    "C25755": 0.010086,
    "C26077": 0.045941,
    "C26808": 0.020777,
    "C26905": 0.001405,
    "C27022": 0.032121,
    "C27065": 0.006738,
    "C27499": 0.024133,
    "C27766": 0.003025,
    "C29297": 0.001066,
    "C29378": 0.0,
    "C29440": 0.030602,
    "C31062": 0.064232,
    "C3131": 0.002277,
    "C31550": 0.006737,