{
  "arch": "gru_baseline",
  "lob": "private_passenger_auto",
  "config_idx": 34,
  "dropout_rate": 0.06792,
  "learning_rate": 0.0034686,
  "batch_size": 1024,
  "max_epochs": 500,
  "gru_units": 256,
  "dense_units": 32,
  "mape": 0.021521787690903873,
  "rmspe": 0.08108280374607117,
  "n_companies": 122,
  "n_filtered": 1,
  "mape_std": 0.058059756420270024,
  "mape_p25": 0.005905852810229214,
  "mape_p75": 0.023995963253777924,
  "training_time": 20.43,
  "epochs_trained": 201,
  "best_val_loss": 0.006271528196521103,
  "train_loss_curve": [
    0.040289,
    0.03711,
    0.036114,
    0.043332,
    0.033584,
    0.034259,
    0.032927,
    0.031565,
    0.036316,
    0.05357,
    0.03161,
    0.039855,
    0.030143,
    0.029765,
    0.029478,
    0.033568,
    0.028921,
    0.025354,
    0.028582,
    0.023413,
    0.02358,
    0.022547,
    0.028304,
    0.020835,
    0.02046,
    0.025223,
    0.019485,
    0.01842,
    0.018719,
    0.019572,
    0.019352,
    0.020166,
    0.025185,
    0.020462,
    0.016299,
    0.018449,
    0.027474,
    0.013781,
    0.017228,
    0.017704,
    0.014072,
    0.013888,
    0.015426,
    0.015652,
    0.027462,
    0.016328,
    0.016833,
    0.015667,
    0.01473,
    0.022136,
    0.012877,
    0.022487,
    0.014224,
    0.02004,
    0.012297,
    0.011893,
    0.016608,
    0.011726,
    0.012441,
    0.013258,
    0.011035,
    0.01123,
    0.012896,
    0.011519,
    0.011405,
    0.018334,
    0.01129,
    0.02554,
    0.010847,
    0.011882,
    0.011427,
    0.011809,
    0.010941,
    0.011675,
    0.011416,
    0.010933,
    0.0214,
    0.011676,
    0.018402,
    0.011554,
    0.01217,
    0.026992,
    0.010808,
    0.011409,
    0.011347,
    0.011779,
    0.010847,
    0.011274,
    0.026222,
    0.011987,
    0.010806,
    0.025946,
    0.010829,
    0.01212,
    0.010596,
    0.011091,
    0.018216,
    0.017802,
    0.020812,
    0.011406,
    0.010843,
    0.025984,
    0.018234,
    0.011125,
    0.011354,
    0.026942,
    0.011037,
    0.010775,
    0.011351,
    0.01772,
    0.011204,
    0.010693,
    0.010956,
    0.010666,
    0.010118,
    0.01029,
    0.010919,
    0.025219,
    0.010155,
    0.011181,
    0.011323,
    0.010127,
    0.010194,
    0.010292,
    0.009918,
    0.017143,
    0.010628,
    0.011219,
    0.009475,
    0.024934,
    0.009455,
    0.025081,
    0.010632,
    0.00941,
    0.009243,
    0.010679,
    0.009699,
    0.00923,
    0.008244,
    0.005667,
    0.006006,
    0.006197,
    0.009978,
    0.030456,
    0.00539,
    0.006314,
    0.018906,
    0.00519,
    0.006747,
    0.036912,
    0.006253,
    0.005227,
    0.005442,
    0.011925,
    0.005463,
    0.020277,
    0.00562,
    0.004365,
    0.026129,
    0.012009,
    0.004104,
    0.011974,
    0.005544,
    0.010773,
    0.004184,
    0.004512,
    0.004334,
    0.00543,
    0.004157,
    0.019908,
    0.010475,
    0.010473,
    0.004484,
    0.005023,
    0.008259,
    0.010502,
    0.003852,
    0.004743,
    0.005198,
    0.004817,
    0.013127,
    0.004609,
    0.019536,
    0.004612,
    0.004097,
    0.005791,
    0.004962,
    0.004937,
    0.004831,
    0.00477,
    0.00501,
    0.004535,
    0.019863,
    0.004266,
    0.010874,
    0.004449,
    0.00493,
    0.004646,
    0.005499,
    0.004309,
    0.004231
  ],
  "val_loss_curve": [
    0.006305,
    0.006272,
    0.006883,
    0.006879,
    0.007368,
    0.00724,
    0.008315,
    0.009372,
    0.018044,
    0.05397,
    0.024298,
    0.017916,
    0.017703,
    0.031801,
    0.050336,
    0.043237,
    0.042185,
    0.100438,
    0.076496,
    0.11202,
    0.096993,
    0.118411,
    0.173192,
    0.116032,
    0.086265,
    0.093307,
    0.123849,
    0.11107,
    0.052823,
    0.063482,
    0.070057,
    0.090933,
    0.085186,
    0.084465,
    0.066606,
    0.066895,
    0.061486,
    0.023694,
    0.042705,
    0.062904,
    0.058261,
    0.04747,
    0.030665,
    0.025716,
    0.041251,
    0.054158,
    0.049048,
    0.033239,
    0.039401,
    0.03927,
    0.042187,
    0.051482,
    0.032492,
    0.029045,
    0.035932,
    0.036653,
    0.034286,
    0.034003,
    0.03782,
    0.036641,
    0.029083,
    0.026585,
    0.029342,
    0.033321,
    0.031102,
    0.029759,
    0.026796,
    0.024607,
    0.0232,
    0.022588,
    0.022275,
    0.026501,
    0.027897,
    0.029598,
    0.02975,
    0.025783,
    0.026207,
    0.028861,
    0.041081,
    0.048845,
    0.051387,
    0.044114,
    0.025753,
    0.024909,
    0.027759,
    0.032106,
    0.034799,
    0.034328,
    0.030901,
    0.030997,
    0.030876,
    0.029446,
    0.029182,
    0.030001,
    0.028189,
    0.026764,
    0.030219,
    0.032216,
    0.033192,
    0.03015,
    0.030173,
    0.029838,
    0.03068,
    0.028976,
    0.028231,
    0.027714,
    0.028405,
    0.028402,
    0.02809,
    0.027669,
    0.028004,
    0.03,
    0.030861,
    0.030593,
    0.027478,
    0.027129,
    0.027092,
    0.027561,
    0.027835,
    0.028367,
    0.029089,
    0.028931,
    0.029115,
    0.028125,
    0.026391,
    0.025676,
    0.025346,
    0.025742,
    0.026405,
    0.026711,
    0.026617,
    0.027329,
    0.028039,
    0.027424,
    0.027383,
    0.028001,
    0.0297,
    0.029836,
    0.029074,
    0.027784,
    0.025791,
    0.024668,
    0.024158,
    0.025554,
    0.028096,
    0.030828,
    0.031615,
    0.031702,
    0.030978,
    0.027256,
    0.025868,
    0.028754,
    0.030191,
    0.030937,
    0.029107,
    0.028055,
    0.027145,
    0.026436,
    0.026421,
    0.026824,
    0.026787,
    0.026635,
    0.026184,
    0.025448,
    0.024726,
    0.024352,
    0.024614,
    0.024724,
    0.024418,
    0.024319,
    0.024175,
    0.02458,
    0.024709,
    0.024455,
    0.024916,
    0.025076,
    0.02476,
    0.024621,
    0.025318,
    0.02589,
    0.02649,
    0.026764,
    0.025598,
    0.024751,
    0.023658,
    0.023528,
    0.023583,
    0.025008,
    0.025806,
    0.026144,
    0.026811,
    0.027237,
    0.027591,
    0.0274,
    0.027395,
    0.027196,
    0.026163,
    0.026031,
    0.026093,
    0.025725,
    0.025279
  ],
  "per_company_mape": {
    "C10007": 0.020737,
    "C10019": 0.058927,
    "C10022": 0.034253,
    "C10204": 0.016635,
    "C10308": 0.0,
    "C10336": 0.012372,
    "C1066": 0.036093,
    "C10783": 0.009131,
    "C10790": 0.01854,
    "C1090": 0.009251,
    "C11037": 0.032397,
    "C11126": 0.027173,
    "C11150": 0.0,
    "C11231": 0.0,
    "C12360": 0.006609,
    "C13420": 0.041495,
    "C13439": 0.016749,
    "C13501": 0.018797,
    "C13528": 0.0,
    "C13587": 0.028169,
    "C13595": 0.012929,
    "C13641": 0.000817,
    "C13781": 0.006166,
    "C13889": 0.028272,
    "C13943": 0.021851,
    "C14044": 0.049048,
    "C14176": 0.01716,
    "C14257": 0.018264,
    "C14311": 0.028525,
    "C14370": 0.028939,
    "C14443": 0.008661,
    "C14550": 0.026776,
    "C14885": 0.005319,
    "C15024": 0.023236,
    "C15172": 7.4e-05,
    "C15199": 0.021844,
    "C15210": 0.03347,
    "C1538": 0.020913,
    "C15407": 0.015482,
    "C15997": 0.0244,
    "C16373": 0.002643,
    "C16799": 0.007868,
    "C1716": 0.003624,
    "C1767": 0.025784,
    "C17884": 0.635859,
    "C18163": 0.006323,
    "C18309": 0.021359,
    "C18380": 0.005174,
    "C18686": 0.013989,
    "C18791": 0.024871,
    "C19119": 0.006813,
    "C19780": 0.053583,
    "C2003": 0.017388,
    "C20430": 0.005819,
    "C20800": 0.0,
    "C21172": 0.027403,
    "C2143": 0.012582,
    "C2208": 0.008986,
    "C22390": 0.00017,
    "C2259": 0.001876,
    "C23574": 0.017874,
    "C23663": 0.0,
    "C23876": 0.020293,
    "C25275": 0.020157,
    "C25755": 0.010086,
    "C26077": 0.037405,
    "C26808": 0.020777,
    "C26905": 0.001405,
    "C27022": 0.025331,
    "C27065": 0.006738,
    "C27499": 0.024133,
    "C27766": 0.003025,
    "C29297": 0.001066,
    "C29378": 0.0,
    "C29440": 0.028216,
    "C31062": 0.064232,
    "C3131": 0.002277,