{
  "arch": "gru_baseline",
  "lob": "private_passenger_auto",
  "config_idx": 91,
  "dropout_rate": 0.01803,
  "learning_rate": 0.0028027,
  "batch_size": 256,
  "max_epochs": 1000,
  "gru_units": 64,
  "dense_units": 128,
  "mape": 0.022279457790570154,
  "rmspe": 0.0834188886882931,
  "n_companies": 122,
  "n_filtered": 1,
  "mape_std": 0.057890855456970286,
  "mape_p25": 0.0055417821102595535,
  "mape_p75": 0.024660560981888166,
  "training_time": 35.46,
  "epochs_trained": 201,
  "best_val_loss": 0.007540302247174883,
  "train_loss_curve": [
    0.039814,
    0.037568,
    0.036933,
    0.0359,
    0.034797,
    0.033522,
    0.033278,
    0.036247,
    0.033341,
    0.030446,
    0.026586,
    0.027381,
    0.02889,
    0.026872,
    0.027393,
    0.026272,
    0.027819,
    0.026878,
    0.023917,
    0.023842,
    0.023776,
    0.024103,
    0.023184,
    0.023963,
    0.022444,
    0.022444,
    0.023299,
    0.02173,
    0.029615,
    0.027024,
    0.023754,
    0.022656,
    0.023827,
    0.021106,
    0.020785,
    0.019461,
    0.018856,
    0.018242,
    0.018469,
    0.017722,
    0.018818,
    0.014981,
    0.016237,
    0.014875,
    0.016769,
    0.014048,
    0.013259,
    0.012612,
    0.012337,
    0.012913,
    0.012494,
    0.016617,
    0.013032,
    0.012684,
    0.011669,
    0.011546,
    0.011491,
    0.011586,
    0.011449,
    0.011427,
    0.019486,
    0.011694,
    0.011359,
    0.012229,
    0.011199,
    0.011266,
    0.011279,
    0.011427,
    0.012061,
    0.011283,
    0.011265,
    0.011368,
    0.012338,
    0.011588,
    0.011139,
    0.011112,
    0.012083,
    0.011208,
    0.011279,
    0.011342,
    0.011301,
    0.027856,
    0.01141,
    0.011264,
    0.011259,
    0.011193,
    0.011349,
    0.011072,
    0.011117,
    0.011074,
    0.011097,
    0.011163,
    0.011147,
    0.011091,
    0.011102,
    0.011152,
    0.011028,
    0.011055,
    0.011299,
    0.011176,
    0.011315,
    0.011033,
    0.012302,
    0.011052,
    0.011022,
    0.0112,
    0.011778,
    0.011342,
    0.011136,
    0.010995,
    0.011004,
    0.011014,
    0.011002,
    0.010958,
    0.011002,
    0.012086,
    0.010972,
    0.010969,
    0.011031,
    0.011128,
    0.011174,
    0.011029,
    0.019038,
    0.018922,
    0.011052,
    0.011019,
    0.011093,
    0.011023,
    0.010971,
    0.01098,
    0.011218,
    0.010983,
    0.011043,
    0.010968,
    0.011009,
    0.011169,
    0.010962,
    0.011095,
    0.011079,
    0.010968,
    0.010973,
    0.011016,
    0.011049,
    0.011087,
    0.010987,
    0.010975,
    0.010949,
    0.011022,
    0.011522,
    0.010951,
    0.011089,
    0.011123,
    0.011066,
    0.011109,
    0.011013,
    0.011223,
    0.011924,
    0.01093,
    0.01098,
    0.010929,
    0.010979,
    0.010985,
    0.010964,
    0.010939,
    0.010958,
    0.011001,
    0.012034,
    0.01113,
    0.01102,
    0.010972,
    0.010966,
    0.010927,
    0.01093,
    0.01098,
    0.010939,
    0.010954,
    0.01092,
    0.011056,
    0.011884,
    0.011034,
    0.010927,
    0.011234,
    0.011046,
    0.010933,
    0.010941,
    0.010955,
    0.010919,
    0.010977,
    0.010943,
    0.010957,
    0.010977,
    0.011143,
    0.011005,
    0.010975,
    0.011013,
    0.011008,
    0.01093,
    0.011066,
    0.010978,
    0.010959,
    0.010922
  ],
  "val_loss_curve": [
    0.007658,
    0.00754,
    0.008766,
    0.011032,
    0.010793,
    0.018002,
    0.009838,
    0.018021,
    0.040636,
    0.032921,
    0.044996,
    0.040405,
    0.06644,
    0.041445,
    0.039519,
    0.064317,
    0.019689,
    0.025297,
    0.050011,
    0.050996,
    0.035808,
    0.058102,
    0.05262,
    0.066143,
    0.075381,
    0.065249,
    0.10587,
    0.042361,
    0.009901,
    0.015821,
    0.015697,
    0.025762,
    0.022631,
    0.024989,
    0.032121,
    0.034247,
    0.041325,
    0.032227,
    0.036165,
    0.035877,
    0.037332,
    0.045637,
    0.037559,
    0.017577,
    0.043498,
    0.020757,
    0.018692,
    0.027546,
    0.025579,
    0.041922,
    0.00841,
    0.012745,
    0.010301,
    0.011847,
    0.012911,
    0.013589,
    0.013433,
    0.016146,
    0.015293,
    0.012388,
    0.012993,
    0.014237,
    0.014385,
    0.01451,
    0.01477,
    0.014881,
    0.016033,
    0.013497,
    0.014097,
    0.015845,
    0.014036,
    0.014326,
    0.017467,
    0.017523,
    0.018895,
    0.018535,
    0.017821,
    0.017783,
    0.023577,
    0.018607,
    0.015958,
    0.018086,
    0.017268,
    0.016952,
    0.010918,
    0.010158,
    0.010097,
    0.010095,
    0.010345,
    0.010018,
    0.009801,
    0.009924,
    0.009821,
    0.009457,
    0.010503,
    0.011336,
    0.012386,
    0.011271,
    0.011251,
    0.012133,
    0.013189,
    0.012362,
    0.012698,
    0.011961,
    0.012127,
    0.012472,
    0.012373,
    0.01206,
    0.012453,
    0.012126,
    0.012301,
    0.011724,
    0.011618,
    0.011631,
    0.012306,
    0.01223,
    0.011938,
    0.012216,
    0.012292,
    0.013088,
    0.012633,
    0.012481,
    0.012826,
    0.012684,
    0.01168,
    0.011062,
    0.011171,
    0.011522,
    0.011408,
    0.011545,
    0.012276,
    0.012583,
    0.011567,
    0.011381,
    0.01123,
    0.01157,
    0.011397,
    0.011103,
    0.01097,
    0.011094,
    0.011448,
    0.011368,
    0.011248,
    0.011355,
    0.011401,
    0.011017,
    0.011037,
    0.010851,
    0.011024,
    0.011201,
    0.011331,
    0.011494,
    0.011481,
    0.011753,
    0.011784,
    0.01166,
    0.011667,
    0.011581,
    0.011748,
    0.011662,
    0.011607,
    0.011628,
    0.011756,
    0.011851,
    0.011698,
    0.011631,
    0.01153,
    0.011596,
    0.01181,
    0.011896,
    0.011839,
    0.011767,
    0.011588,
    0.01153,
    0.011549,
    0.011679,
    0.011646,
    0.011592,
    0.011531,
    0.011571,
    0.01162,
    0.011693,
    0.011764,
    0.011668,
    0.011645,
    0.011588,
    0.011551,
    0.01152,
    0.011584,
    0.011475,
    0.01158,
    0.011749,
    0.011748,
    0.011572,
    0.011599,
    0.011743,
    0.011696,
    0.011757,
    0.011861,
    0.011807,
    0.011788
  ],
  "per_company_mape": {
    "C10007": 0.020737,
    "C10019": 0.058927,
    "C10022": 0.034253,
    "C10204": 0.016635,
    "C10308": 0.088245,
    "C10336": 0.012372,
    "C1066": 0.036093,
    "C10783": 0.009131,
    "C10790": 0.01854,
    "C1090": 0.009251,
    "C11037": 0.01191,
    "C11126": 0.027173,
    "C11150": 0.007407,
    "C11231": 0.0,
    "C12360": 0.006609,
    "C13420": 0.041423,
    "C13439": 0.016768,
    "C13501": 0.018797,
    "C13528": 0.0,
    "C13587": 0.034775,
    "C13595": 0.012929,
    "C13641": 0.00098,
    "C13781": 0.006166,
    "C13889": 0.028272,
    "C13943": 0.037533,
    "C14044": 0.049048,
    "C14176": 0.017568,
    "C14257": 0.021043,
    "C14311": 0.025862,
    "C14370": 0.004201,
    "C14443": 0.008661,
    "C14550": 0.026776,
    "C14885": 0.005319,
    "C15024": 0.024463,
    "C15172": 7.4e-05,
    "C15199": 0.022327,
    "C15210": 0.03347,
    "C1538": 0.021558,
    "C15407": 0.015482,
    "C15997": 0.024827,
    "C16373": 0.002643,
    "C16799": 0.007868,
    "C1716": 0.003624,
    "C1767": 0.025784,
    "C17884": 0.627503,
    "C18163": 0.008797,
    "C18309": 0.024727,
    "C18380": 0.005174,
    "C18686": 0.013989,
    "C18791": 0.024871,
    "C19119": 0.006813,
    "C19780": 0.044019,
    "C2003": 0.017388,
    "C20430": 0.005819,
    "C20800": 0.0,
    "C21172": 0.026783,
    "C2143": 0.012582,
    "C2208": 0.008986,
    "C22390": 0.0,
    "C2259": 0.001876,
    "C23574": 0.017274,
    "C23663": 0.0,
    "C23876": 0.020293,
    "C25275": 0.020444,
    "C25755": 0.010086,
    "C26077": 0.035738,
    "C26808": 0.020777,
    "C26905": 0.001405,
    "C27022": 0.030919,
    "C27065": 0.006738,
    "C27499": 0.024133,
    "C27766": 0.003025,
    "C29297": 0.001066,
    "C29378": 0.0,
    "C29440": 0.030602,
    "C31062": 0.057318,