{
  "arch": "gru_baseline",
  "lob": "private_passenger_auto",
  "config_idx": 50,
  "dropout_rate": 0.10616,
  "learning_rate": 0.0043857,
  "batch_size": 256,
  "max_epochs": 1000,
  "gru_units": 128,
  "dense_units": 64,
  "mape": 0.021327831452114768,
  "rmspe": 0.08165749601854927,
  "n_companies": 122,
  "n_filtered": 0,
  "mape_std": 0.0577726327049152,
  "mape_p25": 0.005210053309430579,
  "mape_p75": 0.023995963253777924,
  "training_time": 30.3,
  "epochs_trained": 201,
  "best_val_loss": 0.00639809227141086,
  "train_loss_curve": [
    0.041206,
    0.038067,
    0.037972,
    0.037819,
    0.03648,
    0.034555,
    0.032701,
    0.033872,
    0.030546,
    0.030718,
    0.030496,
    0.027561,
    0.026014,
    0.036921,
    0.034147,
    0.032536,
    0.03162,
    0.034116,
    0.033241,
    0.03736,
    0.031986,
    0.031251,
    0.029887,
    0.029169,
    0.029513,
    0.029473,
    0.026466,
    0.025561,
    0.025129,
    0.037207,
    0.027407,
    0.023644,
    0.022819,
    0.022886,
    0.021494,
    0.020684,
    0.023267,
    0.020167,
    0.020261,
    0.019909,
    0.019818,
    0.020307,
    0.023443,
    0.022117,
    0.030594,
    0.036711,
    0.027154,
    0.022533,
    0.021078,
    0.020985,
    0.021185,
    0.020149,
    0.021146,
    0.036382,
    0.026749,
    0.037027,
    0.021895,
    0.037623,
    0.023282,
    0.020735,
    0.019931,
    0.019958,
    0.020175,
    0.019979,
    0.020661,
    0.019905,
    0.019851,
    0.021718,
    0.020201,
    0.037247,
    0.019973,
    0.019678,
    0.020673,
    0.020553,
    0.020138,
    0.020268,
    0.020248,
    0.019816,
    0.022679,
    0.019995,
    0.020168,
    0.036219,
    0.01999,
    0.01959,
    0.020021,
    0.019798,
    0.019647,
    0.020455,
    0.019418,
    0.019619,
    0.036956,
    0.022899,
    0.020824,
    0.020223,
    0.019595,
    0.019505,
    0.037514,
    0.024086,
    0.021019,
    0.022159,
    0.039954,
    0.020593,
    0.06507,
    0.037083,
    0.037779,
    0.036127,
    0.036237,
    0.036336,
    0.036618,
    0.036589,
    0.036242,
    0.035954,
    0.035906,
    0.035869,
    0.03617,
    0.036119,
    0.036772,
    0.035943,
    0.035736,
    0.036025,
    0.035935,
    0.035792,
    0.035711,
    0.035648,
    0.035691,
    0.0361,
    0.035825,
    0.035906,
    0.036044,
    0.035762,
    0.03592,
    0.036365,
    0.035653,
    0.035813,
    0.035716,
    0.035892,
    0.036177,
    0.036322,
    0.035948,
    0.035934,
    0.036303,
    0.035594,
    0.035818,
    0.035972,
    0.034201,
    0.032258,
    0.030749,
    0.023724,
    0.021224,
    0.019852,
    0.019514,
    0.019503,
    0.019939,
    0.019608,
    0.019781,
    0.019786,
    0.019929,
    0.02147,
    0.020018,
    0.0203,
    0.019673,
    0.019808,
    0.019606,
    0.019533,
    0.019219,
    0.019593,
    0.019562,
    0.020166,
    0.02014,
    0.019493,
    0.02034,
    0.020824,
    0.019648,
    0.019383,
    0.035702,
    0.019649,
    0.019317,
    0.019394,
    0.019499,
    0.020114,
    0.020158,
    0.01966,
    0.021339,
    0.019241,
    0.019588,
    0.019137,
    0.019113,
    0.019519,
    0.019747,
    0.020199,
    0.019487,
    0.020083,
    0.019572,
    0.020072,
    0.020579,
    0.019351,
    0.019247,
    0.019727,
    0.019209,
    0.019627,
    0.019946
  ],
  "val_loss_curve": [
    0.007134,
    0.007721,
    0.008292,
    0.008514,
    0.00823,
    0.017999,
    0.020745,
    0.04487,
    0.056455,
    0.063831,
    0.115138,
    0.042631,
    0.007535,
    0.007765,
    0.007074,
    0.00702,
    0.006964,
    0.006924,
    0.00714,
    0.006947,
    0.00684,
    0.007009,
    0.006838,
    0.006701,
    0.006707,
    0.006802,
    0.006709,
    0.006931,
    0.006635,
    0.006719,
    0.006894,
    0.006658,
    0.007061,
    0.006735,
    0.006859,
    0.006613,
    0.006806,
    0.006701,
    0.006688,
    0.006635,
    0.006552,
    0.006665,
    0.006731,
    0.007041,
    0.006737,
    0.006871,
    0.006774,
    0.006825,
    0.006975,
    0.006512,
    0.006743,
    0.006763,
    0.006516,
    0.006745,
    0.006626,
    0.00662,
    0.006788,
    0.006599,
    0.00673,
    0.007056,
    0.006604,
    0.006618,
    0.006719,
    0.006965,
    0.006534,
    0.006634,
    0.006842,
    0.00666,
    0.006674,
    0.006669,
    0.006577,
    0.006517,
    0.006522,
    0.006642,
    0.006684,
    0.006604,
    0.006499,
    0.006804,
    0.006668,
    0.00675,
    0.006591,
    0.006477,
    0.006526,
    0.006688,
    0.0066,
    0.006556,
    0.006578,
    0.006722,
    0.00671,
    0.006691,
    0.006781,
    0.006611,
    0.006734,
    0.006706,
    0.006657,
    0.0066,
    0.006578,
    0.006641,
    0.00674,
    0.006822,
    0.006817,
    0.00655,
    0.006811,
    0.006726,
    0.006737,
    0.006729,
    0.006567,
    0.006488,
    0.006595,
    0.006566,
    0.006686,
    0.006601,
    0.0067,
    0.006628,
    0.00653,
    0.006483,
    0.006542,
    0.006528,
    0.006475,
    0.006545,
    0.006514,
    0.006627,
    0.006522,
    0.006504,
    0.006605,
    0.006496,
    0.006473,
    0.006557,
    0.006618,
    0.006534,
    0.006486,
    0.00652,
    0.00649,
    0.006515,
    0.006507,
    0.006519,
    0.006496,
    0.006693,
    0.006627,
    0.006561,
    0.006474,
    0.006437,
    0.006612,
    0.006674,
    0.006767,
    0.006836,
    0.006746,
    0.006663,
    0.006737,
    0.006571,
    0.006646,
    0.006509,
    0.006639,
    0.006585,
    0.006576,
    0.006588,
    0.006653,
    0.006539,
    0.006526,
    0.006611,
    0.006476,
    0.006496,
    0.006398,
    0.006589,
    0.006478,
    0.006449,
    0.006556,
    0.006527,
    0.006451,
    0.006483,
    0.006509,
    0.006516,
    0.006477,
    0.006557,
    0.006574,
    0.006549,
    0.006582,
    0.006669,
    0.006606,
    0.006655,
    0.006542,
    0.006485,
    0.006527,
    0.006426,
    0.00649,
    0.006511,
    0.006585,
    0.006573,
    0.006592,
    0.006682,
    0.006702,
    0.006775,
    0.006618,
    0.006649,
    0.006619,
    0.006648,
    0.006603,
    0.006629,
    0.006619,
    0.006572,
    0.006636
  ],
  "per_company_mape": {
    "C10007": 0.020737,
    "C10019": 0.058927,
    "C10022": 0.034253,
    "C10204": 0.016635,
    "C10308": 0.0,
    "C10336": 0.012372,
    "C1066": 0.036093,
    "C10783": 0.009131,
    "C10790": 0.01854,
    "C1090": 0.009251,
    "C11037": 0.01191,
    "C11126": 0.027173,
    "C11150": 0.0,
    "C11231": 0.0,
    "C12360": 0.006609,
    "C13420": 0.041495,
    "C13439": 0.016768,
    "C13501": 0.018797,
    "C13528": 0.0,
    "C13587": 0.035023,
    "C13595": 0.012929,
    "C13641": 0.000817,
    "C13781": 0.006166,
    "C13889": 0.028272,
    "C13943": 0.037533,
    "C14044": 0.049048,
    "C14176": 0.017568,
    "C14257": 0.021043,
    "C14311": 0.031529,
    "C14370": 0.0,
    "C14443": 0.008661,
    "C14550": 0.026776,
    "C14885": 0.005319,
    "C15024": 0.024463,
    "C15172": 7.4e-05,
    "C15199": 0.022327,
    "C15210": 0.03347,
    "C1538": 0.021558,
    "C15407": 0.015482,
    "C15997": 0.024827,
    "C16373": 0.002643,
    "C16799": 0.007868,
    "C1716": 0.003624,
    "C1767": 0.025784,
    "C17884": 0.627503,
    "C18163": 0.008797,
    "C18309": 0.024727,
    "C18380": 0.005174,
    "C18686": 0.013989,
    "C18791": 0.024871,
    "C19119": 0.006813,
    "C19780": 0.057078,
    "C2003": 0.017388,
    "C20430": 0.005819,
    "C20800": 0.0,
    "C21172": 0.026783,
    "C2143": 0.012582,
    "C2208": 0.008986,
    "C22390": 0.0,
    "C2259": 0.001876,
    "C23574": 0.017274,
    "C23663": 0.0,
    "C23876": 0.020293,
    "C25275": 0.020444,
    "C25755": 0.010086,
    "C26077": 0.045941,
    "C26808": 0.020777,
    "C26905": 0.001405,
    "C27022": 0.032121,
    "C27065": 0.006738,
    "C27499": 0.024133,
    "C27766": 0.003025,
    "C29297": 0.001066,
    "C29378": 0.0,
    "C29440": 0.030602,
    "C31062": 0.064232,
    "C3131": 0.002277,