{
  "arch": "gru_baseline",
  "lob": "workers_compensation",
  "config_idx": 51,
  "dropout_rate": 0.18935,
  "learning_rate": 0.0002931,
  "batch_size": 512,
  "max_epochs": 1000,
  "gru_units": 256,
  "dense_units": 32,
  "mape": 0.093529712527168,
  "rmspe": 0.1986249057396115,
  "n_companies": 234,
  "n_filtered": 0,
  "mape_std": 0.10586926399971926,
  "mape_p25": 0.04155022354473293,
  "mape_p75": 0.0978902974844874,
  "training_time": 80.03,
  "epochs_trained": 211,
  "best_val_loss": 0.0015175999142229557,
  "train_loss_curve": [
    0.004846,
    0.002689,
    0.002072,
    0.001822,
    0.001681,
    0.001615,
    0.001571,
    0.001554,
    0.001494,
    0.001501,
    0.001466,
    0.001467,
    0.001426,
    0.001424,
    0.00139,
    0.001404,
    0.001372,
    0.001369,
    0.001369,
    0.001354,
    0.001353,
    0.001337,
    0.001343,
    0.001313,
    0.001309,
    0.001294,
    0.001321,
    0.001294,
    0.001287,
    0.001262,
    0.001269,
    0.001267,
    0.001266,
    0.001255,
    0.001251,
    0.001248,
    0.001248,
    0.001248,
    0.001243,
    0.00124,
    0.001239,
    0.001227,
    0.00124,
    0.001236,
    0.001217,
    0.001223,
    0.001236,
    0.001217,
    0.001201,
    0.001213,
    0.001214,
    0.001209,
    0.001195,
    0.001197,
    0.001214,
    0.001189,
    0.001202,
    0.001181,
    0.001179,
    0.001197,
    0.001191,
    0.001194,
    0.001183,
    0.001195,
    0.001179,
    0.001177,
    0.001169,
    0.001184,
    0.001179,
    0.001169,
    0.001176,
    0.001171,
    0.001166,
    0.001175,
    0.001157,
    0.001156,
    0.001158,
    0.001177,
    0.001166,
    0.001143,
    0.001153,
    0.001181,
    0.001157,
    0.001177,
    0.001169,
    0.001182,
    0.001149,
    0.001168,
    0.001143,
    0.001156,
    0.001158,
    0.00114,
    0.001148,
    0.001152,
    0.00115,
    0.00115,
    0.001146,
    0.001167,
    0.001148,
    0.001146,
    0.001125,
    0.001135,
    0.001131,
    0.001142,
    0.001127,
    0.001139,
    0.001131,
    0.001131,
    0.001144,
    0.001124,
    0.001129,
    0.001123,
    0.001128,
    0.00114,
    0.001129,
    0.001142,
    0.001125,
    0.001132,
    0.001127,
    0.00112,
    0.001124,
    0.001139,
    0.001134,
    0.00112,
    0.001131,
    0.001121,
    0.001122,
    0.001125,
    0.001133,
    0.001142,
    0.001131,
    0.001122,
    0.001136,
    0.001123,
    0.001116,
    0.001124,
    0.001117,
    0.001113,
    0.00113,
    0.00112,
    0.001113,
    0.001111,
    0.001128,
    0.001124,
    0.001116,
    0.001127,
    0.001121,
    0.001119,
    0.001136,
    0.001096,
    0.001102,
    0.001108,
    0.001129,
    0.001114,
    0.001109,
    0.00111,
    0.001085,
    0.001119,
    0.001103,
    0.00111,
    0.001106,
    0.001091,
    0.001121,
    0.001122,
    0.00112,
    0.001118,
    0.0011,
    0.001098,
    0.0011,
    0.001106,
    0.001111,
    0.001102,
    0.001124,
    0.001095,
    0.001114,
    0.001106,
    0.001104,
    0.001103,
    0.00111,
    0.001106,
    0.001117,
    0.001103,
    0.001116,
    0.001103,
    0.001099,
    0.001108,
    0.001104,
    0.001107,
    0.001122,
    0.001116,
    0.001125,
    0.001104,
    0.001118,
    0.001105,
    0.001095,
    0.001116,
    0.001106,
    0.001126,
    0.001119,
    0.001097,
    0.001102,
    0.001117,
    0.0011,
    0.001103,
    0.001088,
    0.0011,
    0.001108,
    0.001091,
    0.001112,
    0.001109,
    0.001094
  ],
  "val_loss_curve": [
    0.00453,
    0.002597,
    0.002028,
    0.001821,
    0.001639,
    0.001632,
    0.001624,
    0.001689,
    0.001647,
    0.001609,
    0.001554,
    0.00167,
    0.001542,
    0.001568,
    0.00167,
    0.001636,
    0.001583,
    0.001526,
    0.00155,
    0.001578,
    0.001587,
    0.001641,
    0.001642,
    0.001626,
    0.00163,
    0.0017,
    0.00163,
    0.001534,
    0.001641,
    0.00161,
    0.001557,
    0.001605,
    0.001536,
    0.001634,
    0.001759,
    0.001572,
    0.001618,
    0.001654,
    0.001647,
    0.001617,
    0.001545,
    0.001656,
    0.001769,
    0.001602,
    0.001586,
    0.001518,
    0.001695,
    0.001703,
    0.001656,
    0.001635,
    0.001607,
    0.001599,
    0.00162,
    0.001613,
    0.001565,
    0.001551,
    0.001669,
    0.001715,
    0.00164,
    0.001634,
    0.00162,
    0.001669,
    0.001561,
    0.001628,
    0.001686,
    0.00176,
    0.001615,
    0.001641,
    0.001609,
    0.00169,
    0.001653,
    0.00162,
    0.001571,
    0.0017,
    0.001642,
    0.00165,
    0.001642,
    0.001685,
    0.001691,
    0.001626,
    0.001647,
    0.001631,
    0.001597,
    0.001619,
    0.001645,
    0.001717,
    0.001718,
    0.001577,
    0.001673,
    0.001644,
    0.001662,
    0.001643,
    0.001675,
    0.001649,
    0.0017,
    0.001574,
    0.00162,
    0.001584,
    0.001622,
    0.001615,
    0.001655,
    0.001617,
    0.001625,
    0.00165,
    0.001604,
    0.001658,
    0.001627,
    0.001581,
    0.001715,
    0.001621,
    0.001702,
    0.001667,
    0.001638,
    0.001675,
    0.001604,
    0.001558,
    0.001669,
    0.001657,
    0.001611,
    0.001599,
    0.001626,
    0.001614,
    0.001607,
    0.001643,
    0.001636,
    0.001651,
    0.001614,
    0.00163,
    0.00164,
    0.001646,
    0.00165,
    0.001685,
    0.001601,
    0.001635,
    0.00165,
    0.001666,
    0.001571,
    0.001587,
    0.001623,
    0.001651,
    0.001633,
    0.001597,
    0.001685,
    0.001608,
    0.001648,
    0.001638,
    0.001709,
    0.001647,
    0.001637,
    0.001608,
    0.001634,
    0.001609,
    0.001608,
    0.001634,
    0.001683,
    0.001673,
    0.001643,
    0.001652,
    0.001636,
    0.001614,
    0.0016,
    0.001605,
    0.001616,
    0.001634,
    0.001644,
    0.001638,
    0.001624,
    0.001584,
    0.001634,
    0.001638,
    0.001607,
    0.001621,
    0.001622,
    0.001587,
    0.001666,
    0.001631,
    0.001646,
    0.001638,
    0.001605,
    0.001619,
    0.001639,
    0.00165,
    0.001611,
    0.001647,
    0.001619,
    0.001594,
    0.001648,
    0.001618,
    0.001599,
    0.001622,
    0.001621,
    0.001649,
    0.001658,
    0.001643,
    0.001603,
    0.0016,
    0.001651,
    0.001611,
    0.001619,
    0.001635,
    0.001636,
    0.001628,
    0.001638,
    0.00163,
    0.001633,
    0.001619,
    0.001634,
    0.001648,
    0.00166,
    0.00162,
    0.001629
  ],
  "per_company_mape": {
    "C1015": 0.057025,
    "C1033": 0.070882,
    "C1068": 0.055994,
    "C1084": 0.032832,
    "C1156": 0.091013,
    "C1208": 0.055825,
    "C121": 0.086582,
    "C1218": 0.103722,
    "C1252": 0.022064,
    "C1280": 0.08578,
    "C1313": 0.024824,
    "C1401": 0.305078,
    "C1422": 0.041477,
    "C1475": 0.715824,
    "C151": 0.199067,
    "C1554": 0.081111,
    "C1590": 0.070063,
    "C1594": 0.059121,
    "C1617": 0.214229,
    "C1624": 0.037397,
    "C1635": 0.57514,
    "C1641": 0.079434,
    "C1662": 0.070671,
    "C1675": 0.084141,
    "C1691": 0.01809,
    "C1704": 0.075884,
    "C1706": 0.148458,
    "C1709": 0.086618,
    "C1712": 0.182302,
    "C1744": 0.05066,
    "C1768": 0.098523,
    "C1770": 0.050596,
    "C1783": 0.20047,
    "C1787": 0.151204,
    "C1814": 0.151398,
    "C1817": 0.103163,
    "C1841": 0.100946,
    "C1996": 0.029998,
    "C2033": 0.391563,
    "C2040": 0.107795,
    "C2043": 0.081989,
    "C212": 0.090706,
    "C223": 0.108641,
    "C229": 0.069505,
    "C246": 0.037095,
    "C260": 0.038016,
    "C267": 0.158412,
    "C288": 0.028747,
    "C294": 0.073832,
    "C296": 0.051855,
    "C2969": 0.046571,
    "C2973": 0.08318,
    "C3011": 0.055057,
    "C3012": 0.135152,
    "C3053": 0.017674,
    "C306": 0.04437,
    "C310": 0.024766,
    "C3102": 0.077349,
    "C3130": 0.199409,
    "C3219": 0.037774,
    "C3230": 0.029515,
    "C3251": 0.082159,
    "C3419": 0.069727,
    "C3630": 0.088966,
    "C3633": 0.040206,
    "C3767": 0.103208,
    "C3774": 0.034739,
    "C3776": 0.082855,