{
  "arch": "gru_baseline",
  "lob": "workers_compensation",
  "config_idx": 66,
  "dropout_rate": 0.06279,
  "learning_rate": 0.00171,
  "batch_size": 1024,
  "max_epochs": 1000,
  "gru_units": 128,
  "dense_units": 64,
  "mape": 0.0955786306085689,
  "rmspe": 0.1985878105464048,
  "n_companies": 234,
  "n_filtered": 0,
  "mape_std": 0.09931643694325266,
  "mape_p25": 0.043907869167624375,
  "mape_p75": 0.10759070484995678,
  "training_time": 49.89,
  "epochs_trained": 203,
  "best_val_loss": 0.0009348651656182483,
  "train_loss_curve": [
    0.004149,
    0.001742,
    0.001426,
    0.001347,
    0.001262,
    0.001242,
    0.0012,
    0.001163,
    0.001144,
    0.001096,
    0.001118,
    0.00111,
    0.001065,
    0.00105,
    0.001064,
    0.001039,
    0.001005,
    0.001015,
    0.000999,
    0.000976,
    0.000988,
    0.000982,
    0.000966,
    0.000958,
    0.000968,
    0.000992,
    0.000953,
    0.000944,
    0.000965,
    0.000942,
    0.000931,
    0.000928,
    0.000927,
    0.000924,
    0.000919,
    0.000906,
    0.00092,
    0.000909,
    0.000892,
    0.000898,
    0.000892,
    0.000899,
    0.000898,
    0.000901,
    0.000896,
    0.000863,
    0.000904,
    0.000887,
    0.000867,
    0.000874,
    0.000874,
    0.000863,
    0.000884,
    0.00088,
    0.000863,
    0.000859,
    0.000873,
    0.000873,
    0.000868,
    0.000865,
    0.000868,
    0.000867,
    0.000853,
    0.000858,
    0.000851,
    0.000852,
    0.00087,
    0.000856,
    0.000851,
    0.000843,
    0.000832,
    0.000831,
    0.000826,
    0.000846,
    0.000862,
    0.000832,
    0.000839,
    0.000837,
    0.000834,
    0.000827,
    0.00084,
    0.000813,
    0.000819,
    0.000842,
    0.000821,
    0.000844,
    0.00082,
    0.000831,
    0.000806,
    0.000819,
    0.000808,
    0.000809,
    0.000832,
    0.000804,
    0.000797,
    0.000813,
    0.000811,
    0.00082,
    0.000811,
    0.000791,
    0.000792,
    0.000813,
    0.000826,
    0.000804,
    0.000794,
    0.000788,
    0.000814,
    0.000799,
    0.000794,
    0.000796,
    0.000818,
    0.00081,
    0.000792,
    0.000796,
    0.000803,
    0.000795,
    0.000791,
    0.000795,
    0.000807,
    0.000804,
    0.00079,
    0.000776,
    0.00076,
    0.000789,
    0.000766,
    0.000784,
    0.000779,
    0.000776,
    0.000774,
    0.000783,
    0.000777,
    0.000768,
    0.000764,
    0.000761,
    0.000769,
    0.000781,
    0.000767,
    0.000778,
    0.000774,
    0.000784,
    0.000773,
    0.000782,
    0.000777,
    0.000767,
    0.000763,
    0.000762,
    0.00078,
    0.000767,
    0.000762,
    0.000771,
    0.000757,
    0.00077,
    0.000774,
    0.000775,
    0.000762,
    0.000764,
    0.000752,
    0.000772,
    0.000751,
    0.000752,
    0.000762,
    0.000751,
    0.00074,
    0.000737,
    0.000741,
    0.000754,
    0.000746,
    0.000725,
    0.000737,
    0.000727,
    0.000742,
    0.000737,
    0.000728,
    0.000756,
    0.000725,
    0.000731,
    0.000729,
    0.000729,
    0.000759,
    0.000733,
    0.000741,
    0.000733,
    0.000734,
    0.00074,
    0.000725,
    0.000722,
    0.000758,
    0.000731,
    0.000726,
    0.000739,
    0.000736,
    0.000725,
    0.000731,
    0.000731,
    0.000738,
    0.000733,
    0.000727,
    0.000724,
    0.000724,
    0.000734,
    0.000729,
    0.000716,
    0.000721
  ],
  "val_loss_curve": [
    0.002479,
    0.001509,
    0.001217,
    0.001181,
    0.001186,
    0.001117,
    0.001094,
    0.001084,
    0.001083,
    0.001215,
    0.001034,
    0.001048,
    0.001074,
    0.001006,
    0.001037,
    0.001127,
    0.001091,
    0.001037,
    0.001032,
    0.001058,
    0.001077,
    0.001131,
    0.00107,
    0.001019,
    0.001259,
    0.001078,
    0.00115,
    0.00115,
    0.000982,
    0.001045,
    0.001035,
    0.001047,
    0.001078,
    0.001102,
    0.001138,
    0.001102,
    0.001168,
    0.001017,
    0.001124,
    0.001053,
    0.000997,
    0.001056,
    0.001175,
    0.001103,
    0.001043,
    0.001173,
    0.001151,
    0.001073,
    0.000986,
    0.001111,
    0.001015,
    0.001166,
    0.000987,
    0.00114,
    0.001021,
    0.001043,
    0.001049,
    0.001047,
    0.001057,
    0.000976,
    0.000986,
    0.000977,
    0.001057,
    0.001056,
    0.001136,
    0.00111,
    0.001006,
    0.001043,
    0.001049,
    0.001091,
    0.001102,
    0.000985,
    0.001025,
    0.001229,
    0.00099,
    0.001078,
    0.00102,
    0.001036,
    0.001028,
    0.001092,
    0.001132,
    0.001016,
    0.00116,
    0.001068,
    0.001078,
    0.000987,
    0.001114,
    0.001112,
    0.001089,
    0.001062,
    0.001089,
    0.001112,
    0.000985,
    0.001087,
    0.001122,
    0.001,
    0.001089,
    0.001031,
    0.001065,
    0.001081,
    0.001075,
    0.001102,
    0.001075,
    0.001106,
    0.001037,
    0.00105,
    0.001044,
    0.001102,
    0.00111,
    0.000935,
    0.000983,
    0.00102,
    0.001017,
    0.001083,
    0.001161,
    0.001161,
    0.001034,
    0.001003,
    0.001073,
    0.000971,
    0.001058,
    0.00106,
    0.001067,
    0.001051,
    0.001011,
    0.001143,
    0.001099,
    0.001054,
    0.001069,
    0.001127,
    0.001056,
    0.001018,
    0.001062,
    0.001039,
    0.0012,
    0.001054,
    0.001071,
    0.001153,
    0.001175,
    0.001086,
    0.001157,
    0.000993,
    0.001067,
    0.001063,
    0.001012,
    0.001014,
    0.001136,
    0.001024,
    0.001081,
    0.001054,
    0.001059,
    0.001106,
    0.001058,
    0.001047,
    0.001019,
    0.00104,
    0.001048,
    0.001119,
    0.001037,
    0.001093,
    0.00104,
    0.001085,
    0.001088,
    0.001089,
    0.001058,
    0.001033,
    0.001024,
    0.001073,
    0.001061,
    0.001084,
    0.001099,
    0.001098,
    0.001102,
    0.001081,
    0.001069,
    0.001017,
    0.001027,
    0.001051,
    0.001052,
    0.001066,
    0.001101,
    0.001123,
    0.001069,
    0.001057,
    0.001068,
    0.00106,
    0.001089,
    0.001062,
    0.00108,
    0.001058,
    0.001048,
    0.001035,
    0.001007,
    0.001053,
    0.001061,
    0.001056,
    0.001072,
    0.001109,
    0.001112,
    0.001053,
    0.001064,
    0.001056,
    0.001046
  ],
  "per_company_mape": {
    "C1015": 0.084047,
    "C1033": 0.056175,
    "C1068": 0.076659,
    "C1084": 0.043886,
    "C1156": 0.081721,
    "C1208": 0.053281,
    "C121": 0.060582,
    "C1218": 0.146383,
    "C1252": 0.026689,
    "C1280": 0.058772,
    "C1313": 0.047908,
    "C1401": 0.261513,
    "C1422": 0.079717,
    "C1475": 0.71291,
    "C151": 0.136044,
    "C1554": 0.107725,
    "C1590": 0.063841,
    "C1594": 0.035295,
    "C1617": 0.183947,
    "C1624": 0.050778,
    "C1635": 0.576927,
    "C1641": 0.04626,
    "C1662": 0.051266,
    "C1675": 0.041114,
    "C1691": 0.014576,
    "C1704": 0.053932,
    "C1706": 0.213631,
    "C1709": 0.115774,
    "C1712": 0.172306,
    "C1744": 0.029314,
    "C1768": 0.088117,
    "C1770": 0.051447,
    "C1783": 0.198997,
    "C1787": 0.143534,
    "C1814": 0.118289,
    "C1817": 0.210181,
    "C1841": 0.120116,
    "C1996": 0.044088,
    "C2033": 0.428538,
    "C2040": 0.11132,
    "C2043": 0.110409,
    "C212": 0.141007,
    "C223": 0.119419,
    "C229": 0.057169,
    "C246": 0.037801,
    "C260": 0.021912,
    "C267": 0.184027,
    "C288": 0.034729,
    "C294": 0.112591,
    "C296": 0.04751,
    "C2969": 0.050501,
    "C2973": 0.046295,
    "C3011": 0.040182,
    "C3012": 0.114098,
    "C3053": 0.018565,
    "C306": 0.058923,
    "C310": 0.040205,
    "C3102": 0.079174,
    "C3130": 0.151491,
    "C3219": 0.027606,
    "C3230": 0.058182,
    "C3251": 0.122593,
    "C3419": 0.067108,
    "C3630": 0.111473,
    "C3633": 0.080012,
    "C3767": 0.121706,
    "C3774": 0.029639,
    "C3776": 0.065777,
    "C379": 0.075753,
    "C3838": 0.055596,
    "C3854": 0.070301,
    "C3856": 0.0957,
    "C391": 0.033136,
    "C3923": 0.120893,
    "C3933": 0.041021,
    "C4071": 0.089817,
    "C409": 0.054162,