{
  "arch": "gru_baseline",
  "lob": "workers_compensation",
  "config_idx": 49,
  "dropout_rate": 0.05222,
  "learning_rate": 0.0041338,
  "batch_size": 512,
  "max_epochs": 500,
  "gru_units": 64,
  "dense_units": 32,
  "mape": 0.09696390143481659,
  "rmspe": 0.17478259009444286,
  "n_companies": 234,
  "n_filtered": 0,
  "training_time": 187.87,
  "epochs_trained": 201,
  "best_val_loss": 0.0010310572106391191
}