{
  "arch": "gru_baseline",
  "lob": "workers_compensation",
  "config_idx": 42,
  "dropout_rate": 0.11474,
  "learning_rate": 0.0010266,
  "batch_size": 512,
  "max_epochs": 1000,
  "gru_units": 64,
  "dense_units": 128,
  "mape": 0.10300700514537241,
  "rmspe": 0.16664170607224474,
  "n_companies": 234,
  "n_filtered": 0,
  "training_time": 215.89,
  "epochs_trained": 202,
  "best_val_loss": 0.0012531253742054105
}