{
  "arch": "gru_baseline",
  "lob": "workers_compensation",
  "config_idx": 78,
  "dropout_rate": 0.01586,
  "learning_rate": 0.0007367,
  "batch_size": 256,
  "max_epochs": 500,
  "gru_units": 64,
  "dense_units": 64,
  "mape": 0.08999950182853506,
  "rmspe": 0.18155506437926708,
  "n_companies": 234,
  "n_filtered": 0,
  "mape_std": 0.10413028575468374,
  "mape_p25": 0.035211321857717255,
  "mape_p75": 0.10272100342602511,
  "training_time": 229.26,
  "epochs_trained": 205,
  "best_val_loss": 0.0009432624657555218,
  "train_loss_curve": [
    0.003277,
    0.001345,
    0.00124,
    0.001396,
    0.001252,
    0.001102,
    0.001059,
    0.001078,
    0.001065,
    0.001035,
    0.000993,
    0.00099,
    0.000979,
    0.000968,
    0.000954,
    0.000953,
    0.000936,
    0.000953,
    0.001013,
    0.000919,
    0.000895,
    0.000904,
    0.000899,
    0.000875,
    0.000889,
    0.000887,
    0.000873,
    0.000869,
    0.000862,
    0.000867,
    0.000874,
    0.000857,
    0.000841,
    0.000827,
    0.000865,
    0.000857,
    0.000827,
    0.00084,
    0.000838,
    0.00081,
    0.000814,
    0.000822,
    0.000825,
    0.000793,
    0.000799,
    0.000807,
    0.000797,
    0.000801,
    0.000804,
    0.000783,
    0.000786,
    0.00078,
    0.000776,
    0.000775,
    0.000793,
    0.000765,
    0.000763,
    0.000779,
    0.000816,
    0.000793,
    0.000788,
    0.0008,
    0.000781,
    0.000758,
    0.00075,
    0.000757,
    0.00079,
    0.000759,
    0.000766,
    0.000759,
    0.000742,
    0.000751,
    0.000796,
    0.000793,
    0.000749,
    0.000738,
    0.000735,
    0.00074,
    0.000716,
    0.000719,
    0.000712,
    0.000716,
    0.00071,
    0.000713,
    0.000718,
    0.000725,
    0.000737,
    0.000724,
    0.000725,
    0.00072,
    0.00071,
    0.000706,
    0.0007,
    0.000708,
    0.000706,
    0.000719,
    0.000721,
    0.000712,
    0.000751,
    0.000713,
    0.000724,
    0.000726,
    0.000709,
    0.000714,
    0.000708,
    0.000711,
    0.000708,
    0.000707,
    0.000704,
    0.000697,
    0.000723,
    0.000698,
    0.000698,
    0.000696,
    0.000693,
    0.000706,
    0.000718,
    0.000704,
    0.000693,
    0.000697,
    0.000706,
    0.000738,
    0.00072,
    0.000705,
    0.000688,
    0.000707,
    0.000691,
    0.000695,
    0.000705,
    0.000691,
    0.000702,
    0.000694,
    0.000692,
    0.000678,
    0.000683,
    0.000678,
    0.000688,
    0.000669,
    0.00068,
    0.000684,
    0.000687,
    0.000685,
    0.000686,
    0.000695,
    0.000805,
    0.000695,
    0.000681,
    0.000673,
    0.000674,
    0.000672,
    0.000674,
    0.000683,
    0.00068,
    0.000673,
    0.000677,
    0.000675,
    0.000675,
    0.000711,
    0.000702,
    0.000668,
    0.000671,
    0.000681,
    0.000674,
    0.000677,
    0.000675,
    0.000674,
    0.000674,
    0.000673,
    0.000678,
    0.000677,
    0.00067,
    0.000678,
    0.000698,
    0.000686,
    0.000691,
    0.000682,
    0.000675,
    0.00067,
    0.000678,
    0.000708,
    0.000671,
    0.000671,
    0.000666,
    0.000672,
    0.000665,
    0.000668,
    0.000667,
    0.000676,
    0.000668,
    0.000668,
    0.000663,
    0.000669,
    0.000664,
    0.000675,
    0.000663,
    0.00067,
    0.000673,
    0.00067,
    0.000667,
    0.000672,
    0.000668,
    0.000677,
    0.000667,
    0.00067,
    0.000674
  ],
  "val_loss_curve": [
    0.002083,
    0.001191,
    0.001261,
    0.00126,
    0.001055,
    0.001048,
    0.001011,
    0.00101,
    0.001039,
    0.001018,
    0.001004,
    0.001037,
    0.001003,
    0.000992,
    0.001011,
    0.001016,
    0.000981,
    0.001065,
    0.000974,
    0.000971,
    0.000994,
    0.001,
    0.000995,
    0.001043,
    0.000985,
    0.000965,
    0.000943,
    0.000979,
    0.001041,
    0.000976,
    0.000998,
    0.000966,
    0.000969,
    0.00099,
    0.001039,
    0.000981,
    0.001086,
    0.001051,
    0.001012,
    0.000952,
    0.000992,
    0.001012,
    0.000973,
    0.00101,
    0.001,
    0.000991,
    0.001013,
    0.001015,
    0.001008,
    0.000983,
    0.001006,
    0.000965,
    0.001011,
    0.001007,
    0.00098,
    0.00098,
    0.000984,
    0.001014,
    0.001002,
    0.001004,
    0.001018,
    0.000996,
    0.001042,
    0.000969,
    0.001006,
    0.001059,
    0.001011,
    0.000985,
    0.001032,
    0.001007,
    0.000979,
    0.001004,
    0.000984,
    0.001041,
    0.000987,
    0.000997,
    0.001021,
    0.000986,
    0.00097,
    0.000975,
    0.00098,
    0.000972,
    0.000988,
    0.000983,
    0.000992,
    0.000995,
    0.00098,
    0.000982,
    0.000983,
    0.000998,
    0.000989,
    0.00099,
    0.000972,
    0.000999,
    0.000988,
    0.000976,
    0.001006,
    0.000998,
    0.001045,
    0.000994,
    0.000999,
    0.000991,
    0.001038,
    0.000994,
    0.001001,
    0.001004,
    0.000978,
    0.000993,
    0.001006,
    0.000988,
    0.000995,
    0.001006,
    0.001002,
    0.000994,
    0.000999,
    0.000998,
    0.001044,
    0.001008,
    0.000993,
    0.000996,
    0.001021,
    0.000996,
    0.001018,
    0.001014,
    0.000986,
    0.001014,
    0.001007,
    0.001019,
    0.001001,
    0.001001,
    0.001005,
    0.001012,
    0.001011,
    0.001012,
    0.001,
    0.000996,
    0.000999,
    0.000997,
    0.000993,
    0.000997,
    0.001003,
    0.000998,
    0.000997,
    0.001011,
    0.000999,
    0.00102,
    0.001002,
    0.001007,
    0.001018,
    0.001002,
    0.001006,
    0.000998,
    0.000995,
    0.001004,
    0.001013,
    0.00101,
    0.00101,
    0.001006,
    0.00101,
    0.001009,
    0.001014,
    0.001005,
    0.001008,
    0.001011,
    0.001008,
    0.001009,
    0.001007,
    0.001015,
    0.001005,
    0.001015,
    0.001012,
    0.001019,
    0.00101,
    0.001013,
    0.001018,
    0.001015,
    0.001011,
    0.001013,
    0.001003,
    0.001022,
    0.001018,
    0.001011,
    0.001013,
    0.001011,
    0.001017,
    0.001017,
    0.001005,
    0.00101,
    0.001012,
    0.001005,
    0.001005,
    0.001011,
    0.001023,
    0.001013,
    0.001014,
    0.001016,
    0.001009,
    0.00102,
    0.001015,
    0.001016,
    0.001014,
    0.001007,
    0.001011,
    0.001011,
    0.00101
  ],
  "per_company_mape": {
    "C1015": 0.0452,
    "C1033": 0.093729,
    "C1068": 0.085385,
    "C1084": 0.03529,
    "C1156": 0.08792,
    "C1208": 0.030609,
    "C121": 0.06318,
    "C1218": 0.149242,
    "C1252": 0.015459,
    "C1280": 0.091019,
    "C1313": 0.026262,
    "C1401": 0.275148,
    "C1422": 0.13661,
    "C1475": 0.559945,
    "C151": 0.185691,
    "C1554": 0.07125,
    "C1590": 0.054454,
    "C1594": 0.041246,
    "C1617": 0.173501,
    "C1624": 0.035206,
    "C1635": 0.608121,
    "C1641": 0.020781,
    "C1662": 0.055845,
    "C1675": 0.032521,
    "C1691": 0.024937,
    "C1704": 0.038347,
    "C1706": 0.191127,
    "C1709": 0.12013,
    "C1712": 0.062451,
    "C1744": 0.066935,
    "C1768": 0.125856,
    "C1770": 0.061585,
    "C1783": 0.18038,
    "C1787": 0.077502,
    "C1814": 0.04477,
    "C1817": 0.254296,
    "C1841": 0.189227,
    "C1996": 0.035295,
    "C2033": 0.240699,
    "C2040": 0.081376,
    "C2043": 0.036259,
    "C212": 0.128231,
    "C223": 0.092238,
    "C229": 0.033611,
    "C246": 0.027073,
    "C260": 0.027934,
    "C267": 0.120467,
    "C288": 0.016415,
    "C294": 0.104792,
    "C296": 0.023619,
    "C2969": 0.052168,
    "C2973": 0.036955,
    "C3011": 0.00979,
    "C3012": 0.066397,
    "C3053": 0.015518,
    "C306": 0.074007,
    "C310": 0.027564,
    "C3102": 0.085136,
    "C3130": 0.182663,
    "C3219": 0.034029,
    "C3230": 0.044984,
    "C3251": 0.09038,
    "C3419": 0.077747,
    "C3630": 0.114167,
    "C3633": 0.095399,
    "C3767": 0.179368,
    "C3774": 0.027582,
    "C3776": 0.085737,
    "C379": 0.083061,
    "C3838": 0.032597,
    "C3854": 0.051531,
    "C3856": 0.044259,
    "C391": 0.027985,
    "C3923": 0.109965,
    "C3933": 0.023361,