{
  "arch": "gru_baseline",
  "lob": "workers_compensation",
  "config_idx": 74,
  "dropout_rate": 0.01039,
  "learning_rate": 0.0010332,
  "batch_size": 1024,
  "max_epochs": 500,
  "gru_units": 64,
  "dense_units": 128,
  "mape": 0.09479266313816032,
  "rmspe": 0.1617559132147803,
  "n_companies": 234,
  "n_filtered": 0,
  "mape_std": 0.09093909305561797,
  "mape_p25": 0.04083063578534221,
  "mape_p75": 0.11211017200588864,
  "training_time": 78.32,
  "epochs_trained": 204,
  "best_val_loss": 0.0008976364406407811,
  "train_loss_curve": [
    0.005384,
    0.002221,
    0.001579,
    0.0013,
    0.001172,
    0.001141,
    0.00109,
    0.0011,
    0.001091,
    0.001073,
    0.001027,
    0.001041,
    0.00101,
    0.001029,
    0.001005,
    0.000991,
    0.000979,
    0.000975,
    0.001001,
    0.000949,
    0.000948,
    0.000941,
    0.000951,
    0.000931,
    0.000914,
    0.000917,
    0.000946,
    0.0009,
    0.000896,
    0.000903,
    0.000887,
    0.000895,
    0.000883,
    0.000864,
    0.000878,
    0.000879,
    0.00084,
    0.000838,
    0.00084,
    0.000841,
    0.000839,
    0.000828,
    0.000821,
    0.000822,
    0.000814,
    0.000825,
    0.000812,
    0.00082,
    0.000796,
    0.000792,
    0.000795,
    0.000783,
    0.000799,
    0.0008,
    0.000789,
    0.000776,
    0.000778,
    0.000785,
    0.000775,
    0.000769,
    0.000772,
    0.000755,
    0.000762,
    0.00077,
    0.000749,
    0.000775,
    0.000752,
    0.000753,
    0.000763,
    0.000744,
    0.000741,
    0.000734,
    0.000733,
    0.000737,
    0.000738,
    0.000727,
    0.000726,
    0.000739,
    0.000729,
    0.000714,
    0.00072,
    0.000706,
    0.000723,
    0.000714,
    0.000708,
    0.000721,
    0.000733,
    0.000711,
    0.000711,
    0.000734,
    0.000721,
    0.00071,
    0.000703,
    0.00071,
    0.000708,
    0.000704,
    0.000706,
    0.000701,
    0.000707,
    0.000694,
    0.000684,
    0.000701,
    0.000692,
    0.000687,
    0.000708,
    0.000693,
    0.000689,
    0.000681,
    0.000681,
    0.000671,
    0.000683,
    0.000669,
    0.000664,
    0.000673,
    0.000685,
    0.00068,
    0.000701,
    0.000666,
    0.000683,
    0.000672,
    0.000661,
    0.000653,
    0.000662,
    0.000659,
    0.000668,
    0.000662,
    0.000675,
    0.000655,
    0.000669,
    0.000662,
    0.000663,
    0.000659,
    0.000669,
    0.000659,
    0.000657,
    0.000655,
    0.000664,
    0.000674,
    0.00066,
    0.000659,
    0.000664,
    0.000652,
    0.000672,
    0.000661,
    0.00065,
    0.000651,
    0.000654,
    0.000659,
    0.000649,
    0.000651,
    0.000654,
    0.000655,
    0.000656,
    0.00065,
    0.000643,
    0.000639,
    0.000641,
    0.000642,
    0.000658,
    0.000647,
    0.000649,
    0.000646,
    0.000644,
    0.000649,
    0.000651,
    0.000639,
    0.000635,
    0.00063,
    0.000636,
    0.000636,
    0.000638,
    0.000634,
    0.000631,
    0.000642,
    0.000641,
    0.000636,
    0.000636,
    0.000627,
    0.000649,
    0.000634,
    0.000632,
    0.000627,
    0.000643,
    0.000638,
    0.000632,
    0.000659,
    0.00063,
    0.000635,
    0.000637,
    0.000624,
    0.000638,
    0.000635,
    0.000625,
    0.000635,
    0.000633,
    0.000633,
    0.000636,
    0.000631,
    0.000625,
    0.000635,
    0.000631,
    0.000624,
    0.000623,
    0.00063
  ],
  "val_loss_curve": [
    0.0063,
    0.002433,
    0.00164,
    0.001259,
    0.00114,
    0.001083,
    0.001052,
    0.001005,
    0.001022,
    0.001015,
    0.000995,
    0.001009,
    0.000967,
    0.000991,
    0.001016,
    0.000955,
    0.00097,
    0.000966,
    0.000957,
    0.000943,
    0.000943,
    0.000951,
    0.000938,
    0.000942,
    0.000938,
    0.000931,
    0.000951,
    0.00094,
    0.00095,
    0.000945,
    0.00092,
    0.000999,
    0.000916,
    0.000926,
    0.000926,
    0.000925,
    0.000971,
    0.000936,
    0.000917,
    0.000923,
    0.000916,
    0.000917,
    0.000966,
    0.000912,
    0.000918,
    0.000917,
    0.000931,
    0.000917,
    0.000954,
    0.00093,
    0.000906,
    0.000936,
    0.000911,
    0.000912,
    0.000914,
    0.000898,
    0.000979,
    0.000905,
    0.000911,
    0.000928,
    0.000912,
    0.000926,
    0.000941,
    0.00092,
    0.000912,
    0.000939,
    0.000911,
    0.000915,
    0.000922,
    0.000933,
    0.000916,
    0.00096,
    0.000948,
    0.000909,
    0.000912,
    0.000933,
    0.000923,
    0.000934,
    0.000931,
    0.000925,
    0.000917,
    0.000936,
    0.000931,
    0.000939,
    0.000947,
    0.000922,
    0.000929,
    0.000925,
    0.000925,
    0.000917,
    0.000923,
    0.000945,
    0.000933,
    0.00093,
    0.000921,
    0.000918,
    0.000954,
    0.000916,
    0.000937,
    0.000924,
    0.000919,
    0.000924,
    0.000935,
    0.000912,
    0.00096,
    0.000923,
    0.000974,
    0.000944,
    0.000937,
    0.000946,
    0.000949,
    0.000937,
    0.000947,
    0.000939,
    0.000944,
    0.000952,
    0.000928,
    0.000932,
    0.000921,
    0.000931,
    0.000926,
    0.000926,
    0.000943,
    0.000929,
    0.000929,
    0.000932,
    0.000921,
    0.000936,
    0.000931,
    0.000932,
    0.000923,
    0.00094,
    0.000938,
    0.00093,
    0.000938,
    0.000928,
    0.000943,
    0.00094,
    0.000954,
    0.000967,
    0.000939,
    0.000948,
    0.00094,
    0.000934,
    0.000936,
    0.000956,
    0.000956,
    0.000949,
    0.000937,
    0.000987,
    0.000949,
    0.00094,
    0.000941,
    0.000957,
    0.000944,
    0.000943,
    0.000948,
    0.000935,
    0.000935,
    0.000941,
    0.000952,
    0.000942,
    0.000964,
    0.000943,
    0.000944,
    0.000949,
    0.000944,
    0.000943,
    0.000946,
    0.000947,
    0.000938,
    0.000947,
    0.000946,
    0.00094,
    0.000948,
    0.000943,
    0.000943,
    0.000945,
    0.000946,
    0.000948,
    0.000943,
    0.000954,
    0.000944,
    0.000942,
    0.000947,
    0.000944,
    0.000941,
    0.000945,
    0.000948,
    0.000944,
    0.000939,
    0.000952,
    0.000957,
    0.00096,
    0.000959,
    0.000942,
    0.000958,
    0.000944,
    0.000955,
    0.000955,
    0.000957,
    0.000946,
    0.000961,
    0.000942
  ],
  "per_company_mape": {
    "C1015": 0.038469,
    "C1033": 0.148264,
    "C1068": 0.050151,
    "C1084": 0.03845,
    "C1156": 0.109742,
    "C1208": 0.073746,
    "C121": 0.050238,
    "C1218": 0.192524,
    "C1252": 0.048152,
    "C1280": 0.154738,
    "C1313": 0.057349,
    "C1401": 0.349923,
    "C1422": 0.109457,
    "C1475": 0.248973,
    "C151": 0.175258,
    "C1554": 0.110888,
    "C1590": 0.051435,
    "C1594": 0.029205,
    "C1617": 0.172745,
    "C1624": 0.03703,
    "C1635": 0.33249,
    "C1641": 0.056614,
    "C1662": 0.076719,
    "C1675": 0.04433,
    "C1691": 0.026354,
    "C1704": 0.056596,
    "C1706": 0.167873,
    "C1709": 0.091371,
    "C1712": 0.202114,
    "C1744": 0.082908,
    "C1768": 0.128743,
    "C1770": 0.03714,
    "C1783": 0.154421,
    "C1787": 0.122984,
    "C1814": 0.061145,
    "C1817": 0.200233,
    "C1841": 0.124174,
    "C1996": 0.055834,
    "C2033": 0.279765,
    "C2040": 0.122181,
    "C2043": 0.100106,
    "C212": 0.241905,
    "C223": 0.093147,
    "C229": 0.021946,
    "C246": 0.032649,
    "C260": 0.041298,
    "C267": 0.207922,
    "C288": 0.020248,
    "C294": 0.146767,
    "C296": 0.046894,
    "C2969": 0.070507,
    "C2973": 0.047303,
    "C3011": 0.02119,
    "C3012": 0.085347,
    "C3053": 0.018943,
    "C306": 0.085188,
    "C310": 0.027839,
    "C3102": 0.112512,
    "C3130": 0.151907,
    "C3219": 0.034304,
    "C3230": 0.076928,
    "C3251": 0.103718,
    "C3419": 0.130753,
    "C3630": 0.109564,
    "C3633": 0.131644,
    "C3767": 0.151166,
    "C3774": 0.03372,
    "C3776": 0.07875,
    "C379": 0.08266,
    "C3838": 0.046777,
    "C3854": 0.048367,
    "C3856": 0.061047,
    "C391": 0.03935,
    "C3923": 0.271705,
    "C3933": 0.044949,
    "C4071": 0.108398,