{
  "arch": "gru_baseline",
  "lob": "workers_compensation",
  "config_idx": 10,
  "dropout_rate": 0.02302,
  "learning_rate": 0.000206,
  "batch_size": 256,
  "max_epochs": 1000,
  "gru_units": 256,
  "dense_units": 64,
  "mape": 0.09239907392546318,
  "rmspe": 0.14726925316430303,
  "n_companies": 234,
  "n_filtered": 0,
  "training_time": 1261.65,
  "epochs_trained": 202,
  "best_val_loss": 0.0010115086333826184
}