{
  "arch": "gru_baseline",
  "lob": "workers_compensation",
  "config_idx": 67,
  "dropout_rate": 0.11045,
  "learning_rate": 0.0011308,
  "batch_size": 256,
  "max_epochs": 1000,
  "gru_units": 128,
  "dense_units": 64,
  "mape": 0.09448661876887923,
  "rmspe": 0.21712426477161026,
  "n_companies": 234,
  "n_filtered": 0,
  "mape_std": 0.1115058015802383,
  "mape_p25": 0.039682674281273464,
  "mape_p75": 0.10093815194987622,
  "training_time": 85.32,
  "epochs_trained": 201,
  "best_val_loss": 0.0011062202268346613,
  "train_loss_curve": [
    0.002685,
    0.001453,
    0.001338,
    0.001277,
    0.001211,
    0.001175,
    0.001167,
    0.001184,
    0.001131,
    0.001133,
    0.001111,
    0.001138,
    0.001192,
    0.001201,
    0.001104,
    0.001121,
    0.001159,
    0.001076,
    0.001033,
    0.001047,
    0.001035,
    0.001014,
    0.001013,
    0.001022,
    0.001011,
    0.001,
    0.001022,
    0.001044,
    0.001093,
    0.001025,
    0.001009,
    0.001022,
    0.001019,
    0.001081,
    0.001004,
    0.001015,
    0.001003,
    0.000977,
    0.000962,
    0.000976,
    0.000984,
    0.000982,
    0.000987,
    0.000989,
    0.000993,
    0.00096,
    0.000956,
    0.000952,
    0.000964,
    0.000952,
    0.000972,
    0.000954,
    0.000965,
    0.000963,
    0.000936,
    0.000985,
    0.000984,
    0.000965,
    0.000957,
    0.000938,
    0.000951,
    0.000986,
    0.000934,
    0.000912,
    0.000912,
    0.000929,
    0.000924,
    0.000926,
    0.000925,
    0.000905,
    0.000918,
    0.000921,
    0.000914,
    0.000909,
    0.000904,
    0.000909,
    0.000899,
    0.00089,
    0.000888,
    0.000899,
    0.000907,
    0.000893,
    0.000887,
    0.000894,
    0.000951,
    0.000918,
    0.000906,
    0.000881,
    0.000916,
    0.000913,
    0.00089,
    0.000899,
    0.000882,
    0.000883,
    0.000889,
    0.000886,
    0.000883,
    0.000868,
    0.000878,
    0.000923,
    0.000893,
    0.000874,
    0.000862,
    0.000874,
    0.000886,
    0.000914,
    0.000919,
    0.000916,
    0.000873,
    0.000883,
    0.000867,
    0.000869,
    0.000869,
    0.000856,
    0.000879,
    0.000874,
    0.000866,
    0.000876,
    0.000868,
    0.000849,
    0.000864,
    0.000843,
    0.000853,
    0.000858,
    0.000841,
    0.00085,
    0.000849,
    0.000829,
    0.000856,
    0.000855,
    0.000841,
    0.000851,
    0.000885,
    0.000849,
    0.000867,
    0.000873,
    0.000904,
    0.000878,
    0.000834,
    0.000853,
    0.000859,
    0.000858,
    0.000845,
    0.000839,
    0.000827,
    0.000822,
    0.00084,
    0.000826,
    0.000827,
    0.000897,
    0.000861,
    0.000851,
    0.000847,
    0.00083,
    0.00085,
    0.000832,
    0.00084,
    0.00083,
    0.000835,
    0.000841,
    0.000829,
    0.000853,
    0.000831,
    0.000844,
    0.000842,
    0.000819,
    0.000839,
    0.000836,
    0.000841,
    0.000842,
    0.000826,
    0.000829,
    0.000818,
    0.000823,
    0.000825,
    0.000814,
    0.000809,
    0.000813,
    0.000808,
    0.000817,
    0.000829,
    0.000828,
    0.000813,
    0.000818,
    0.000821,
    0.000814,
    0.000822,
    0.000819,
    0.00082,
    0.000824,
    0.000823,
    0.000806,
    0.000808,
    0.000804,
    0.00081,
    0.000801,
    0.000808,
    0.000825,
    0.000815,
    0.000822,
    0.000822
  ],
  "val_loss_curve": [
    0.00159,
    0.001368,
    0.001598,
    0.001335,
    0.001266,
    0.001391,
    0.001189,
    0.001311,
    0.001133,
    0.001473,
    0.001122,
    0.001144,
    0.001802,
    0.001249,
    0.00124,
    0.001391,
    0.00132,
    0.001315,
    0.001566,
    0.001133,
    0.001415,
    0.001306,
    0.001339,
    0.001341,
    0.001237,
    0.00129,
    0.001511,
    0.001502,
    0.001198,
    0.001445,
    0.001269,
    0.001309,
    0.001709,
    0.001346,
    0.001117,
    0.001363,
    0.001272,
    0.001232,
    0.001249,
    0.001366,
    0.00129,
    0.001249,
    0.001273,
    0.001415,
    0.001311,
    0.001206,
    0.001254,
    0.001698,
    0.001232,
    0.001401,
    0.00144,
    0.001444,
    0.001134,
    0.001237,
    0.00151,
    0.001173,
    0.001438,
    0.001234,
    0.001126,
    0.001231,
    0.001237,
    0.001139,
    0.001277,
    0.001196,
    0.001372,
    0.00122,
    0.001245,
    0.001248,
    0.001277,
    0.001106,
    0.001261,
    0.001155,
    0.001381,
    0.0012,
    0.001471,
    0.001211,
    0.001318,
    0.0012,
    0.001453,
    0.001382,
    0.001237,
    0.001282,
    0.001414,
    0.001324,
    0.001369,
    0.001269,
    0.001256,
    0.001179,
    0.001277,
    0.00128,
    0.00129,
    0.001245,
    0.001156,
    0.001322,
    0.001274,
    0.001292,
    0.001364,
    0.001246,
    0.001249,
    0.001356,
    0.001243,
    0.001299,
    0.001331,
    0.001274,
    0.001366,
    0.001167,
    0.001122,
    0.001218,
    0.001402,
    0.001327,
    0.001266,
    0.001205,
    0.001304,
    0.001254,
    0.001402,
    0.001318,
    0.00129,
    0.001237,
    0.001343,
    0.001296,
    0.001237,
    0.001332,
    0.001231,
    0.001306,
    0.001252,
    0.001262,
    0.001258,
    0.001268,
    0.001354,
    0.001234,
    0.001269,
    0.001228,
    0.001218,
    0.001189,
    0.001177,
    0.001282,
    0.001226,
    0.001234,
    0.001213,
    0.001223,
    0.001203,
    0.001228,
    0.001249,
    0.001244,
    0.001269,
    0.001249,
    0.001292,
    0.001269,
    0.00129,
    0.001271,
    0.001327,
    0.001273,
    0.001275,
    0.001269,
    0.001244,
    0.00121,
    0.001283,
    0.001245,
    0.001251,
    0.0013,
    0.001247,
    0.00121,
    0.001316,
    0.0014,
    0.001236,
    0.001354,
    0.001207,
    0.001305,
    0.001326,
    0.001222,
    0.00114,
    0.001304,
    0.001267,
    0.001229,
    0.001216,
    0.001257,
    0.001289,
    0.00125,
    0.001261,
    0.001272,
    0.001233,
    0.001268,
    0.001313,
    0.001274,
    0.001304,
    0.001299,
    0.001262,
    0.001282,
    0.00127,
    0.001193,
    0.001263,
    0.001274,
    0.001228,
    0.001288,
    0.001225,
    0.001254,
    0.001248,
    0.001272,
    0.001253,
    0.001253,
    0.00122
  ],
  "per_company_mape": {
    "C1015": 0.086098,
    "C1033": 0.063814,
    "C1068": 0.052563,
    "C1084": 0.062996,
    "C1156": 0.043467,
    "C1208": 0.00895,
    "C121": 0.110093,
    "C1218": 0.119256,
    "C1252": 0.030154,
    "C1280": 0.115772,
    "C1313": 0.03071,
    "C1401": 0.416948,
    "C1422": 0.078061,
    "C1475": 0.982514,
    "C151": 0.168031,
    "C1554": 0.090244,
    "C1590": 0.069753,
    "C1594": 0.039428,
    "C1617": 0.249814,
    "C1624": 0.033209,
    "C1635": 0.287636,
    "C1641": 0.097924,
    "C1662": 0.055341,
    "C1675": 0.021017,
    "C1691": 0.032115,
    "C1704": 0.066333,
    "C1706": 0.172721,
    "C1709": 0.132837,
    "C1712": 0.205982,
    "C1744": 0.027112,
    "C1768": 0.12589,
    "C1770": 0.045678,
    "C1783": 0.153198,
    "C1787": 0.085829,
    "C1814": 0.101953,
    "C1817": 0.172216,
    "C1841": 0.127231,
    "C1996": 0.040819,
    "C2033": 0.464453,
    "C2040": 0.109984,
    "C2043": 0.075197,
    "C212": 0.188068,
    "C223": 0.070459,
    "C229": 0.045823,
    "C246": 0.034507,
    "C260": 0.046031,
    "C267": 0.129459,
    "C288": 0.033498,
    "C294": 0.13169,
    "C296": 0.073055,
    "C2969": 0.038562,
    "C2973": 0.053968,
    "C3011": 0.043282,
    "C3012": 0.084606,
    "C3053": 0.03643,
    "C306": 0.039303,
    "C310": 0.053758,
    "C3102": 0.108755,
    "C3130": 0.270334,
    "C3219": 0.045838,
    "C3230": 0.034282,
    "C3251": 0.050752,
    "C3419": 0.041178,
    "C3630": 0.081647,
    "C3633": 0.058341,
    "C3767": 0.089928,
    "C3774": 0.045409,
    "C3776": 0.0753,
    "C379": 0.110439,
    "C3838": 0.035652,
    "C3854": 0.06766,
    "C3856": 0.07737,
    "C391": 0.070941,
    "C3923": 0.083883,
    "C3933": 0.048307,
    "C4071": 0.086788,
    "C409": 0.050724,
    "C4102": 0.04517,
    "C411": 0.044863,