{
  "arch": "gru_baseline",
  "lob": "workers_compensation",
  "config_idx": 63,
  "dropout_rate": 0.01589,
  "learning_rate": 0.0002794,
  "batch_size": 256,
  "max_epochs": 1000,
  "gru_units": 64,
  "dense_units": 32,
  "mape": 0.0996556802709438,
  "rmspe": 0.20406773743186654,
  "n_companies": 234,
  "n_filtered": 0,
  "mape_std": 0.11342740205818848,
  "mape_p25": 0.04566796448900838,
  "mape_p75": 0.11120862374013199,
  "training_time": 77.8,
  "epochs_trained": 203,
  "best_val_loss": 0.0009827878904096515,
  "train_loss_curve": [
    0.005404,
    0.002247,
    0.001629,
    0.001476,
    0.001331,
    0.001234,
    0.001186,
    0.00117,
    0.001154,
    0.001135,
    0.001127,
    0.001151,
    0.001133,
    0.001076,
    0.001102,
    0.00111,
    0.001078,
    0.001064,
    0.001089,
    0.00106,
    0.001028,
    0.001027,
    0.001161,
    0.001044,
    0.001024,
    0.001013,
    0.001028,
    0.00102,
    0.000997,
    0.000986,
    0.001007,
    0.001008,
    0.000985,
    0.000974,
    0.001007,
    0.00097,
    0.000979,
    0.000977,
    0.000966,
    0.000944,
    0.001083,
    0.000968,
    0.000954,
    0.000952,
    0.00095,
    0.000934,
    0.000933,
    0.000948,
    0.000971,
    0.000935,
    0.000932,
    0.000939,
    0.000965,
    0.000933,
    0.00092,
    0.000908,
    0.000893,
    0.000941,
    0.000948,
    0.000939,
    0.000905,
    0.000896,
    0.00089,
    0.000885,
    0.000898,
    0.00089,
    0.000916,
    0.000889,
    0.000902,
    0.000892,
    0.000897,
    0.000874,
    0.000865,
    0.000893,
    0.000887,
    0.000865,
    0.000886,
    0.00086,
    0.000867,
    0.000853,
    0.000849,
    0.000859,
    0.00087,
    0.000902,
    0.000877,
    0.000862,
    0.000856,
    0.000861,
    0.000843,
    0.000838,
    0.000851,
    0.000848,
    0.000846,
    0.000843,
    0.000842,
    0.000846,
    0.000838,
    0.000846,
    0.000839,
    0.000866,
    0.000861,
    0.000839,
    0.000842,
    0.000831,
    0.000834,
    0.00086,
    0.000856,
    0.000837,
    0.000825,
    0.000829,
    0.000835,
    0.000819,
    0.000834,
    0.000825,
    0.000823,
    0.000821,
    0.000819,
    0.000825,
    0.000834,
    0.000825,
    0.00082,
    0.000822,
    0.000861,
    0.000839,
    0.000849,
    0.00083,
    0.000815,
    0.000818,
    0.000801,
    0.000815,
    0.000816,
    0.000815,
    0.000821,
    0.000815,
    0.000829,
    0.000837,
    0.000842,
    0.000813,
    0.000803,
    0.000803,
    0.00081,
    0.000824,
    0.000839,
    0.000832,
    0.000807,
    0.000806,
    0.000804,
    0.000808,
    0.000799,
    0.000793,
    0.0008,
    0.000804,
    0.000822,
    0.000814,
    0.000795,
    0.000794,
    0.000794,
    0.000808,
    0.000792,
    0.000789,
    0.000801,
    0.000799,
    0.000797,
    0.000798,
    0.000813,
    0.000811,
    0.000819,
    0.000795,
    0.000787,
    0.000782,
    0.000794,
    0.000793,
    0.000784,
    0.000779,
    0.000822,
    0.000827,
    0.000781,
    0.000793,
    0.000793,
    0.000786,
    0.000784,
    0.000869,
    0.000785,
    0.000802,
    0.000789,
    0.000774,
    0.000788,
    0.000784,
    0.000783,
    0.000786,
    0.000779,
    0.000793,
    0.000785,
    0.000796,
    0.000805,
    0.000782,
    0.000779,
    0.00083,
    0.000783,
    0.00077,
    0.000794,
    0.000789,
    0.000778
  ],
  "val_loss_curve": [
    0.006027,
    0.002858,
    0.001778,
    0.001491,
    0.001286,
    0.001198,
    0.001155,
    0.001143,
    0.001119,
    0.00113,
    0.001097,
    0.001079,
    0.001094,
    0.001118,
    0.001072,
    0.001106,
    0.001092,
    0.001067,
    0.00106,
    0.001066,
    0.001051,
    0.00107,
    0.001058,
    0.001054,
    0.00109,
    0.00106,
    0.00109,
    0.001084,
    0.001065,
    0.001068,
    0.001062,
    0.00106,
    0.001061,
    0.001046,
    0.001066,
    0.001062,
    0.001077,
    0.001052,
    0.001051,
    0.001085,
    0.001039,
    0.001063,
    0.001059,
    0.00103,
    0.001056,
    0.001028,
    0.001057,
    0.001046,
    0.001044,
    0.001059,
    0.00102,
    0.001023,
    0.001053,
    0.00104,
    0.001028,
    0.00102,
    0.001006,
    0.001031,
    0.001007,
    0.001027,
    0.001035,
    0.001035,
    0.001038,
    0.001014,
    0.001039,
    0.001016,
    0.001009,
    0.00107,
    0.001016,
    0.001017,
    0.00103,
    0.001027,
    0.001059,
    0.00103,
    0.00102,
    0.001038,
    0.001016,
    0.001034,
    0.001024,
    0.001008,
    0.001012,
    0.001029,
    0.00102,
    0.001017,
    0.001014,
    0.001001,
    0.001007,
    0.001027,
    0.001009,
    0.001029,
    0.001002,
    0.001014,
    0.001023,
    0.001028,
    0.001009,
    0.001012,
    0.000994,
    0.001,
    0.001012,
    0.001009,
    0.001003,
    0.001006,
    0.001007,
    0.001004,
    0.001041,
    0.000994,
    0.001003,
    0.001001,
    0.001002,
    0.001011,
    0.001006,
    0.001011,
    0.001029,
    0.001023,
    0.001008,
    0.001015,
    0.000999,
    0.001027,
    0.001007,
    0.001025,
    0.001012,
    0.001009,
    0.001014,
    0.000988,
    0.001003,
    0.001001,
    0.001004,
    0.001002,
    0.000999,
    0.000986,
    0.000994,
    0.00099,
    0.000996,
    0.001016,
    0.001004,
    0.000993,
    0.001008,
    0.001013,
    0.001026,
    0.000996,
    0.000983,
    0.001006,
    0.001082,
    0.001012,
    0.000999,
    0.001012,
    0.000996,
    0.001,
    0.001005,
    0.001005,
    0.001026,
    0.001008,
    0.000996,
    0.000998,
    0.000995,
    0.000997,
    0.001019,
    0.001005,
    0.001003,
    0.000996,
    0.000989,
    0.001004,
    0.000985,
    0.001004,
    0.000992,
    0.001021,
    0.000995,
    0.000992,
    0.001001,
    0.001001,
    0.001009,
    0.001007,
    0.001012,
    0.000997,
    0.000983,
    0.001008,
    0.001044,
    0.001028,
    0.000995,
    0.001003,
    0.001028,
    0.000986,
    0.001035,
    0.001008,
    0.000999,
    0.001008,
    0.00101,
    0.000986,
    0.000996,
    0.001005,
    0.000994,
    0.001021,
    0.001016,
    0.000993,
    0.001007,
    0.000989,
    0.001007,
    0.000997,
    0.001017,
    0.000998,
    0.000991,
    0.001001,
    0.001006
  ],
  "per_company_mape": {
    "C1015": 0.075556,
    "C1033": 0.064796,
    "C1068": 0.038559,
    "C1084": 0.054222,
    "C1156": 0.088365,
    "C1208": 0.049725,
    "C121": 0.125662,
    "C1218": 0.152936,
    "C1252": 0.033341,
    "C1280": 0.115006,
    "C1313": 0.071674,
    "C1401": 0.301705,
    "C1422": 0.035409,
    "C1475": 0.74597,
    "C151": 0.098839,
    "C1554": 0.06607,
    "C1590": 0.077858,
    "C1594": 0.033642,
    "C1617": 0.130845,
    "C1624": 0.041394,
    "C1635": 0.241763,
    "C1641": 0.045871,
    "C1662": 0.084556,
    "C1675": 0.026893,
    "C1691": 0.03347,
    "C1704": 0.058231,
    "C1706": 0.196432,
    "C1709": 0.067572,
    "C1712": 0.109553,
    "C1744": 0.014765,
    "C1768": 0.181331,
    "C1770": 0.061324,
    "C1783": 0.115309,
    "C1787": 0.050048,
    "C1814": 0.085504,
    "C1817": 0.140188,
    "C1841": 0.127523,
    "C1996": 0.035861,
    "C2033": 0.343321,
    "C2040": 0.135967,
    "C2043": 0.067608,
    "C212": 0.225551,
    "C223": 0.055562,
    "C229": 0.052425,
    "C246": 0.037831,
    "C260": 0.054852,
    "C267": 0.185227,
    "C288": 0.050774,
    "C294": 0.111621,
    "C296": 0.029827,
    "C2969": 0.053879,
    "C2973": 0.044271,
    "C3011": 0.037036,
    "C3012": 0.09343,
    "C3053": 0.062791,
    "C306": 0.046061,
    "C310": 0.041381,
    "C3102": 0.095321,
    "C3130": 0.160518,
    "C3219": 0.043721,
    "C3230": 0.064203,
    "C3251": 0.064165,
    "C3419": 0.043644,
    "C3630": 0.150136,
    "C3633": 0.074485,
    "C3767": 0.218404,
    "C3774": 0.0456,
    "C3776": 0.062029,
    "C379": 0.116512,
    "C3838": 0.024502,
    "C3854": 0.121464,
    "C3856": 0.069503,
    "C391": 0.063306,
    "C3923": 0.154192,
    "C3933": 0.054349,
    "C4071": 0.094433,
    "C409": 0.061688,