{
  "arch": "gru_baseline",
  "lob": "workers_compensation",
  "config_idx": 33,
  "dropout_rate": 0.01193,
  "learning_rate": 0.0001263,
  "batch_size": 256,
  "max_epochs": 500,
  "gru_units": 128,
  "dense_units": 64,
  "mape": 0.09021916557598782,
  "rmspe": 0.16395722489150732,
  "n_companies": 234,
  "n_filtered": 0,
  "training_time": 342.84,
  "epochs_trained": 205,
  "best_val_loss": 0.0009790995391085744
}