{
  "arch": "gru_baseline",
  "lob": "workers_compensation",
  "config_idx": 13,
  "dropout_rate": 0.032,
  "learning_rate": 0.0002942,
  "batch_size": 1024,
  "max_epochs": 500,
  "gru_units": 128,
  "dense_units": 64,
  "mape": 0.09210228454604626,
  "rmspe": 0.17551235573366467,
  "n_companies": 234,
  "n_filtered": 0,
  "training_time": 465.86,
  "epochs_trained": 213,
  "best_val_loss": 0.0010668678442016244
}