{
  "arch": "gru_baseline",
  "lob": "workers_compensation",
  "config_idx": 83,
  "dropout_rate": 0.25991,
  "learning_rate": 0.0001041,
  "batch_size": 512,
  "max_epochs": 1000,
  "gru_units": 256,
  "dense_units": 128,
  "mape": 0.1172243166485081,
  "rmspe": 0.2850519521777595,
  "n_companies": 234,
  "n_filtered": 0,
  "mape_std": 0.16371408552056885,
  "mape_p25": 0.05505780108744668,
  "mape_p75": 0.11356927055852178,
  "training_time": 83.76,
  "epochs_trained": 214,
  "best_val_loss": 0.0018136878830513784,
  "train_loss_curve": [
    0.006574,
    0.004134,
    0.003272,
    0.002736,
    0.002378,
    0.002163,
    0.001992,
    0.00184,
    0.001767,
    0.001701,
    0.001661,
    0.001634,
    0.001609,
    0.001577,
    0.00155,
    0.001524,
    0.001504,
    0.001507,
    0.001478,
    0.001469,
    0.001462,
    0.001434,
    0.001434,
    0.001435,
    0.001408,
    0.001401,
    0.001409,
    0.001399,
    0.001379,
    0.001385,
    0.001372,
    0.001365,
    0.001351,
    0.001351,
    0.00134,
    0.001329,
    0.001329,
    0.001319,
    0.001321,
    0.001325,
    0.001339,
    0.001324,
    0.001309,
    0.001304,
    0.001308,
    0.001309,
    0.001311,
    0.001311,
    0.001299,
    0.001288,
    0.001278,
    0.001287,
    0.001286,
    0.001308,
    0.001284,
    0.001288,
    0.001278,
    0.001282,
    0.001271,
    0.001246,
    0.001254,
    0.001269,
    0.001271,
    0.001256,
    0.001259,
    0.001271,
    0.001244,
    0.00124,
    0.001257,
    0.00123,
    0.001238,
    0.001247,
    0.001247,
    0.00124,
    0.001251,
    0.001246,
    0.001224,
    0.001252,
    0.001235,
    0.00123,
    0.001229,
    0.00122,
    0.001237,
    0.001216,
    0.00123,
    0.001217,
    0.001221,
    0.001233,
    0.00121,
    0.001226,
    0.001216,
    0.001217,
    0.001215,
    0.001218,
    0.001215,
    0.001216,
    0.001219,
    0.001216,
    0.001213,
    0.001203,
    0.001212,
    0.001201,
    0.0012,
    0.00121,
    0.001228,
    0.001223,
    0.001208,
    0.001198,
    0.001218,
    0.001199,
    0.001211,
    0.001215,
    0.001206,
    0.001203,
    0.001201,
    0.001211,
    0.001196,
    0.001206,
    0.001194,
    0.001202,
    0.001214,
    0.001206,
    0.001199,
    0.001197,
    0.001189,
    0.0012,
    0.001181,
    0.00119,
    0.001183,
    0.001199,
    0.001188,
    0.001186,
    0.00119,
    0.001202,
    0.001202,
    0.001179,
    0.001192,
    0.001199,
    0.001189,
    0.0012,
    0.001202,
    0.00119,
    0.00119,
    0.0012,
    0.001175,
    0.001189,
    0.001179,
    0.001186,
    0.001185,
    0.001176,
    0.001191,
    0.001194,
    0.001187,
    0.001191,
    0.001179,
    0.001177,
    0.001195,
    0.001191,
    0.001187,
    0.001193,
    0.001183,
    0.001167,
    0.001199,
    0.001172,
    0.00118,
    0.001181,
    0.001177,
    0.001189,
    0.001176,
    0.001168,
    0.001188,
    0.001195,
    0.001175,
    0.001186,
    0.001186,
    0.001179,
    0.001181,
    0.001186,
    0.001196,
    0.00119,
    0.001187,
    0.001186,
    0.001187,
    0.001175,
    0.001181,
    0.00118,
    0.001178,
    0.001177,
    0.00117,
    0.001173,
    0.001171,
    0.001186,
    0.001176,
    0.001173,
    0.001173,
    0.001178,
    0.001179,
    0.001199,
    0.001168,
    0.00119,
    0.001172,
    0.00117,
    0.001168,
    0.00117,
    0.001173,
    0.001174,
    0.001192,
    0.001171,
    0.001172,
    0.001168,
    0.00117,
    0.00118,
    0.00117,
    0.001164
  ],
  "val_loss_curve": [
    0.010454,
    0.006107,
    0.004449,
    0.003475,
    0.002956,
    0.002633,
    0.00237,
    0.0022,
    0.002099,
    0.002063,
    0.002039,
    0.001976,
    0.001979,
    0.001902,
    0.001915,
    0.001877,
    0.001887,
    0.001911,
    0.001918,
    0.001878,
    0.00184,
    0.001877,
    0.001901,
    0.001858,
    0.001865,
    0.001836,
    0.001932,
    0.001859,
    0.001854,
    0.001871,
    0.001814,
    0.00184,
    0.001854,
    0.001882,
    0.001877,
    0.001901,
    0.001886,
    0.001942,
    0.001889,
    0.001896,
    0.001876,
    0.001934,
    0.001861,
    0.001896,
    0.001921,
    0.001895,
    0.001916,
    0.001937,
    0.001941,
    0.001965,
    0.001945,
    0.001868,
    0.001902,
    0.001983,
    0.001925,
    0.001913,
    0.002014,
    0.001983,
    0.001968,
    0.002043,
    0.001925,
    0.001942,
    0.001953,
    0.001957,
    0.00197,
    0.001925,
    0.001985,
    0.00205,
    0.001999,
    0.002012,
    0.001956,
    0.002022,
    0.001934,
    0.00192,
    0.002014,
    0.002033,
    0.00199,
    0.002006,
    0.001956,
    0.002042,
    0.00204,
    0.002039,
    0.002033,
    0.002034,
    0.00205,
    0.002043,
    0.002018,
    0.002018,
    0.002039,
    0.002023,
    0.002041,
    0.002076,
    0.002039,
    0.002014,
    0.001987,
    0.00203,
    0.001987,
    0.00203,
    0.00206,
    0.002077,
    0.002017,
    0.002052,
    0.002028,
    0.001946,
    0.002061,
    0.002015,
    0.001999,
    0.002062,
    0.002043,
    0.002083,
    0.002045,
    0.002003,
    0.002019,
    0.002055,
    0.002068,
    0.002105,
    0.002017,
    0.002043,
    0.002045,
    0.002041,
    0.002038,
    0.002086,
    0.002078,
    0.002033,
    0.002064,
    0.00206,
    0.002043,
    0.002051,
    0.002054,
    0.002066,
    0.002055,
    0.00205,
    0.002031,
    0.002065,
    0.002067,
    0.002083,
    0.002024,
    0.002058,
    0.002039,
    0.002057,
    0.002061,
    0.002035,
    0.002049,
    0.002084,
    0.002064,
    0.002069,
    0.002072,
    0.00207,
    0.002072,
    0.002052,
    0.002071,
    0.002079,
    0.002058,
    0.002053,
    0.002072,
    0.002069,
    0.002082,
    0.002062,
    0.002053,
    0.002024,
    0.002033,
    0.002048,
    0.002033,
    0.002059,
    0.002086,
    0.002047,
    0.002088,
    0.002061,
    0.002055,
    0.0021,
    0.002052,
    0.002057,
    0.002058,
    0.00204,
    0.002071,
    0.00206,
    0.002034,
    0.002087,
    0.002086,
    0.002032,
    0.002041,
    0.002065,
    0.00202,
    0.002064,
    0.00207,
    0.002068,
    0.002042,
    0.002052,
    0.002059,
    0.002049,
    0.002062,
    0.002067,
    0.002074,
    0.002071,
    0.002057,
    0.002083,
    0.002064,
    0.002064,
    0.002053,
    0.002056,
    0.002057,
    0.002048,
    0.002052,
    0.002085,
    0.00205,
    0.002075,
    0.002063,
    0.002082,
    0.002055,
    0.002063,
    0.002065,
    0.002071,
    0.002071,
    0.002059
  ],
  "per_company_mape": {
    "C1015": 0.089394,
    "C1033": 0.066786,
    "C1068": 0.113691,
    "C1084": 0.048086,
    "C1156": 0.124412,
    "C1208": 0.042513,
    "C121": 0.085017,
    "C1218": 0.139438,
    "C1252": 0.056159,
    "C1280": 0.082182,
    "C1313": 0.027874,
    "C1401": 0.328466,
    "C1422": 0.04238,
    "C1475": 1.221481,
    "C151": 0.275518,
    "C1554": 0.090088,
    "C1590": 0.061003,
    "C1594": 0.085028,
    "C1617": 0.28241,
    "C1624": 0.057708,
    "C1635": 0.747404,
    "C1641": 0.068709,
    "C1662": 0.141717,
    "C1675": 0.130848,
    "C1691": 0.047753,
    "C1704": 0.077326,
    "C1706": 0.143082,
    "C1709": 0.114192,
    "C1712": 0.220154,
    "C1744": 0.101179,
    "C1768": 0.110531,
    "C1770": 0.054181,
    "C1783": 0.174146,
    "C1787": 0.158676,
    "C1814": 0.205328,
    "C1817": 0.121115,
    "C1841": 0.102919,
    "C1996": 0.039343,
    "C2033": 0.440453,
    "C2040": 0.107033,
    "C2043": 0.095937,
    "C212": 0.07555,
    "C223": 0.150465,
    "C229": 0.076448,
    "C246": 0.046893,
    "C260": 0.044609,
    "C267": 0.227714,
    "C288": 0.049602,
    "C294": 0.070384,
    "C296": 0.094097,
    "C2969": 0.069531,
    "C2973": 0.104498,
    "C3011": 0.066309,
    "C3012": 0.169175,
    "C3053": 0.015569,
    "C306": 0.087686,
    "C310": 0.071999,
    "C3102": 0.113206,
    "C3130": 0.296787,
    "C3219": 0.073299,
    "C3230": 0.09467,
    "C3251": 0.077149,
    "C3419": 0.071556,
    "C3630": 0.082942,