{
  "arch": "gru_baseline",
  "lob": "workers_compensation",
  "config_idx": 75,
  "dropout_rate": 0.08303,
  "learning_rate": 0.0034081,
  "batch_size": 512,
  "max_epochs": 1000,
  "gru_units": 256,
  "dense_units": 64,
  "mape": 0.09572667798467527,
  "rmspe": 0.1600899467374541,
  "n_companies": 234,
  "n_filtered": 0,
  "mape_std": 0.09283008419318124,
  "mape_p25": 0.04722602914428444,
  "mape_p75": 0.11169729919024614,
  "training_time": 124.84,
  "epochs_trained": 201,
  "best_val_loss": 0.00110062157701967,
  "train_loss_curve": [
    0.004099,
    0.001474,
    0.001346,
    0.001245,
    0.001184,
    0.001157,
    0.001124,
    0.001104,
    0.001085,
    0.001056,
    0.001062,
    0.001035,
    0.001034,
    0.001031,
    0.001025,
    0.001006,
    0.001001,
    0.000979,
    0.000986,
    0.000985,
    0.000976,
    0.000965,
    0.000968,
    0.000944,
    0.000944,
    0.000944,
    0.000958,
    0.000953,
    0.000947,
    0.00094,
    0.000932,
    0.000946,
    0.000915,
    0.000926,
    0.000919,
    0.000905,
    0.000906,
    0.00089,
    0.000912,
    0.000909,
    0.000913,
    0.000895,
    0.000901,
    0.000908,
    0.000887,
    0.000873,
    0.000877,
    0.00089,
    0.000901,
    0.000873,
    0.00088,
    0.000873,
    0.000862,
    0.000895,
    0.00087,
    0.000862,
    0.000857,
    0.000856,
    0.00087,
    0.000847,
    0.00084,
    0.000845,
    0.000836,
    0.000831,
    0.000806,
    0.000814,
    0.000825,
    0.000802,
    0.000803,
    0.000809,
    0.000819,
    0.00081,
    0.000811,
    0.000791,
    0.000794,
    0.000811,
    0.000798,
    0.0008,
    0.000806,
    0.000806,
    0.000784,
    0.000804,
    0.000787,
    0.0008,
    0.0008,
    0.00079,
    0.000787,
    0.000791,
    0.000787,
    0.000791,
    0.0008,
    0.000788,
    0.000788,
    0.000787,
    0.00078,
    0.000796,
    0.000781,
    0.000777,
    0.000786,
    0.000774,
    0.000787,
    0.000782,
    0.000792,
    0.000778,
    0.00077,
    0.000781,
    0.000767,
    0.000772,
    0.00077,
    0.00077,
    0.000764,
    0.000773,
    0.000793,
    0.000773,
    0.000768,
    0.00078,
    0.00077,
    0.000762,
    0.000745,
    0.000745,
    0.000763,
    0.000749,
    0.000744,
    0.00074,
    0.000766,
    0.000756,
    0.000752,
    0.000747,
    0.000754,
    0.000743,
    0.00075,
    0.000748,
    0.000739,
    0.000735,
    0.000737,
    0.000747,
    0.000737,
    0.000738,
    0.000747,
    0.000739,
    0.000745,
    0.000736,
    0.000739,
    0.000745,
    0.000744,
    0.000753,
    0.000734,
    0.000747,
    0.000749,
    0.000739,
    0.00074,
    0.000742,
    0.000728,
    0.000736,
    0.000744,
    0.000731,
    0.000741,
    0.000733,
    0.000736,
    0.000744,
    0.000736,
    0.000735,
    0.000738,
    0.000739,
    0.000733,
    0.000738,
    0.000734,
    0.000742,
    0.00074,
    0.000727,
    0.00073,
    0.000723,
    0.000716,
    0.000722,
    0.000729,
    0.000732,
    0.000716,
    0.00072,
    0.000724,
    0.000724,
    0.000722,
    0.000709,
    0.000722,
    0.000718,
    0.000718,
    0.000722,
    0.00072,
    0.000724,
    0.000712,
    0.00072,
    0.000718,
    0.000718,
    0.00072,
    0.000711,
    0.000714,
    0.000725,
    0.000717,
    0.000716,
    0.000722,
    0.000717,
    0.000705
  ],
  "val_loss_curve": [
    0.001496,
    0.001365,
    0.001336,
    0.001307,
    0.001254,
    0.001254,
    0.001362,
    0.001221,
    0.001335,
    0.001163,
    0.001135,
    0.001191,
    0.001103,
    0.00115,
    0.001135,
    0.00118,
    0.001222,
    0.001187,
    0.00138,
    0.001328,
    0.001249,
    0.001237,
    0.001312,
    0.001127,
    0.001199,
    0.001268,
    0.001512,
    0.001217,
    0.001317,
    0.001121,
    0.001192,
    0.001214,
    0.001163,
    0.001129,
    0.001448,
    0.001235,
    0.001172,
    0.001347,
    0.001106,
    0.001444,
    0.001126,
    0.00129,
    0.001316,
    0.001308,
    0.00125,
    0.001228,
    0.001155,
    0.001191,
    0.001178,
    0.001264,
    0.001308,
    0.001193,
    0.001177,
    0.001246,
    0.001184,
    0.001349,
    0.001151,
    0.001166,
    0.001361,
    0.001142,
    0.001261,
    0.001268,
    0.001371,
    0.001251,
    0.001189,
    0.001248,
    0.001101,
    0.001289,
    0.001232,
    0.00111,
    0.001177,
    0.001198,
    0.001198,
    0.001237,
    0.001205,
    0.001323,
    0.001247,
    0.00116,
    0.001199,
    0.001281,
    0.001245,
    0.001229,
    0.001119,
    0.001159,
    0.001218,
    0.001239,
    0.001194,
    0.001233,
    0.001173,
    0.001192,
    0.001208,
    0.001198,
    0.001324,
    0.001216,
    0.001227,
    0.001219,
    0.001212,
    0.001218,
    0.001167,
    0.001294,
    0.001309,
    0.001171,
    0.001235,
    0.001208,
    0.001235,
    0.001265,
    0.001309,
    0.001252,
    0.001237,
    0.001219,
    0.00119,
    0.001185,
    0.001317,
    0.001233,
    0.001235,
    0.001213,
    0.001275,
    0.00124,
    0.00123,
    0.001264,
    0.001235,
    0.001278,
    0.001179,
    0.001238,
    0.001311,
    0.001275,
    0.001193,
    0.001181,
    0.001177,
    0.001219,
    0.001261,
    0.001219,
    0.001248,
    0.001277,
    0.001206,
    0.001215,
    0.001189,
    0.001185,
    0.001257,
    0.001221,
    0.00119,
    0.00123,
    0.001251,
    0.001223,
    0.001247,
    0.001243,
    0.001205,
    0.001256,
    0.001205,
    0.001199,
    0.001221,
    0.001233,
    0.001229,
    0.00128,
    0.001229,
    0.001252,
    0.001244,
    0.001233,
    0.001258,
    0.001177,
    0.00124,
    0.001216,
    0.001173,
    0.00129,
    0.001206,
    0.001269,
    0.001207,
    0.001239,
    0.001249,
    0.001224,
    0.001237,
    0.001245,
    0.001227,
    0.001221,
    0.001219,
    0.001238,
    0.001229,
    0.001185,
    0.001222,
    0.001229,
    0.001204,
    0.001255,
    0.001253,
    0.001189,
    0.001219,
    0.001209,
    0.001236,
    0.001217,
    0.001239,
    0.001215,
    0.001253,
    0.001223,
    0.001217,
    0.001242,
    0.001223,
    0.001241,
    0.001239,
    0.001176,
    0.001226,
    0.001221,
    0.001219
  ],
  "per_company_mape": {
    "C1015": 0.075384,
    "C1033": 0.070071,
    "C1068": 0.046658,
    "C1084": 0.117104,
    "C1156": 0.047799,
    "C1208": 0.031182,
    "C121": 0.116767,
    "C1218": 0.122989,
    "C1252": 0.076,
    "C1280": 0.115007,
    "C1313": 0.063712,
    "C1401": 0.428612,
    "C1422": 0.088733,
    "C1475": 0.138586,
    "C151": 0.14678,
    "C1554": 0.088091,
    "C1590": 0.071326,
    "C1594": 0.037059,
    "C1617": 0.073891,
    "C1624": 0.032265,
    "C1635": 0.622591,
    "C1641": 0.026549,
    "C1662": 0.036704,
    "C1675": 0.0336,
    "C1691": 0.049386,
    "C1704": 0.069742,
    "C1706": 0.229322,
    "C1709": 0.053314,
    "C1712": 0.117283,
    "C1744": 0.036277,
    "C1768": 0.118544,
    "C1770": 0.046469,
    "C1783": 0.157269,
    "C1787": 0.062748,
    "C1814": 0.086611,
    "C1817": 0.130286,
    "C1841": 0.084381,
    "C1996": 0.059668,
    "C2033": 0.245517,
    "C2040": 0.063448,
    "C2043": 0.064089,
    "C212": 0.200966,
    "C223": 0.075842,
    "C229": 0.055061,
    "C246": 0.052173,
    "C260": 0.067774,
    "C267": 0.113808,
    "C288": 0.042672,
    "C294": 0.086365,
    "C296": 0.042704,
    "C2969": 0.048734,
    "C2973": 0.031478,
    "C3011": 0.054166,
    "C3012": 0.08746,
    "C3053": 0.08582,
    "C306": 0.052284,
    "C310": 0.084788,
    "C3102": 0.163215,
    "C3130": 0.059973,
    "C3219": 0.053376,
    "C3230": 0.087519,
    "C3251": 0.046537,
    "C3419": 0.046183,
    "C3630": 0.137749,
    "C3633": 0.062446,
    "C3767": 0.12054,
    "C3774": 0.058731,
    "C3776": 0.062247,
    "C379": 0.090064,
    "C3838": 0.026092,
    "C3854": 0.066477,
    "C3856": 0.076844,
    "C391": 0.091602,
    "C3923": 0.052163,
    "C3933": 0.061198,
    "C4071": 0.085239,
    "C409": 0.03386,
    "C4102": 0.031638,
    "C411": 0.048402,
    "C4146": 0.255678,