{
  "arch": "gru_baseline",
  "lob": "workers_compensation",
  "config_idx": 52,
  "dropout_rate": 0.02073,
  "learning_rate": 0.002396,
  "batch_size": 512,
  "max_epochs": 1000,
  "gru_units": 64,
  "dense_units": 128,
  "mape": 0.11216264881284904,
  "rmspe": 0.18205362982552095,
  "n_companies": 234,
  "n_filtered": 0,
  "mape_std": 0.08340463417071937,
  "mape_p25": 0.05828418226596288,
  "mape_p75": 0.13603385528938366,
  "training_time": 60.25,
  "epochs_trained": 201,
  "best_val_loss": 0.000972126261331141,
  "train_loss_curve": [
    0.003067,
    0.001271,
    0.001166,
    0.001132,
    0.001077,
    0.001038,
    0.001003,
    0.000977,
    0.000945,
    0.000943,
    0.000912,
    0.000906,
    0.000898,
    0.000887,
    0.000865,
    0.000861,
    0.000871,
    0.000841,
    0.000838,
    0.000838,
    0.000824,
    0.000817,
    0.000843,
    0.000802,
    0.00081,
    0.000799,
    0.000796,
    0.000794,
    0.000796,
    0.00079,
    0.000773,
    0.000769,
    0.000785,
    0.000765,
    0.000765,
    0.000759,
    0.000759,
    0.000761,
    0.000757,
    0.00075,
    0.000746,
    0.000744,
    0.000744,
    0.000741,
    0.000738,
    0.000732,
    0.000735,
    0.000726,
    0.000721,
    0.000718,
    0.000717,
    0.000732,
    0.000745,
    0.000726,
    0.000709,
    0.000714,
    0.000702,
    0.000714,
    0.000715,
    0.000705,
    0.000712,
    0.000679,
    0.000674,
    0.000672,
    0.000663,
    0.000669,
    0.000666,
    0.000665,
    0.000672,
    0.000663,
    0.00067,
    0.000671,
    0.000661,
    0.000653,
    0.000665,
    0.000664,
    0.000657,
    0.000658,
    0.000655,
    0.000653,
    0.000658,
    0.000654,
    0.000658,
    0.000648,
    0.000657,
    0.000647,
    0.000646,
    0.000659,
    0.000643,
    0.000643,
    0.000647,
    0.000646,
    0.000642,
    0.000648,
    0.000642,
    0.00065,
    0.000643,
    0.000638,
    0.000638,
    0.000645,
    0.000644,
    0.000639,
    0.000641,
    0.000637,
    0.000642,
    0.000637,
    0.000627,
    0.000631,
    0.000641,
    0.000635,
    0.000631,
    0.000632,
    0.000618,
    0.000623,
    0.000613,
    0.000615,
    0.000619,
    0.000614,
    0.000615,
    0.00061,
    0.000613,
    0.000615,
    0.000612,
    0.000616,
    0.000609,
    0.000608,
    0.00061,
    0.000612,
    0.000606,
    0.00061,
    0.000606,
    0.000607,
    0.00061,
    0.000611,
    0.000611,
    0.000601,
    0.000619,
    0.000606,
    0.000612,
    0.000611,
    0.000608,
    0.00061,
    0.000606,
    0.000597,
    0.000599,
    0.000597,
    0.000604,
    0.000593,
    0.000609,
    0.000607,
    0.000603,
    0.000598,
    0.000597,
    0.000602,
    0.000601,
    0.000599,
    0.000603,
    0.000602,
    0.000606,
    0.000601,
    0.000605,
    0.000603,
    0.000597,
    0.000593,
    0.000593,
    0.000592,
    0.00059,
    0.00059,
    0.000587,
    0.000584,
    0.000585,
    0.000594,
    0.000588,
    0.000584,
    0.000588,
    0.000582,
    0.000595,
    0.000588,
    0.000585,
    0.000586,
    0.000587,
    0.000595,
    0.000608,
    0.000589,
    0.000591,
    0.000592,
    0.00059,
    0.000586,
    0.000586,
    0.000574,
    0.000585,
    0.000588,
    0.000581,
    0.000583,
    0.00059,
    0.000585,
    0.000581,
    0.000596,
    0.000582,
    0.000588,
    0.000587
  ],
  "val_loss_curve": [
    0.001408,
    0.001159,
    0.001138,
    0.001097,
    0.001122,
    0.001097,
    0.001075,
    0.001028,
    0.001022,
    0.000972,
    0.001126,
    0.001046,
    0.000989,
    0.000976,
    0.000985,
    0.001015,
    0.001001,
    0.001095,
    0.001049,
    0.001104,
    0.001019,
    0.001014,
    0.001011,
    0.001091,
    0.001038,
    0.001064,
    0.001029,
    0.001049,
    0.001009,
    0.001057,
    0.001047,
    0.001014,
    0.001034,
    0.001016,
    0.001051,
    0.001092,
    0.001025,
    0.001051,
    0.001029,
    0.001051,
    0.00105,
    0.001066,
    0.00111,
    0.001057,
    0.001098,
    0.001069,
    0.001053,
    0.001071,
    0.001091,
    0.001029,
    0.00106,
    0.001111,
    0.001037,
    0.001019,
    0.001043,
    0.001059,
    0.001014,
    0.00106,
    0.00105,
    0.001033,
    0.001007,
    0.001032,
    0.001019,
    0.001056,
    0.001029,
    0.001028,
    0.001021,
    0.001034,
    0.001046,
    0.001064,
    0.00109,
    0.001049,
    0.001051,
    0.001047,
    0.001039,
    0.001045,
    0.001049,
    0.00106,
    0.001062,
    0.001028,
    0.001049,
    0.001042,
    0.001064,
    0.001035,
    0.001059,
    0.001052,
    0.001051,
    0.001031,
    0.001068,
    0.001043,
    0.001046,
    0.001062,
    0.001061,
    0.001064,
    0.001049,
    0.001077,
    0.001068,
    0.00106,
    0.001099,
    0.001111,
    0.001046,
    0.001035,
    0.001085,
    0.00106,
    0.001052,
    0.001078,
    0.001049,
    0.001076,
    0.001077,
    0.001074,
    0.001114,
    0.001051,
    0.001057,
    0.001051,
    0.001048,
    0.001039,
    0.001087,
    0.001061,
    0.001057,
    0.001053,
    0.001064,
    0.001054,
    0.001047,
    0.00107,
    0.001092,
    0.001097,
    0.001068,
    0.001062,
    0.001059,
    0.001061,
    0.001057,
    0.001051,
    0.00105,
    0.001049,
    0.001066,
    0.001072,
    0.001089,
    0.001092,
    0.001048,
    0.001066,
    0.001075,
    0.001061,
    0.00109,
    0.001057,
    0.001083,
    0.001063,
    0.001078,
    0.001093,
    0.001126,
    0.001076,
    0.001063,
    0.001076,
    0.00107,
    0.001072,
    0.001066,
    0.001098,
    0.001075,
    0.001094,
    0.001104,
    0.001074,
    0.001054,
    0.001056,
    0.001075,
    0.001084,
    0.001061,
    0.001087,
    0.00108,
    0.001063,
    0.001082,
    0.00107,
    0.001068,
    0.001074,
    0.001067,
    0.001067,
    0.001071,
    0.001083,
    0.001077,
    0.001076,
    0.001075,
    0.001063,
    0.001078,
    0.001076,
    0.001072,
    0.001068,
    0.001092,
    0.001084,
    0.001068,
    0.001072,
    0.001072,
    0.001078,
    0.001071,
    0.001077,
    0.001083,
    0.001097,
    0.001085,
    0.001072,
    0.001071,
    0.001082,
    0.001071,
    0.001077,
    0.001062
  ],
  "per_company_mape": {
    "C1015": 0.084797,
    "C1033": 0.038514,
    "C1068": 0.059564,
    "C1084": 0.098252,
    "C1156": 0.031013,
    "C1208": 0.023988,
    "C121": 0.13735,
    "C1218": 0.192732,
    "C1252": 0.029304,
    "C1280": 0.260358,
    "C1313": 0.075836,
    "C1401": 0.464171,
    "C1422": 0.082259,
    "C1475": 0.512135,
    "C151": 0.114101,
    "C1554": 0.0997,
    "C1590": 0.067626,
    "C1594": 0.109483,
    "C1617": 0.036027,
    "C1624": 0.032525,
    "C1635": 0.264425,
    "C1641": 0.041529,
    "C1662": 0.037157,
    "C1675": 0.023218,
    "C1691": 0.028371,
    "C1704": 0.059619,
    "C1706": 0.251058,
    "C1709": 0.05669,
    "C1712": 0.215287,
    "C1744": 0.051447,
    "C1768": 0.229318,
    "C1770": 0.051633,
    "C1783": 0.150784,
    "C1787": 0.034514,
    "C1814": 0.106347,
    "C1817": 0.132745,
    "C1841": 0.138301,
    "C1996": 0.026294,
    "C2033": 0.288434,
    "C2040": 0.085233,
    "C2043": 0.100669,
    "C212": 0.264648,
    "C223": 0.068522,
    "C229": 0.07505,
    "C246": 0.056245,
    "C260": 0.090736,
    "C267": 0.062013,
    "C288": 0.087483,
    "C294": 0.110202,
    "C296": 0.088678,
    "C2969": 0.063254,
    "C2973": 0.075753,
    "C3011": 0.067469,
    "C3012": 0.169116,
    "C3053": 0.066578,
    "C306": 0.075963,
    "C310": 0.039191,
    "C3102": 0.154968,
    "C3130": 0.073449,
    "C3219": 0.050165,
    "C3230": 0.064941,
    "C3251": 0.039174,
    "C3419": 0.051758,
    "C3630": 0.180009,
    "C3633": 0.069984,
    "C3767": 0.159693,
    "C3774": 0.039048,
    "C3776": 0.166009,
    "C379": 0.094067,
    "C3838": 0.077573,
    "C3854": 0.076161,
    "C3856": 0.083463,
    "C391": 0.094128,
    "C3923": 0.084386,
    "C3933": 0.071848,
    "C4071": 0.064699,
    "C409": 0.026763,
    "C4102": 0.102877,
    "C411": 0.051813,