{
  "arch": "gru_baseline",
  "lob": "workers_compensation",
  "config_idx": 82,
  "dropout_rate": 0.20588,
  "learning_rate": 0.0002496,
  "batch_size": 512,
  "max_epochs": 500,
  "gru_units": 64,
  "dense_units": 32,
  "mape": 0.1054878798487107,
  "rmspe": 0.24490373657017464,
  "n_companies": 234,
  "n_filtered": 0,
  "mape_std": 0.12168835316879548,
  "mape_p25": 0.04728720770645451,
  "mape_p75": 0.118313557178434,
  "training_time": 58.54,
  "epochs_trained": 207,
  "best_val_loss": 0.0016013554164341518,
  "train_loss_curve": [
    0.007232,
    0.004368,
    0.00317,
    0.002627,
    0.002371,
    0.002182,
    0.002072,
    0.002,
    0.001911,
    0.001859,
    0.001818,
    0.001767,
    0.001762,
    0.001715,
    0.001681,
    0.001671,
    0.001651,
    0.001617,
    0.001639,
    0.001599,
    0.001612,
    0.00159,
    0.00158,
    0.001554,
    0.001552,
    0.001547,
    0.001539,
    0.001527,
    0.001526,
    0.001518,
    0.001504,
    0.001499,
    0.001479,
    0.001492,
    0.001463,
    0.001479,
    0.001481,
    0.001447,
    0.001467,
    0.001458,
    0.001449,
    0.001435,
    0.001443,
    0.001454,
    0.001432,
    0.001441,
    0.001396,
    0.001413,
    0.001417,
    0.001425,
    0.001401,
    0.001394,
    0.0014,
    0.00139,
    0.00139,
    0.001384,
    0.001392,
    0.00139,
    0.001375,
    0.001376,
    0.001365,
    0.001371,
    0.001367,
    0.001368,
    0.001343,
    0.001344,
    0.001372,
    0.001368,
    0.001352,
    0.001348,
    0.001357,
    0.001329,
    0.001356,
    0.001338,
    0.001342,
    0.001327,
    0.001349,
    0.001335,
    0.001338,
    0.001325,
    0.001341,
    0.001328,
    0.00133,
    0.001323,
    0.001328,
    0.001316,
    0.001322,
    0.001322,
    0.001315,
    0.001325,
    0.001318,
    0.001317,
    0.001323,
    0.001333,
    0.001316,
    0.00132,
    0.001329,
    0.001306,
    0.001302,
    0.001297,
    0.001299,
    0.0013,
    0.001292,
    0.00132,
    0.001286,
    0.001293,
    0.001281,
    0.001301,
    0.001298,
    0.001285,
    0.001296,
    0.001288,
    0.001277,
    0.001299,
    0.0013,
    0.001311,
    0.001274,
    0.001294,
    0.00129,
    0.001285,
    0.001265,
    0.001288,
    0.001283,
    0.001279,
    0.001284,
    0.001274,
    0.001282,
    0.001278,
    0.001289,
    0.001279,
    0.001281,
    0.001278,
    0.001294,
    0.001279,
    0.001283,
    0.001284,
    0.001275,
    0.001289,
    0.001283,
    0.001277,
    0.001279,
    0.001288,
    0.001295,
    0.001266,
    0.001267,
    0.001273,
    0.001269,
    0.001271,
    0.001276,
    0.001277,
    0.001274,
    0.001268,
    0.001269,
    0.001271,
    0.001291,
    0.001262,
    0.001261,
    0.001264,
    0.001271,
    0.001266,
    0.001297,
    0.00127,
    0.001263,
    0.001277,
    0.00128,
    0.001276,
    0.00126,
    0.001278,
    0.001278,
    0.001264,
    0.001267,
    0.001271,
    0.001274,
    0.001255,
    0.001262,
    0.001261,
    0.001253,
    0.001258,
    0.001263,
    0.001267,
    0.00127,
    0.001263,
    0.001242,
    0.001266,
    0.001258,
    0.001263,
    0.001277,
    0.001282,
    0.001267,
    0.001253,
    0.001254,
    0.001263,
    0.001261,
    0.001255,
    0.00127,
    0.001252,
    0.001254,
    0.001253,
    0.001265,
    0.00125,
    0.001258,
    0.001268,
    0.001268,
    0.001249,
    0.001257,
    0.001247,
    0.001258
  ],
  "val_loss_curve": [
    0.011532,
    0.006626,
    0.004627,
    0.003456,
    0.002859,
    0.002509,
    0.002273,
    0.002147,
    0.002038,
    0.001886,
    0.001845,
    0.001802,
    0.001816,
    0.001747,
    0.001714,
    0.001715,
    0.001735,
    0.001693,
    0.001693,
    0.001697,
    0.001675,
    0.001676,
    0.00168,
    0.001683,
    0.001672,
    0.00167,
    0.001654,
    0.001704,
    0.001679,
    0.001638,
    0.001636,
    0.001694,
    0.001659,
    0.001651,
    0.001706,
    0.001643,
    0.001611,
    0.001649,
    0.0017,
    0.001623,
    0.001644,
    0.001629,
    0.001671,
    0.001657,
    0.001662,
    0.001674,
    0.001638,
    0.001643,
    0.001692,
    0.001689,
    0.001673,
    0.001685,
    0.001691,
    0.001601,
    0.001733,
    0.001702,
    0.001646,
    0.001642,
    0.001677,
    0.001693,
    0.001605,
    0.001627,
    0.001662,
    0.00167,
    0.001683,
    0.00167,
    0.00171,
    0.001663,
    0.001715,
    0.001648,
    0.001694,
    0.001642,
    0.001738,
    0.001677,
    0.001715,
    0.00177,
    0.001661,
    0.001713,
    0.001748,
    0.001724,
    0.001708,
    0.001711,
    0.001739,
    0.001728,
    0.001726,
    0.001696,
    0.001705,
    0.001696,
    0.001655,
    0.001657,
    0.001694,
    0.00168,
    0.001756,
    0.001688,
    0.001716,
    0.001669,
    0.001704,
    0.001674,
    0.001701,
    0.001697,
    0.00172,
    0.001713,
    0.001717,
    0.001722,
    0.001735,
    0.001637,
    0.001731,
    0.001655,
    0.001722,
    0.001685,
    0.001687,
    0.001703,
    0.001694,
    0.001711,
    0.001693,
    0.001697,
    0.001736,
    0.001676,
    0.001711,
    0.001681,
    0.001692,
    0.001676,
    0.001748,
    0.001699,
    0.001687,
    0.001715,
    0.001693,
    0.00168,
    0.001706,
    0.001647,
    0.001666,
    0.00167,
    0.00171,
    0.001644,
    0.001665,
    0.00171,
    0.001695,
    0.001685,
    0.00169,
    0.001698,
    0.001692,
    0.001644,
    0.001705,
    0.001705,
    0.001714,
    0.001656,
    0.001703,
    0.001645,
    0.00168,
    0.00169,
    0.001646,
    0.001696,
    0.0017,
    0.001677,
    0.00172,
    0.001718,
    0.001684,
    0.001673,
    0.001677,
    0.001664,
    0.001679,
    0.001695,
    0.00167,
    0.001662,
    0.001689,
    0.00167,
    0.001669,
    0.00167,
    0.001709,
    0.001694,
    0.001677,
    0.001688,
    0.001692,
    0.001695,
    0.001681,
    0.001673,
    0.001692,
    0.001722,
    0.001701,
    0.001696,
    0.001706,
    0.001722,
    0.001673,
    0.001693,
    0.00169,
    0.001677,
    0.001694,
    0.001689,
    0.00167,
    0.001699,
    0.001669,
    0.001692,
    0.001664,
    0.001679,
    0.001672,
    0.00169,
    0.001667,
    0.001661,
    0.001651,
    0.001705,
    0.001694,
    0.001656,
    0.001706,
    0.001715,
    0.001715,
    0.001711,
    0.001677
  ],
  "per_company_mape": {
    "C1015": 0.059625,
    "C1033": 0.076346,
    "C1068": 0.038695,
    "C1084": 0.068493,
    "C1156": 0.067388,
    "C1208": 0.039861,
    "C121": 0.119195,
    "C1218": 0.122011,
    "C1252": 0.033691,
    "C1280": 0.142331,
    "C1313": 0.069013,
    "C1401": 0.326621,
    "C1422": 0.051111,
    "C1475": 1.039192,
    "C151": 0.182897,
    "C1554": 0.065691,
    "C1590": 0.069656,
    "C1594": 0.058313,
    "C1617": 0.245287,
    "C1624": 0.037561,
    "C1635": 0.463132,
    "C1641": 0.040554,
    "C1662": 0.067149,
    "C1675": 0.022982,
    "C1691": 0.02237,
    "C1704": 0.07021,
    "C1706": 0.208845,
    "C1709": 0.08895,
    "C1712": 0.126608,
    "C1744": 0.057281,
    "C1768": 0.171745,
    "C1770": 0.0569,
    "C1783": 0.104629,
    "C1787": 0.077891,
    "C1814": 0.111577,
    "C1817": 0.078912,
    "C1841": 0.11296,
    "C1996": 0.047595,
    "C2033": 0.358114,
    "C2040": 0.118826,
    "C2043": 0.038895,
    "C212": 0.120885,
    "C223": 0.061139,
    "C229": 0.074317,
    "C246": 0.035396,
    "C260": 0.051292,
    "C267": 0.193773,
    "C288": 0.069453,
    "C294": 0.11124,
    "C296": 0.021284,
    "C2969": 0.023719,
    "C2973": 0.050002,
    "C3011": 0.045382,
    "C3012": 0.112591,
    "C3053": 0.043084,
    "C306": 0.049883,
    "C310": 0.037412,
    "C3102": 0.149501,
    "C3130": 0.203066,
    "C3219": 0.025742,
    "C3230": 0.046253,
    "C3251": 0.054609,
    "C3419": 0.045322,
    "C3630": 0.096272,
    "C3633": 0.035732,
    "C3767": 0.063604,
    "C3774": 0.03304,
    "C3776": 0.085186,
    "C379": 0.118438,
    "C3838": 0.042531,
    "C3854": 0.122216,
    "C3856": 0.087604,
    "C391": 0.078794,