{
  "arch": "gru_baseline",
  "lob": "workers_compensation",
  "config_idx": 34,
  "dropout_rate": 0.06792,
  "learning_rate": 0.0034686,
  "batch_size": 1024,
  "max_epochs": 500,
  "gru_units": 256,
  "dense_units": 32,
  "mape": 0.10244194913389586,
  "rmspe": 0.22396115199107075,
  "n_companies": 234,
  "n_filtered": 0,
  "training_time": 504.29,
  "epochs_trained": 202,
  "best_val_loss": 0.0011114311637356877
}