{
  "arch": "gru_baseline",
  "lob": "workers_compensation",
  "config_idx": 5,
  "dropout_rate": 0.02017,
  "learning_rate": 0.0005652,
  "batch_size": 1024,
  "max_epochs": 500,
  "gru_units": 256,
  "dense_units": 128,
  "mape": 0.08857116013207059,
  "rmspe": 0.17420944810402725,
  "n_companies": 234,
  "n_filtered": 0,
  "training_time": 966.65,
  "epochs_trained": 206,
  "best_val_loss": 0.001012279069982469
}