{
  "arch": "gru_baseline",
  "lob": "workers_compensation",
  "config_idx": 20,
  "dropout_rate": 0.15296,
  "learning_rate": 0.000441,
  "batch_size": 256,
  "max_epochs": 500,
  "gru_units": 256,
  "dense_units": 64,
  "mape": 0.09757068928319043,
  "rmspe": 0.239419431755043,
  "n_companies": 234,
  "n_filtered": 0,
  "training_time": 732.33,
  "epochs_trained": 201,
  "best_val_loss": 0.0012280849041417241
}