{
  "arch": "gru_baseline",
  "lob": "workers_compensation",
  "config_idx": 79,
  "dropout_rate": 0.13582,
  "learning_rate": 0.0007168,
  "batch_size": 256,
  "max_epochs": 500,
  "gru_units": 256,
  "dense_units": 64,
  "mape": 0.10272266826004031,
  "rmspe": 0.257649602332958,
  "n_companies": 234,
  "n_filtered": 0,
  "mape_std": 0.1515079553784259,
  "mape_p25": 0.04711188253554306,
  "mape_p75": 0.09980880073697976,
  "training_time": 226.34,
  "epochs_trained": 201,
  "best_val_loss": 0.0010932270732675014,
  "train_loss_curve": [
    0.002851,
    0.001509,
    0.001397,
    0.001315,
    0.001295,
    0.001267,
    0.001232,
    0.001185,
    0.001172,
    0.001169,
    0.001164,
    0.001259,
    0.001222,
    0.001209,
    0.001137,
    0.001099,
    0.0011,
    0.001112,
    0.0011,
    0.001092,
    0.001066,
    0.001053,
    0.001056,
    0.00108,
    0.001058,
    0.001058,
    0.001058,
    0.001043,
    0.001053,
    0.001061,
    0.001045,
    0.001049,
    0.001038,
    0.001027,
    0.001041,
    0.001039,
    0.001033,
    0.001053,
    0.001035,
    0.001017,
    0.001009,
    0.00101,
    0.001011,
    0.001006,
    0.001016,
    0.001015,
    0.00099,
    0.000985,
    0.000993,
    0.000998,
    0.001037,
    0.001039,
    0.000983,
    0.001003,
    0.001002,
    0.000989,
    0.000981,
    0.000988,
    0.000977,
    0.000973,
    0.000993,
    0.000958,
    0.000972,
    0.000967,
    0.000946,
    0.00096,
    0.000963,
    0.000948,
    0.000968,
    0.000959,
    0.000973,
    0.000949,
    0.000945,
    0.000945,
    0.000943,
    0.000939,
    0.000933,
    0.000955,
    0.00094,
    0.000942,
    0.000963,
    0.000938,
    0.00094,
    0.000941,
    0.000947,
    0.000932,
    0.000951,
    0.000945,
    0.000919,
    0.000923,
    0.000933,
    0.000938,
    0.000956,
    0.000939,
    0.00094,
    0.000927,
    0.000943,
    0.000937,
    0.000933,
    0.00092,
    0.000932,
    0.000926,
    0.000936,
    0.000937,
    0.000914,
    0.000954,
    0.000926,
    0.000927,
    0.00093,
    0.000918,
    0.000949,
    0.000929,
    0.000908,
    0.000921,
    0.000918,
    0.000917,
    0.000929,
    0.000914,
    0.000905,
    0.000916,
    0.000925,
    0.000903,
    0.000905,
    0.000902,
    0.000932,
    0.000929,
    0.000915,
    0.000914,
    0.000928,
    0.000918,
    0.000907,
    0.000917,
    0.000904,
    0.000909,
    0.000936,
    0.000922,
    0.000908,
    0.000888,
    0.000902,
    0.000917,
    0.000906,
    0.000908,
    0.000918,
    0.000912,
    0.000969,
    0.000918,
    0.000899,
    0.000908,
    0.000899,
    0.000934,
    0.000896,
    0.000921,
    0.000919,
    0.000912,
    0.000898,
    0.000895,
    0.000899,
    0.000908,
    0.00091,
    0.000911,
    0.000897,
    0.000897,
    0.000957,
    0.000949,
    0.000906,
    0.000904,
    0.000897,
    0.000909,
    0.000888,
    0.000917,
    0.000891,
    0.000891,
    0.000899,
    0.000884,
    0.000897,
    0.000906,
    0.000892,
    0.00089,
    0.000891,
    0.000893,
    0.000911,
    0.000894,
    0.000905,
    0.000893,
    0.000884,
    0.00089,
    0.000875,
    0.000902,
    0.000879,
    0.000891,
    0.000887,
    0.000907,
    0.000886,
    0.000894,
    0.000909,
    0.000872,
    0.000892,
    0.000893,
    0.000885,
    0.000877,
    0.000918
  ],
  "val_loss_curve": [
    0.001613,
    0.00153,
    0.001389,
    0.001531,
    0.001439,
    0.001314,
    0.001501,
    0.001534,
    0.001224,
    0.001455,
    0.001768,
    0.001093,
    0.001641,
    0.001348,
    0.001506,
    0.001391,
    0.001274,
    0.001482,
    0.001295,
    0.001423,
    0.001364,
    0.001286,
    0.001487,
    0.001406,
    0.001344,
    0.001414,
    0.001522,
    0.00151,
    0.00129,
    0.001409,
    0.001312,
    0.001484,
    0.001448,
    0.001438,
    0.001377,
    0.00153,
    0.001538,
    0.0013,
    0.001359,
    0.001396,
    0.001394,
    0.001392,
    0.001458,
    0.001371,
    0.001255,
    0.001511,
    0.00166,
    0.001397,
    0.001282,
    0.001365,
    0.001126,
    0.001392,
    0.001426,
    0.001298,
    0.001428,
    0.001438,
    0.001384,
    0.001529,
    0.001393,
    0.001486,
    0.001489,
    0.00158,
    0.001227,
    0.001382,
    0.001374,
    0.001476,
    0.001519,
    0.001359,
    0.001418,
    0.001477,
    0.001244,
    0.001386,
    0.00137,
    0.00135,
    0.001361,
    0.001373,
    0.001358,
    0.00134,
    0.00138,
    0.001284,
    0.001417,
    0.001326,
    0.00145,
    0.00129,
    0.00146,
    0.001386,
    0.001324,
    0.001402,
    0.001405,
    0.001402,
    0.001399,
    0.001455,
    0.001358,
    0.001398,
    0.00131,
    0.00146,
    0.001396,
    0.001382,
    0.001397,
    0.001378,
    0.001428,
    0.001344,
    0.001429,
    0.001566,
    0.001421,
    0.001402,
    0.001361,
    0.001412,
    0.001358,
    0.001305,
    0.001272,
    0.001429,
    0.001425,
    0.001338,
    0.001407,
    0.001397,
    0.001345,
    0.001323,
    0.001344,
    0.001401,
    0.001375,
    0.001448,
    0.001395,
    0.001417,
    0.001364,
    0.001366,
    0.001426,
    0.001392,
    0.00141,
    0.00139,
    0.001366,
    0.001315,
    0.001384,
    0.001434,
    0.001447,
    0.001375,
    0.001444,
    0.001452,
    0.001375,
    0.001335,
    0.001362,
    0.001405,
    0.001268,
    0.001398,
    0.001351,
    0.001412,
    0.001315,
    0.00141,
    0.00139,
    0.001475,
    0.001406,
    0.001447,
    0.001343,
    0.001355,
    0.001385,
    0.001377,
    0.001371,
    0.001382,
    0.001463,
    0.001397,
    0.001407,
    0.001355,
    0.001287,
    0.001361,
    0.001399,
    0.001354,
    0.001358,
    0.001388,
    0.00138,
    0.001374,
    0.001387,
    0.00139,
    0.001377,
    0.001372,
    0.001366,
    0.001349,
    0.001414,
    0.001361,
    0.001424,
    0.001368,
    0.001342,
    0.001361,
    0.001334,
    0.001347,
    0.00139,
    0.001361,
    0.001395,
    0.001388,
    0.001378,
    0.001384,
    0.001375,
    0.00141,
    0.001368,
    0.001386,
    0.001358,
    0.001364,
    0.001379,
    0.00139,
    0.001371,
    0.001414,
    0.001402
  ],
  "per_company_mape": {
    "C1015": 0.122151,
    "C1033": 0.072976,
    "C1068": 0.091291,
    "C1084": 0.040347,
    "C1156": 0.067783,
    "C1208": 0.071627,
    "C121": 0.099652,
    "C1218": 0.111376,
    "C1252": 0.019589,
    "C1280": 0.066978,
    "C1313": 0.02144,
    "C1401": 0.319975,
    "C1422": 0.054347,
    "C1475": 1.076466,
    "C151": 0.199829,
    "C1554": 0.094376,
    "C1590": 0.058065,
    "C1594": 0.047249,
    "C1617": 0.265957,
    "C1624": 0.030676,
    "C1635": 0.835769,
    "C1641": 0.128123,
    "C1662": 0.05986,
    "C1675": 0.093821,
    "C1691": 0.015164,
    "C1704": 0.057713,
    "C1706": 0.172943,
    "C1709": 0.108134,
    "C1712": 0.223754,
    "C1744": 0.066257,
    "C1768": 0.113655,
    "C1770": 0.040042,
    "C1783": 0.193169,
    "C1787": 0.196561,
    "C1814": 0.192126,
    "C1817": 0.084495,
    "C1841": 0.100308,
    "C1996": 0.026287,
    "C2033": 0.45479,
    "C2040": 0.075149,
    "C2043": 0.086231,
    "C212": 0.141341,
    "C223": 0.08704,
    "C229": 0.055471,
    "C246": 0.051234,
    "C260": 0.049254,
    "C267": 0.117883,
    "C288": 0.021042,
    "C294": 0.071532,
    "C296": 0.046304,
    "C2969": 0.053479,
    "C2973": 0.093626,
    "C3011": 0.041604,
    "C3012": 0.138174,
    "C3053": 0.024632,
    "C306": 0.040574,
    "C310": 0.047066,
    "C3102": 0.073288,
    "C3130": 0.23837,
    "C3219": 0.026352,
    "C3230": 0.033136,
    "C3251": 0.057823,
    "C3419": 0.052771,
    "C3630": 0.063648,
    "C3633": 0.054793,
    "C3767": 0.100805,
    "C3774": 0.039286,
    "C3776": 0.067607,
    "C379": 0.09449,
    "C3838": 0.081936,
    "C3854": 0.093674,
    "C3856": 0.090466,
    "C391": 0.032022,
    "C3923": 0.138895,
    "C3933": 0.036594,
    "C4071": 0.091724,
    "C409": 0.12728,
    "C4102": 0.031085,
    "C411": 0.082822,
    "C4146": 0.273558,