{
  "arch": "gru_baseline",
  "lob": "workers_compensation",
  "config_idx": 15,
  "dropout_rate": 0.07323,
  "learning_rate": 0.0005177,
  "batch_size": 512,
  "max_epochs": 500,
  "gru_units": 256,
  "dense_units": 128,
  "mape": 0.09911882355562453,
  "rmspe": 0.18093875461450115,
  "n_companies": 234,
  "n_filtered": 0,
  "training_time": 690.97,
  "epochs_trained": 202,
  "best_val_loss": 0.0010957655031234026
}