{
  "arch": "gru_baseline",
  "lob": "workers_compensation",
  "config_idx": 32,
  "dropout_rate": 0.04227,
  "learning_rate": 0.0004624,
  "batch_size": 256,
  "max_epochs": 500,
  "gru_units": 128,
  "dense_units": 64,
  "mape": 0.09208540854031959,
  "rmspe": 0.1657329522362825,
  "n_companies": 234,
  "n_filtered": 0,
  "training_time": 368.42,
  "epochs_trained": 202,
  "best_val_loss": 0.0010101150255650282
}