{
  "arch": "gru_baseline",
  "lob": "workers_compensation",
  "config_idx": 80,
  "dropout_rate": 0.20913,
  "learning_rate": 0.0003179,
  "batch_size": 512,
  "max_epochs": 500,
  "gru_units": 128,
  "dense_units": 32,
  "mape": 0.1069717115167617,
  "rmspe": 0.22125827332076378,
  "n_companies": 234,
  "n_filtered": 0,
  "mape_std": 0.1261614628855412,
  "mape_p25": 0.04753271075291066,
  "mape_p75": 0.10567292864373433,
  "training_time": 121.37,
  "epochs_trained": 211,
  "best_val_loss": 0.0015849157685547002,
  "train_loss_curve": [
    0.005648,
    0.00319,
    0.002454,
    0.002094,
    0.001896,
    0.001785,
    0.001733,
    0.001705,
    0.001659,
    0.001634,
    0.001589,
    0.001582,
    0.001542,
    0.001525,
    0.00153,
    0.00151,
    0.001476,
    0.001472,
    0.001461,
    0.001481,
    0.001445,
    0.001426,
    0.00143,
    0.001432,
    0.001405,
    0.001385,
    0.001401,
    0.001381,
    0.001372,
    0.001368,
    0.00137,
    0.001352,
    0.001361,
    0.001361,
    0.001344,
    0.001357,
    0.001323,
    0.001318,
    0.00132,
    0.001319,
    0.001321,
    0.00131,
    0.001323,
    0.001328,
    0.001315,
    0.001298,
    0.001295,
    0.001314,
    0.00128,
    0.001285,
    0.001292,
    0.001285,
    0.001296,
    0.001282,
    0.001275,
    0.001275,
    0.001278,
    0.00128,
    0.001283,
    0.001259,
    0.001267,
    0.001264,
    0.00127,
    0.001244,
    0.001269,
    0.001255,
    0.001262,
    0.001244,
    0.001239,
    0.001253,
    0.001241,
    0.001246,
    0.001259,
    0.001238,
    0.001246,
    0.001259,
    0.001243,
    0.001221,
    0.00124,
    0.001241,
    0.001238,
    0.001254,
    0.001237,
    0.001238,
    0.001243,
    0.00124,
    0.001242,
    0.001227,
    0.001226,
    0.001223,
    0.001231,
    0.001221,
    0.001228,
    0.001238,
    0.001215,
    0.001224,
    0.001239,
    0.001215,
    0.001225,
    0.001229,
    0.001226,
    0.001216,
    0.001224,
    0.001228,
    0.001218,
    0.001223,
    0.001223,
    0.001226,
    0.001212,
    0.001226,
    0.001232,
    0.001211,
    0.001227,
    0.001216,
    0.001218,
    0.001219,
    0.001209,
    0.001218,
    0.00122,
    0.00122,
    0.001235,
    0.001208,
    0.001226,
    0.001204,
    0.001208,
    0.001208,
    0.001212,
    0.001202,
    0.0012,
    0.001205,
    0.001206,
    0.001211,
    0.00121,
    0.001219,
    0.001212,
    0.001217,
    0.001221,
    0.001204,
    0.001201,
    0.00121,
    0.001219,
    0.001208,
    0.001192,
    0.001203,
    0.001216,
    0.001183,
    0.001184,
    0.001211,
    0.001208,
    0.00121,
    0.001207,
    0.001196,
    0.001203,
    0.001197,
    0.001192,
    0.001203,
    0.001185,
    0.001198,
    0.001189,
    0.001199,
    0.001193,
    0.0012,
    0.001204,
    0.001201,
    0.001214,
    0.001194,
    0.001198,
    0.001203,
    0.001185,
    0.0012,
    0.001199,
    0.001195,
    0.001204,
    0.001197,
    0.001194,
    0.00119,
    0.001198,
    0.001177,
    0.00121,
    0.00119,
    0.001192,
    0.0012,
    0.001205,
    0.001194,
    0.001184,
    0.001192,
    0.001191,
    0.001174,
    0.001203,
    0.001192,
    0.00119,
    0.001182,
    0.001176,
    0.001181,
    0.001205,
    0.00121,
    0.001184,
    0.001205,
    0.001198,
    0.001191,
    0.001196,
    0.001191,
    0.001184,
    0.001199,
    0.00119,
    0.001201,
    0.001193,
    0.0012,
    0.001175,
    0.001185,
    0.001207
  ],
  "val_loss_curve": [
    0.007408,
    0.003863,
    0.00265,
    0.002134,
    0.001922,
    0.00183,
    0.001781,
    0.001686,
    0.001732,
    0.001659,
    0.001623,
    0.001625,
    0.001656,
    0.001637,
    0.001625,
    0.001605,
    0.001609,
    0.001637,
    0.001661,
    0.001585,
    0.00161,
    0.001655,
    0.001676,
    0.001633,
    0.001691,
    0.001622,
    0.00168,
    0.001589,
    0.001624,
    0.001686,
    0.001604,
    0.001632,
    0.001605,
    0.001664,
    0.001681,
    0.001733,
    0.001687,
    0.001689,
    0.001682,
    0.00166,
    0.001675,
    0.001654,
    0.0017,
    0.001715,
    0.001708,
    0.001679,
    0.001733,
    0.001744,
    0.00169,
    0.001719,
    0.001649,
    0.001721,
    0.001732,
    0.001698,
    0.001687,
    0.001716,
    0.001756,
    0.001706,
    0.001739,
    0.001741,
    0.001643,
    0.001715,
    0.001717,
    0.001667,
    0.001758,
    0.001686,
    0.001696,
    0.00179,
    0.001794,
    0.001628,
    0.00178,
    0.001666,
    0.001716,
    0.001729,
    0.001681,
    0.001675,
    0.001702,
    0.001754,
    0.001682,
    0.001704,
    0.001692,
    0.001737,
    0.001745,
    0.001799,
    0.001769,
    0.001699,
    0.001731,
    0.001734,
    0.001742,
    0.001711,
    0.00177,
    0.001703,
    0.001807,
    0.00172,
    0.001717,
    0.001678,
    0.001702,
    0.00174,
    0.001665,
    0.001725,
    0.001723,
    0.001729,
    0.001684,
    0.001714,
    0.00175,
    0.001668,
    0.00176,
    0.001784,
    0.001693,
    0.001731,
    0.001716,
    0.001692,
    0.001704,
    0.001701,
    0.001679,
    0.001704,
    0.001722,
    0.001678,
    0.001731,
    0.0017,
    0.001697,
    0.001701,
    0.001695,
    0.001717,
    0.001686,
    0.001674,
    0.001715,
    0.001678,
    0.001684,
    0.001706,
    0.001753,
    0.00177,
    0.001729,
    0.001732,
    0.001686,
    0.001724,
    0.001708,
    0.001711,
    0.001712,
    0.001728,
    0.001682,
    0.001746,
    0.001709,
    0.001691,
    0.00172,
    0.001718,
    0.001707,
    0.001677,
    0.001705,
    0.001708,
    0.00171,
    0.00172,
    0.001677,
    0.001693,
    0.00169,
    0.001714,
    0.001763,
    0.001712,
    0.001694,
    0.001669,
    0.001708,
    0.001729,
    0.00171,
    0.001708,
    0.001716,
    0.001671,
    0.001672,
    0.001697,
    0.001718,
    0.001711,
    0.001712,
    0.001704,
    0.001727,
    0.001712,
    0.001713,
    0.001699,
    0.001722,
    0.001666,
    0.001714,
    0.001676,
    0.001706,
    0.001692,
    0.001708,
    0.001707,
    0.001688,
    0.001705,
    0.001712,
    0.001701,
    0.001703,
    0.001695,
    0.001702,
    0.001698,
    0.001689,
    0.001705,
    0.0017,
    0.001707,
    0.001691,
    0.001662,
    0.001717,
    0.001702,
    0.00172,
    0.001715,
    0.001689,
    0.00168,
    0.0017,
    0.001685,
    0.001675,
    0.00166,
    0.001673,
    0.001693,
    0.001697
  ],
  "per_company_mape": {
    "C1015": 0.060468,
    "C1033": 0.100264,
    "C1068": 0.071066,
    "C1084": 0.03447,
    "C1156": 0.089765,
    "C1208": 0.056394,
    "C121": 0.082095,
    "C1218": 0.183237,
    "C1252": 0.031242,
    "C1280": 0.056006,
    "C1313": 0.026526,
    "C1401": 0.301467,
    "C1422": 0.047175,
    "C1475": 0.726962,
    "C151": 0.242179,
    "C1554": 0.12329,
    "C1590": 0.059276,
    "C1594": 0.068866,
    "C1617": 0.260654,
    "C1624": 0.038658,
    "C1635": 0.57921,
    "C1641": 0.100223,
    "C1662": 0.102509,
    "C1675": 0.073873,
    "C1691": 0.020015,
    "C1704": 0.075658,
    "C1706": 0.17786,
    "C1709": 0.102819,
    "C1712": 0.211305,
    "C1744": 0.076148,
    "C1768": 0.091859,
    "C1770": 0.046696,
    "C1783": 0.158552,
    "C1787": 0.142755,
    "C1814": 0.115865,
    "C1817": 0.105788,
    "C1841": 0.162417,
    "C1996": 0.029558,
    "C2033": 0.457321,
    "C2040": 0.114326,
    "C2043": 0.079195,
    "C212": 0.103805,
    "C223": 0.13649,
    "C229": 0.070887,
    "C246": 0.041565,
    "C260": 0.042824,
    "C267": 0.180439,
    "C288": 0.04969,
    "C294": 0.134218,
    "C296": 0.05779,
    "C2969": 0.078033,
    "C2973": 0.09063,
    "C3011": 0.055217,
    "C3012": 0.15711,
    "C3053": 0.01648,
    "C306": 0.063778,
    "C310": 0.034342,
    "C3102": 0.110545,
    "C3130": 0.239667,
    "C3219": 0.052563,
    "C3230": 0.033924,
    "C3251": 0.099833,
    "C3419": 0.094211,
    "C3630": 0.08095,
    "C3633": 0.067699,
    "C3767": 0.098895,
    "C3774": 0.048607,
    "C3776": 0.081377,