{
  "arch": "gru_baseline",
  "lob": "workers_compensation",
  "config_idx": 8,
  "dropout_rate": 0.20562,
  "learning_rate": 0.0003065,
  "batch_size": 512,
  "max_epochs": 1000,
  "gru_units": 128,
  "dense_units": 64,
  "mape": 0.10180121123163322,
  "rmspe": 0.2847710348229144,
  "n_companies": 234,
  "n_filtered": 0,
  "training_time": 499.62,
  "epochs_trained": 205,
  "best_val_loss": 0.0015469481004402041
}