{
  "arch": "gru_baseline",
  "lob": "workers_compensation",
  "config_idx": 94,
  "dropout_rate": 0.14074,
  "learning_rate": 0.0006473,
  "batch_size": 256,
  "max_epochs": 500,
  "gru_units": 64,
  "dense_units": 64,
  "mape": 0.09346480642421753,
  "rmspe": 0.20102465244458456,
  "n_companies": 234,
  "n_filtered": 0,
  "mape_std": 0.10974171281524366,
  "mape_p25": 0.04391492659260892,
  "mape_p75": 0.09966015631494757,
  "training_time": 83.33,
  "epochs_trained": 202,
  "best_val_loss": 0.0012238302858479852,
  "train_loss_curve": [
    0.00383,
    0.001812,
    0.001573,
    0.001488,
    0.001399,
    0.001405,
    0.001358,
    0.001303,
    0.001268,
    0.001272,
    0.001235,
    0.001218,
    0.001218,
    0.001195,
    0.001216,
    0.001232,
    0.0012,
    0.001157,
    0.001124,
    0.001154,
    0.00117,
    0.00118,
    0.00118,
    0.001169,
    0.0012,
    0.001151,
    0.001129,
    0.001112,
    0.001109,
    0.001111,
    0.001118,
    0.001151,
    0.001155,
    0.001129,
    0.001123,
    0.001098,
    0.001089,
    0.001092,
    0.001073,
    0.00107,
    0.001101,
    0.001112,
    0.001085,
    0.001089,
    0.001075,
    0.001067,
    0.001052,
    0.001054,
    0.001067,
    0.001066,
    0.001045,
    0.001049,
    0.001049,
    0.001058,
    0.001074,
    0.001089,
    0.001054,
    0.001022,
    0.001058,
    0.001042,
    0.001041,
    0.001041,
    0.00105,
    0.001031,
    0.00102,
    0.001062,
    0.001091,
    0.001063,
    0.001081,
    0.001032,
    0.001043,
    0.001034,
    0.001032,
    0.001035,
    0.001057,
    0.001042,
    0.001016,
    0.00102,
    0.001007,
    0.001041,
    0.001236,
    0.001094,
    0.001028,
    0.001029,
    0.001031,
    0.001067,
    0.000996,
    0.001013,
    0.001026,
    0.00109,
    0.001041,
    0.00107,
    0.001018,
    0.000993,
    0.000996,
    0.000996,
    0.001003,
    0.001007,
    0.000997,
    0.001005,
    0.001006,
    0.001014,
    0.000985,
    0.001006,
    0.001011,
    0.000998,
    0.000991,
    0.000993,
    0.000979,
    0.001016,
    0.000981,
    0.000987,
    0.000976,
    0.00099,
    0.000997,
    0.00096,
    0.001005,
    0.001016,
    0.001001,
    0.001079,
    0.001039,
    0.000981,
    0.000988,
    0.000989,
    0.000981,
    0.000978,
    0.000987,
    0.00098,
    0.000976,
    0.000964,
    0.000983,
    0.001019,
    0.000973,
    0.001002,
    0.000973,
    0.000954,
    0.000967,
    0.00098,
    0.001048,
    0.000971,
    0.000991,
    0.000965,
    0.000984,
    0.001053,
    0.000981,
    0.000969,
    0.000978,
    0.000967,
    0.000975,
    0.000949,
    0.00096,
    0.00097,
    0.000981,
    0.000957,
    0.000964,
    0.001017,
    0.000966,
    0.00096,
    0.000948,
    0.000943,
    0.001,
    0.000982,
    0.000954,
    0.000964,
    0.000965,
    0.000948,
    0.000959,
    0.000957,
    0.000949,
    0.000955,
    0.000966,
    0.000971,
    0.000958,
    0.000966,
    0.001,
    0.000975,
    0.00099,
    0.000975,
    0.000968,
    0.000963,
    0.000962,
    0.00095,
    0.000947,
    0.000961,
    0.000956,
    0.000962,
    0.00095,
    0.000971,
    0.000966,
    0.00096,
    0.00095,
    0.00095,
    0.00095,
    0.000961,
    0.00094,
    0.000954,
    0.000937,
    0.000947,
    0.000971,
    0.000959,
    0.000946,
    0.000948
  ],
  "val_loss_curve": [
    0.002741,
    0.001736,
    0.001552,
    0.001475,
    0.001501,
    0.001334,
    0.001529,
    0.001449,
    0.001341,
    0.00143,
    0.001548,
    0.00166,
    0.001489,
    0.00143,
    0.00123,
    0.001339,
    0.001453,
    0.001473,
    0.001486,
    0.001327,
    0.001578,
    0.001509,
    0.001251,
    0.001469,
    0.001651,
    0.001538,
    0.001484,
    0.001527,
    0.001368,
    0.0014,
    0.001312,
    0.001532,
    0.001452,
    0.001419,
    0.001503,
    0.001387,
    0.001488,
    0.001434,
    0.001433,
    0.001482,
    0.001371,
    0.001345,
    0.001245,
    0.001483,
    0.001526,
    0.001428,
    0.001507,
    0.001475,
    0.001371,
    0.001549,
    0.001423,
    0.001406,
    0.001453,
    0.001413,
    0.001537,
    0.001224,
    0.001463,
    0.001312,
    0.001383,
    0.001491,
    0.001433,
    0.001556,
    0.001514,
    0.001444,
    0.001491,
    0.001519,
    0.001415,
    0.001405,
    0.001336,
    0.00139,
    0.001256,
    0.001547,
    0.00144,
    0.001408,
    0.001275,
    0.001396,
    0.001515,
    0.001344,
    0.001372,
    0.001357,
    0.001366,
    0.001415,
    0.00158,
    0.001597,
    0.001461,
    0.001367,
    0.00148,
    0.00135,
    0.001357,
    0.001388,
    0.001437,
    0.001277,
    0.00145,
    0.001318,
    0.001351,
    0.001506,
    0.001355,
    0.001451,
    0.001415,
    0.001506,
    0.001472,
    0.001361,
    0.0014,
    0.001408,
    0.00144,
    0.001463,
    0.001388,
    0.001387,
    0.001459,
    0.001415,
    0.001337,
    0.001425,
    0.001406,
    0.001476,
    0.001467,
    0.001382,
    0.001356,
    0.001265,
    0.001399,
    0.001292,
    0.001471,
    0.001458,
    0.001402,
    0.001345,
    0.00138,
    0.00144,
    0.0014,
    0.001501,
    0.001506,
    0.001463,
    0.001381,
    0.001359,
    0.001387,
    0.001436,
    0.001361,
    0.001435,
    0.001441,
    0.001341,
    0.001375,
    0.001421,
    0.001371,
    0.001386,
    0.001456,
    0.001362,
    0.001423,
    0.001386,
    0.001506,
    0.00144,
    0.001422,
    0.001455,
    0.001417,
    0.001447,
    0.001431,
    0.001452,
    0.001405,
    0.00134,
    0.001456,
    0.001358,
    0.001407,
    0.001371,
    0.001442,
    0.001462,
    0.001464,
    0.001372,
    0.001393,
    0.00135,
    0.001395,
    0.001428,
    0.001386,
    0.001388,
    0.001381,
    0.001395,
    0.001461,
    0.001412,
    0.001439,
    0.001455,
    0.001423,
    0.001388,
    0.001377,
    0.001383,
    0.001366,
    0.001398,
    0.001433,
    0.001428,
    0.001424,
    0.001398,
    0.001435,
    0.001434,
    0.001448,
    0.00147,
    0.001421,
    0.001392,
    0.001421,
    0.001392,
    0.001375,
    0.001418,
    0.001426,
    0.001408,
    0.0014,
    0.001466,
    0.001452,
    0.001406
  ],
  "per_company_mape": {
    "C1015": 0.100128,
    "C1033": 0.086991,
    "C1068": 0.050934,
    "C1084": 0.031504,
    "C1156": 0.061145,
    "C1208": 0.038063,
    "C121": 0.09082,
    "C1218": 0.10099,
    "C1252": 0.038181,
    "C1280": 0.110375,
    "C1313": 0.05065,
    "C1401": 0.375092,
    "C1422": 0.032163,
    "C1475": 0.738353,
    "C151": 0.193915,
    "C1554": 0.056132,
    "C1590": 0.053653,
    "C1594": 0.025398,
    "C1617": 0.170264,
    "C1624": 0.04527,
    "C1635": 0.290446,
    "C1641": 0.04495,
    "C1662": 0.054096,
    "C1675": 0.061848,
    "C1691": 0.033792,
    "C1704": 0.063995,
    "C1706": 0.213719,
    "C1709": 0.076532,
    "C1712": 0.12675,
    "C1744": 0.079671,
    "C1768": 0.177325,
    "C1770": 0.058898,
    "C1783": 0.133207,
    "C1787": 0.071842,
    "C1814": 0.067553,
    "C1817": 0.05329,
    "C1841": 0.103871,
    "C1996": 0.055704,
    "C2033": 0.380906,
    "C2040": 0.086037,
    "C2043": 0.081879,
    "C212": 0.104111,
    "C223": 0.083788,
    "C229": 0.040979,
    "C246": 0.036764,
    "C260": 0.033724,
    "C267": 0.184927,
    "C288": 0.021022,
    "C294": 0.082061,
    "C296": 0.042145,
    "C2969": 0.045188,
    "C2973": 0.029328,
    "C3011": 0.033761,
    "C3012": 0.099535,
    "C3053": 0.058512,
    "C306": 0.075483,
    "C310": 0.066336,
    "C3102": 0.062308,
    "C3130": 0.268174,
    "C3219": 0.046596,
    "C3230": 0.028433,
    "C3251": 0.088975,
    "C3419": 0.054638,
    "C3630": 0.115249,
    "C3633": 0.044849,
    "C3767": 0.116878,
    "C3774": 0.03948,
    "C3776": 0.072895,
    "C379": 0.112413,
    "C3838": 0.069276,
    "C3854": 0.080229,
    "C3856": 0.088497,
    "C391": 0.062827,
    "C3923": 0.169831,
    "C3933": 0.061641,
    "C4071": 0.076308,
    "C409": 0.06232,
    "C4102": 0.07578,
    "C411": 0.058113,