{
  "arch": "gru_baseline",
  "lob": "workers_compensation",
  "config_idx": 31,
  "dropout_rate": 0.02099,
  "learning_rate": 0.0038407,
  "batch_size": 1024,
  "max_epochs": 1000,
  "gru_units": 128,
  "dense_units": 32,
  "mape": 0.10647588476268172,
  "rmspe": 0.16233194065007175,
  "n_companies": 234,
  "n_filtered": 0,
  "training_time": 265.57,
  "epochs_trained": 201,
  "best_val_loss": 0.0010788899380713701
}