{
  "arch": "gru_baseline",
  "lob": "workers_compensation",
  "config_idx": 30,
  "dropout_rate": 0.08832,
  "learning_rate": 0.0011964,
  "batch_size": 1024,
  "max_epochs": 1000,
  "gru_units": 128,
  "dense_units": 32,
  "mape": 0.10895915614722747,
  "rmspe": 0.15946858979117307,
  "n_companies": 234,
  "n_filtered": 0,
  "training_time": 265.44,
  "epochs_trained": 202,
  "best_val_loss": 0.0011438584187999368
}