{
  "arch": "gru_baseline",
  "lob": "workers_compensation",
  "config_idx": 50,
  "dropout_rate": 0.10616,
  "learning_rate": 0.0043857,
  "batch_size": 256,
  "max_epochs": 1000,
  "gru_units": 128,
  "dense_units": 64,
  "mape": 0.11133290488170165,
  "rmspe": 0.23784039050000674,
  "n_companies": 234,
  "n_filtered": 0,
  "mape_std": 0.1375049881441873,
  "mape_p25": 0.0508732422355735,
  "mape_p75": 0.11438729970834317,
  "training_time": 83.83,
  "epochs_trained": 201,
  "best_val_loss": 0.0010750631356911202,
  "train_loss_curve": [
    0.003109,
    0.001422,
    0.001282,
    0.001229,
    0.001243,
    0.001149,
    0.001236,
    0.001157,
    0.001147,
    0.001127,
    0.00115,
    0.001098,
    0.001092,
    0.001262,
    0.001239,
    0.001077,
    0.001063,
    0.001035,
    0.001066,
    0.001031,
    0.001017,
    0.001057,
    0.001023,
    0.001081,
    0.001015,
    0.00098,
    0.001005,
    0.001037,
    0.001026,
    0.001028,
    0.001051,
    0.000979,
    0.000979,
    0.001014,
    0.000962,
    0.000953,
    0.000969,
    0.000993,
    0.000956,
    0.000949,
    0.000952,
    0.000972,
    0.000963,
    0.000935,
    0.000944,
    0.000947,
    0.000921,
    0.000923,
    0.000962,
    0.000947,
    0.000939,
    0.000929,
    0.00092,
    0.000923,
    0.000895,
    0.000895,
    0.000916,
    0.000999,
    0.000907,
    0.000894,
    0.000896,
    0.000894,
    0.000917,
    0.000906,
    0.000981,
    0.001271,
    0.000961,
    0.000926,
    0.000923,
    0.000921,
    0.000921,
    0.000908,
    0.000906,
    0.000882,
    0.00089,
    0.00089,
    0.000882,
    0.000922,
    0.000886,
    0.000872,
    0.0009,
    0.000892,
    0.000961,
    0.000872,
    0.000841,
    0.000854,
    0.000837,
    0.000816,
    0.000845,
    0.000836,
    0.000968,
    0.000987,
    0.000875,
    0.000872,
    0.000854,
    0.000833,
    0.000826,
    0.00083,
    0.000826,
    0.000831,
    0.000821,
    0.000821,
    0.000811,
    0.000827,
    0.000816,
    0.00082,
    0.000825,
    0.000823,
    0.000795,
    0.000796,
    0.000817,
    0.000816,
    0.000812,
    0.000824,
    0.000831,
    0.00083,
    0.000844,
    0.000802,
    0.000816,
    0.000819,
    0.000827,
    0.000843,
    0.000821,
    0.000876,
    0.00085,
    0.0008,
    0.000806,
    0.000817,
    0.000808,
    0.000795,
    0.000803,
    0.000789,
    0.000793,
    0.000806,
    0.000804,
    0.000788,
    0.000806,
    0.000795,
    0.000787,
    0.000785,
    0.000785,
    0.000772,
    0.000773,
    0.000769,
    0.000768,
    0.00077,
    0.000769,
    0.000798,
    0.000817,
    0.000775,
    0.000845,
    0.000794,
    0.000772,
    0.000761,
    0.000771,
    0.000765,
    0.000766,
    0.000822,
    0.000785,
    0.000782,
    0.000783,
    0.000779,
    0.000764,
    0.000778,
    0.000777,
    0.000771,
    0.000772,
    0.000769,
    0.000769,
    0.000763,
    0.000776,
    0.000788,
    0.000771,
    0.000775,
    0.000758,
    0.000768,
    0.000765,
    0.000759,
    0.000769,
    0.000776,
    0.000762,
    0.000761,
    0.000774,
    0.000773,
    0.00077,
    0.000767,
    0.00075,
    0.000787,
    0.000763,
    0.000758,
    0.000762,
    0.000757,
    0.000744,
    0.000748,
    0.000745,
    0.000854,
    0.000764,
    0.000753,
    0.000741,
    0.000749,
    0.000746
  ],
  "val_loss_curve": [
    0.001465,
    0.001358,
    0.001278,
    0.00219,
    0.001389,
    0.001854,
    0.001637,
    0.001641,
    0.001242,
    0.001706,
    0.001165,
    0.001367,
    0.002072,
    0.001285,
    0.001542,
    0.001387,
    0.001256,
    0.001214,
    0.001534,
    0.001369,
    0.001741,
    0.001183,
    0.001563,
    0.001125,
    0.001433,
    0.001747,
    0.001173,
    0.001737,
    0.001546,
    0.001345,
    0.001303,
    0.001353,
    0.001075,
    0.001097,
    0.001335,
    0.001291,
    0.00113,
    0.001291,
    0.001237,
    0.001192,
    0.001516,
    0.001225,
    0.001277,
    0.001324,
    0.001442,
    0.001196,
    0.001404,
    0.00146,
    0.001566,
    0.001227,
    0.001345,
    0.001257,
    0.001325,
    0.001198,
    0.001088,
    0.001356,
    0.002039,
    0.001333,
    0.001191,
    0.001247,
    0.001292,
    0.001191,
    0.001198,
    0.001612,
    0.001843,
    0.001322,
    0.001387,
    0.001454,
    0.001229,
    0.00132,
    0.001333,
    0.001367,
    0.00114,
    0.001218,
    0.001467,
    0.001213,
    0.001086,
    0.001234,
    0.001321,
    0.001158,
    0.001345,
    0.001155,
    0.001135,
    0.001228,
    0.001274,
    0.001214,
    0.001198,
    0.001208,
    0.001248,
    0.001243,
    0.001278,
    0.001262,
    0.001155,
    0.001261,
    0.001227,
    0.001274,
    0.001277,
    0.001332,
    0.001301,
    0.001178,
    0.001251,
    0.001174,
    0.001326,
    0.001299,
    0.001291,
    0.001253,
    0.001154,
    0.001265,
    0.001337,
    0.00127,
    0.001296,
    0.001274,
    0.001293,
    0.001224,
    0.001316,
    0.001239,
    0.001376,
    0.001225,
    0.001371,
    0.00131,
    0.001327,
    0.00124,
    0.001287,
    0.001125,
    0.001256,
    0.001301,
    0.001179,
    0.001397,
    0.00149,
    0.00138,
    0.001224,
    0.001334,
    0.001164,
    0.001167,
    0.001361,
    0.001279,
    0.001201,
    0.001236,
    0.001271,
    0.001199,
    0.001249,
    0.001356,
    0.001228,
    0.001295,
    0.001309,
    0.001309,
    0.001218,
    0.00129,
    0.00128,
    0.001362,
    0.001234,
    0.001267,
    0.001276,
    0.001251,
    0.001325,
    0.001288,
    0.001391,
    0.001272,
    0.001307,
    0.001269,
    0.001281,
    0.001339,
    0.001263,
    0.001249,
    0.001228,
    0.001252,
    0.0013,
    0.00126,
    0.001239,
    0.001244,
    0.001253,
    0.001359,
    0.001223,
    0.00123,
    0.00137,
    0.001321,
    0.001249,
    0.001362,
    0.001279,
    0.001293,
    0.00134,
    0.001309,
    0.001326,
    0.001299,
    0.001229,
    0.001298,
    0.001293,
    0.001285,
    0.00127,
    0.001288,
    0.001338,
    0.001283,
    0.001286,
    0.001251,
    0.001306,
    0.001316,
    0.001336,
    0.001287,
    0.001333,
    0.001317,
    0.001333
  ],
  "per_company_mape": {
    "C1015": 0.066776,
    "C1033": 0.10179,
    "C1068": 0.076162,
    "C1084": 0.052433,
    "C1156": 0.121589,
    "C1208": 0.106678,
    "C121": 0.058564,
    "C1218": 0.114495,
    "C1252": 0.064353,
    "C1280": 0.05968,
    "C1313": 0.048869,
    "C1401": 0.271786,
    "C1422": 0.160065,
    "C1475": 0.691225,
    "C151": 0.319948,
    "C1554": 0.168719,
    "C1590": 0.049802,
    "C1594": 0.058048,
    "C1617": 0.212024,
    "C1624": 0.064128,
    "C1635": 0.435115,
    "C1641": 0.034192,
    "C1662": 0.082654,
    "C1675": 0.089076,
    "C1691": 0.064176,
    "C1704": 0.070209,
    "C1706": 0.17151,
    "C1709": 0.160409,
    "C1712": 0.151639,
    "C1744": 0.087411,
    "C1768": 0.12782,
    "C1770": 0.067294,
    "C1783": 0.21483,
    "C1787": 0.134682,
    "C1814": 0.159252,
    "C1817": 0.12007,
    "C1841": 0.234051,
    "C1996": 0.063252,
    "C2033": 0.459591,
    "C2040": 0.176731,
    "C2043": 0.074101,
    "C212": 0.068541,
    "C223": 0.148773,
    "C229": 0.096745,
    "C246": 0.073491,
    "C260": 0.033474,
    "C267": 0.218998,
    "C288": 0.047834,
    "C294": 0.221111,
    "C296": 0.079531,
    "C2969": 0.071768,
    "C2973": 0.09925,
    "C3011": 0.048508,
    "C3012": 0.114063,
    "C3053": 0.020806,
    "C306": 0.061164,
    "C310": 0.027713,
    "C3102": 0.075013,
    "C3130": 0.173878,
    "C3219": 0.046759,
    "C3230": 0.08903,
    "C3251": 0.151952,
    "C3419": 0.134516,
    "C3630": 0.075476,
    "C3633": 0.069535,
    "C3767": 0.073441,
    "C3774": 0.03969,
    "C3776": 0.063466,
    "C379": 0.093768,
    "C3838": 0.029709,
    "C3854": 0.067227,
    "C3856": 0.04845,
    "C391": 0.041192,
    "C3923": 0.161291,
    "C3933": 0.025619,
    "C4071": 0.109024,
    "C409": 0.083825,
    "C4102": 0.027091,
    "C411": 0.082887,