{
  "arch": "gru_baseline",
  "lob": "workers_compensation",
  "config_idx": 35,
  "dropout_rate": 0.01578,
  "learning_rate": 0.0001333,
  "batch_size": 512,
  "max_epochs": 500,
  "gru_units": 256,
  "dense_units": 32,
  "mape": 0.08812510357821403,
  "rmspe": 0.15408276342985125,
  "n_companies": 234,
  "n_filtered": 0,
  "training_time": 636.59,
  "epochs_trained": 205,
  "best_val_loss": 0.0010247882455587387
}