{
  "arch": "gru_baseline",
  "lob": "workers_compensation",
  "config_idx": 76,
  "dropout_rate": 0.20996,
  "learning_rate": 0.0046835,
  "batch_size": 256,
  "max_epochs": 500,
  "gru_units": 256,
  "dense_units": 64,
  "mape": 0.1321933373339756,
  "rmspe": 0.2505862373614795,
  "n_companies": 234,
  "n_filtered": 1,
  "mape_std": 0.16812258692896975,
  "mape_p25": 0.06573187020430521,
  "mape_p75": 0.13893015352776236,
  "training_time": 191.23,
  "epochs_trained": 201,
  "best_val_loss": 0.0013169606889797641,
  "train_loss_curve": [
    0.003727,
    0.001523,
    0.001453,
    0.001398,
    0.001335,
    0.001356,
    0.001289,
    0.001255,
    0.001268,
    0.001282,
    0.001293,
    0.001262,
    0.001289,
    0.001334,
    0.001331,
    0.001278,
    0.001234,
    0.001259,
    0.001271,
    0.001238,
    0.001325,
    0.001243,
    0.001212,
    0.001192,
    0.001175,
    0.001188,
    0.001213,
    0.001167,
    0.001164,
    0.001155,
    0.001148,
    0.001273,
    0.00117,
    0.001212,
    0.001134,
    0.001155,
    0.001158,
    0.001168,
    0.001262,
    0.001181,
    0.001147,
    0.00112,
    0.001122,
    0.001151,
    0.001113,
    0.001131,
    0.001249,
    0.001137,
    0.00115,
    0.001137,
    0.001113,
    0.001117,
    0.001104,
    0.001121,
    0.001171,
    0.001103,
    0.001101,
    0.001082,
    0.001116,
    0.001078,
    0.001067,
    0.001091,
    0.001069,
    0.001105,
    0.001118,
    0.001087,
    0.001078,
    0.001066,
    0.001072,
    0.001054,
    0.001059,
    0.001115,
    0.001072,
    0.001077,
    0.001037,
    0.001045,
    0.001088,
    0.001119,
    0.001096,
    0.001043,
    0.001057,
    0.001051,
    0.001072,
    0.001042,
    0.001033,
    0.001057,
    0.001078,
    0.001112,
    0.001055,
    0.001047,
    0.001039,
    0.001029,
    0.001035,
    0.001093,
    0.00108,
    0.001064,
    0.00102,
    0.001053,
    0.001033,
    0.001027,
    0.001062,
    0.001053,
    0.001032,
    0.001025,
    0.000996,
    0.001022,
    0.001038,
    0.001147,
    0.001045,
    0.001092,
    0.001133,
    0.001102,
    0.001084,
    0.001035,
    0.001036,
    0.00101,
    0.001015,
    0.001021,
    0.001001,
    0.001023,
    0.001051,
    0.001095,
    0.001031,
    0.000999,
    0.001017,
    0.001036,
    0.000992,
    0.001008,
    0.000972,
    0.000957,
    0.000957,
    0.000971,
    0.000956,
    0.00096,
    0.000959,
    0.000953,
    0.000946,
    0.000947,
    0.000935,
    0.000938,
    0.000945,
    0.000943,
    0.000968,
    0.00095,
    0.000958,
    0.000938,
    0.000964,
    0.000947,
    0.000955,
    0.000966,
    0.000949,
    0.000943,
    0.000948,
    0.000941,
    0.000951,
    0.000977,
    0.000991,
    0.000968,
    0.000944,
    0.000972,
    0.000958,
    0.00094,
    0.000947,
    0.000931,
    0.000931,
    0.000959,
    0.000943,
    0.000944,
    0.000957,
    0.000932,
    0.000935,
    0.000929,
    0.000931,
    0.000919,
    0.000943,
    0.000944,
    0.000936,
    0.000929,
    0.000915,
    0.000921,
    0.000918,
    0.000973,
    0.000907,
    0.000928,
    0.00094,
    0.000905,
    0.000914,
    0.00091,
    0.000937,
    0.000944,
    0.000914,
    0.000908,
    0.000933,
    0.000918,
    0.000926,
    0.000909,
    0.000918,
    0.000929,
    0.000918,
    0.000929,
    0.000922
  ],
  "val_loss_curve": [
    0.002061,
    0.002122,
    0.001679,
    0.001746,
    0.001685,
    0.001957,
    0.001814,
    0.002016,
    0.001922,
    0.002095,
    0.001966,
    0.001546,
    0.002875,
    0.001536,
    0.002002,
    0.001977,
    0.001464,
    0.001439,
    0.001625,
    0.002284,
    0.001664,
    0.001415,
    0.001685,
    0.002056,
    0.001905,
    0.001502,
    0.001551,
    0.002043,
    0.002049,
    0.001608,
    0.002409,
    0.001886,
    0.002071,
    0.001827,
    0.001753,
    0.002122,
    0.001907,
    0.002307,
    0.001905,
    0.002168,
    0.001655,
    0.002049,
    0.002184,
    0.001422,
    0.001824,
    0.001416,
    0.001956,
    0.001589,
    0.001661,
    0.001821,
    0.001676,
    0.001907,
    0.001971,
    0.001614,
    0.001938,
    0.002274,
    0.001629,
    0.002037,
    0.001631,
    0.001678,
    0.001643,
    0.00191,
    0.001552,
    0.0014,
    0.001892,
    0.001836,
    0.001713,
    0.001889,
    0.002065,
    0.002052,
    0.00139,
    0.001718,
    0.001565,
    0.002097,
    0.001506,
    0.001805,
    0.001317,
    0.001443,
    0.00188,
    0.001996,
    0.001778,
    0.001539,
    0.001682,
    0.001519,
    0.001555,
    0.002011,
    0.001937,
    0.002118,
    0.001466,
    0.001712,
    0.001586,
    0.001807,
    0.00134,
    0.002432,
    0.002248,
    0.001634,
    0.001934,
    0.001659,
    0.001787,
    0.002183,
    0.001972,
    0.001829,
    0.001853,
    0.001631,
    0.001935,
    0.001746,
    0.002484,
    0.001485,
    0.001831,
    0.001515,
    0.001763,
    0.00192,
    0.001736,
    0.001954,
    0.001851,
    0.001914,
    0.001757,
    0.001767,
    0.001632,
    0.00185,
    0.001657,
    0.002404,
    0.001863,
    0.001826,
    0.001623,
    0.001954,
    0.001679,
    0.001746,
    0.001739,
    0.002079,
    0.001684,
    0.001914,
    0.001785,
    0.001725,
    0.001883,
    0.001849,
    0.001785,
    0.001794,
    0.00175,
    0.001881,
    0.001759,
    0.001769,
    0.001626,
    0.001835,
    0.001711,
    0.001442,
    0.00177,
    0.001684,
    0.002022,
    0.001678,
    0.001759,
    0.001621,
    0.001727,
    0.001852,
    0.001815,
    0.001916,
    0.001726,
    0.001782,
    0.001909,
    0.001953,
    0.001726,
    0.001682,
    0.001891,
    0.001645,
    0.002198,
    0.002055,
    0.001871,
    0.002174,
    0.001683,
    0.001725,
    0.001829,
    0.00182,
    0.001654,
    0.001638,
    0.002047,
    0.002202,
    0.001716,
    0.001723,
    0.001589,
    0.001808,
    0.001824,
    0.001754,
    0.001815,
    0.001642,
    0.001761,
    0.001769,
    0.001915,
    0.001824,
    0.001863,
    0.001778,
    0.001735,
    0.001893,
    0.001979,
    0.001742,
    0.001794,
    0.001894,
    0.001834,
    0.001759,
    0.001872,
    0.001654,
    0.001825
  ],
  "per_company_mape": {
    "C1015": 0.183761,
    "C1033": 0.103979,
    "C1068": 0.136843,
    "C1084": 0.049095,
    "C1156": 0.112955,
    "C1208": 0.090374,
    "C121": 0.060229,
    "C1218": 0.160762,
    "C1252": 0.025876,
    "C1280": 0.0922,
    "C1313": 0.043044,
    "C1401": 0.278412,
    "C1422": 0.083591,
    "C1475": 0.303453,
    "C151": 0.364296,
    "C1554": 0.080225,
    "C1590": 0.062886,
    "C1594": 0.114811,
    "C1617": 0.344138,
    "C1624": 0.051138,
    "C1635": 0.80409,
    "C1641": 0.122842,
    "C1662": 0.122361,
    "C1675": 0.08285,
    "C1691": 0.046005,
    "C1704": 0.05759,
    "C1706": 0.110529,
    "C1709": 0.168622,
    "C1712": 0.227262,
    "C1744": 0.109057,
    "C1768": 0.105213,
    "C1770": 0.059318,
    "C1783": 0.328272,
    "C1787": 0.275061,
    "C1814": 0.222711,
    "C1817": 0.16465,
    "C1841": 0.233849,
    "C1996": 0.06368,
    "C2033": 0.485364,
    "C2040": 0.144478,
    "C2043": 0.120408,
    "C212": 0.075294,
    "C223": 0.174071,
    "C229": 0.094234,
    "C246": 0.067255,
    "C260": 0.080286,
    "C267": 0.279735,
    "C288": 0.064523,
    "C294": 0.126893,
    "C296": 0.108771,
    "C2969": 0.063648,
    "C2973": 0.113235,
    "C3011": 0.071208,
    "C3012": 0.143935,
    "C3053": 0.05884,
    "C306": 0.05985,
    "C310": 0.059642,
    "C3102": 0.085988,
    "C3130": 0.29348,
    "C3219": 0.031851,
    "C3230": 0.113548,
    "C3251": 0.15813,
    "C3419": 0.124557,
    "C3630": 0.085065,
    "C3633": 0.10202,
    "C3767": 0.074801,
    "C3774": 0.034114,
    "C3776": 0.053734,
    "C379": 0.083062,
    "C3838": 0.047092,
    "C3854": 0.10575,
    "C3856": 0.092557,
    "C391": 0.035123,
    "C3923": 0.119432,
    "C3933": 0.067741,
    "C4071": 0.114347,
    "C409": 0.088994,
    "C4102": 0.049388,
    "C411": 0.13094,