{
  "arch": "gru_baseline",
  "lob": "workers_compensation",
  "config_idx": 65,
  "dropout_rate": 0.01616,
  "learning_rate": 0.001625,
  "batch_size": 256,
  "max_epochs": 1000,
  "gru_units": 128,
  "dense_units": 128,
  "mape": 0.10140634169066796,
  "rmspe": 0.15544516665046546,
  "n_companies": 234,
  "n_filtered": 0,
  "mape_std": 0.0758941485131641,
  "mape_p25": 0.05462465329260486,
  "mape_p75": 0.11653527715709605,
  "training_time": 78.11,
  "epochs_trained": 201,
  "best_val_loss": 0.0009642986988183111,
  "train_loss_curve": [
    0.002138,
    0.001189,
    0.001096,
    0.001064,
    0.001035,
    0.000986,
    0.00102,
    0.000928,
    0.000901,
    0.00096,
    0.000938,
    0.000923,
    0.000985,
    0.000892,
    0.000852,
    0.000846,
    0.000814,
    0.000873,
    0.000891,
    0.000835,
    0.000807,
    0.000817,
    0.000829,
    0.000782,
    0.000772,
    0.000769,
    0.000764,
    0.000762,
    0.000771,
    0.000789,
    0.000774,
    0.000796,
    0.000781,
    0.000759,
    0.000749,
    0.00075,
    0.000766,
    0.000736,
    0.000724,
    0.000715,
    0.000715,
    0.000745,
    0.000728,
    0.000726,
    0.000751,
    0.000731,
    0.00074,
    0.000704,
    0.000701,
    0.000694,
    0.000721,
    0.000686,
    0.000678,
    0.000707,
    0.000679,
    0.000676,
    0.000739,
    0.000715,
    0.000701,
    0.000691,
    0.000645,
    0.000639,
    0.000658,
    0.000721,
    0.000647,
    0.000645,
    0.000652,
    0.000648,
    0.00063,
    0.000652,
    0.000633,
    0.000626,
    0.000636,
    0.00063,
    0.000618,
    0.000629,
    0.000643,
    0.000619,
    0.000619,
    0.000616,
    0.000618,
    0.000619,
    0.000619,
    0.000628,
    0.000628,
    0.000617,
    0.000657,
    0.000622,
    0.000624,
    0.000635,
    0.000648,
    0.000628,
    0.000614,
    0.00062,
    0.000614,
    0.000615,
    0.000599,
    0.000598,
    0.000598,
    0.000593,
    0.000597,
    0.000607,
    0.000605,
    0.000601,
    0.000606,
    0.000586,
    0.00064,
    0.000642,
    0.000629,
    0.00061,
    0.000603,
    0.000577,
    0.000578,
    0.000608,
    0.000599,
    0.000591,
    0.000578,
    0.000591,
    0.00058,
    0.000586,
    0.000591,
    0.000578,
    0.000575,
    0.000577,
    0.000573,
    0.000573,
    0.000571,
    0.000571,
    0.00058,
    0.000566,
    0.000567,
    0.00056,
    0.000567,
    0.000564,
    0.000571,
    0.000581,
    0.000573,
    0.000583,
    0.000573,
    0.000571,
    0.000576,
    0.000565,
    0.000557,
    0.000561,
    0.00056,
    0.000579,
    0.000566,
    0.000554,
    0.000561,
    0.000566,
    0.000555,
    0.00059,
    0.000573,
    0.000629,
    0.000569,
    0.000557,
    0.000554,
    0.000566,
    0.00056,
    0.000562,
    0.000551,
    0.000555,
    0.000553,
    0.000546,
    0.000557,
    0.000551,
    0.000554,
    0.000535,
    0.000537,
    0.000546,
    0.000558,
    0.000547,
    0.000541,
    0.000544,
    0.000538,
    0.000547,
    0.000552,
    0.000544,
    0.000566,
    0.00054,
    0.000538,
    0.000574,
    0.000542,
    0.000573,
    0.00055,
    0.000547,
    0.000538,
    0.000533,
    0.000538,
    0.000543,
    0.00054,
    0.00054,
    0.000542,
    0.000531,
    0.000543,
    0.000543,
    0.000538,
    0.000538,
    0.000539,
    0.000556,
    0.000548
  ],
  "val_loss_curve": [
    0.001174,
    0.001181,
    0.001215,
    0.001233,
    0.00107,
    0.001142,
    0.001033,
    0.001013,
    0.000964,
    0.001075,
    0.001008,
    0.00138,
    0.00104,
    0.001026,
    0.001078,
    0.000998,
    0.000983,
    0.000988,
    0.001184,
    0.001,
    0.001015,
    0.001155,
    0.001176,
    0.000984,
    0.000994,
    0.001056,
    0.001029,
    0.001106,
    0.000999,
    0.001071,
    0.001155,
    0.001024,
    0.001103,
    0.001038,
    0.001063,
    0.001148,
    0.001145,
    0.001034,
    0.001028,
    0.001061,
    0.001109,
    0.001031,
    0.001012,
    0.001044,
    0.001069,
    0.001192,
    0.001016,
    0.000982,
    0.001066,
    0.00104,
    0.001065,
    0.001053,
    0.000987,
    0.00106,
    0.001026,
    0.000994,
    0.001034,
    0.001079,
    0.001052,
    0.00099,
    0.000989,
    0.001026,
    0.001041,
    0.001009,
    0.00103,
    0.000999,
    0.001055,
    0.001043,
    0.000994,
    0.00104,
    0.001014,
    0.001032,
    0.00104,
    0.001056,
    0.001086,
    0.001031,
    0.001053,
    0.001085,
    0.001065,
    0.001019,
    0.001044,
    0.001014,
    0.001041,
    0.001062,
    0.001077,
    0.001072,
    0.001037,
    0.001033,
    0.001023,
    0.001037,
    0.001069,
    0.001042,
    0.001054,
    0.001062,
    0.001042,
    0.001065,
    0.001059,
    0.001077,
    0.00107,
    0.001059,
    0.001037,
    0.001069,
    0.001074,
    0.001052,
    0.001059,
    0.001058,
    0.001073,
    0.001055,
    0.001061,
    0.001054,
    0.00108,
    0.001051,
    0.001095,
    0.001049,
    0.001087,
    0.00105,
    0.001063,
    0.001098,
    0.001052,
    0.001061,
    0.00106,
    0.001056,
    0.001055,
    0.00108,
    0.001065,
    0.001071,
    0.001067,
    0.001069,
    0.00109,
    0.001068,
    0.001065,
    0.001075,
    0.001085,
    0.001064,
    0.001075,
    0.001064,
    0.001076,
    0.001074,
    0.001082,
    0.001076,
    0.001071,
    0.001068,
    0.001083,
    0.001097,
    0.001134,
    0.001091,
    0.001065,
    0.001083,
    0.001085,
    0.001094,
    0.001073,
    0.001083,
    0.001067,
    0.001076,
    0.001081,
    0.001086,
    0.001131,
    0.001093,
    0.001084,
    0.001086,
    0.001102,
    0.001088,
    0.001072,
    0.001087,
    0.00109,
    0.001082,
    0.001091,
    0.001085,
    0.001098,
    0.001093,
    0.001094,
    0.001082,
    0.001082,
    0.001085,
    0.001073,
    0.001092,
    0.001086,
    0.001099,
    0.001084,
    0.001082,
    0.001096,
    0.001099,
    0.001097,
    0.001085,
    0.001097,
    0.001094,
    0.001081,
    0.001089,
    0.001098,
    0.001092,
    0.001104,
    0.001097,
    0.001109,
    0.001094,
    0.001091,
    0.001095,
    0.001085,
    0.001091,
    0.001102,
    0.001098,
    0.001101
  ],
  "per_company_mape": {
    "C1015": 0.091478,
    "C1033": 0.040315,
    "C1068": 0.039031,
    "C1084": 0.071605,
    "C1156": 0.039166,
    "C1208": 0.038006,
    "C121": 0.135062,
    "C1218": 0.148667,
    "C1252": 0.071184,
    "C1280": 0.218999,
    "C1313": 0.0908,
    "C1401": 0.418344,
    "C1422": 0.037209,
    "C1475": 0.164761,
    "C151": 0.121752,
    "C1554": 0.103979,
    "C1590": 0.080487,
    "C1594": 0.067054,
    "C1617": 0.014457,
    "C1624": 0.026012,
    "C1635": 0.298333,
    "C1641": 0.021927,
    "C1662": 0.044537,
    "C1675": 0.057883,
    "C1691": 0.034409,
    "C1704": 0.057045,
    "C1706": 0.267051,
    "C1709": 0.064287,
    "C1712": 0.088918,
    "C1744": 0.062303,
    "C1768": 0.184549,
    "C1770": 0.054444,
    "C1783": 0.170433,
    "C1787": 0.033048,
    "C1814": 0.065504,
    "C1817": 0.194311,
    "C1841": 0.1123,
    "C1996": 0.054602,
    "C2033": 0.228232,
    "C2040": 0.056897,
    "C2043": 0.116521,
    "C212": 0.31408,
    "C223": 0.081264,
    "C229": 0.068093,
    "C246": 0.067473,
    "C260": 0.042794,
    "C267": 0.102782,
    "C288": 0.084417,
    "C294": 0.088735,
    "C296": 0.08291,
    "C2969": 0.062148,
    "C2973": 0.042764,
    "C3011": 0.065662,
    "C3012": 0.111443,
    "C3053": 0.069292,
    "C306": 0.073673,
    "C310": 0.074024,
    "C3102": 0.155757,
    "C3130": 0.057586,
    "C3219": 0.056638,
    "C3230": 0.088058,
    "C3251": 0.062783,
    "C3419": 0.059418,
    "C3630": 0.16141,
    "C3633": 0.058186,
    "C3767": 0.13784,
    "C3774": 0.078502,
    "C3776": 0.08094,
    "C379": 0.128082,
    "C3838": 0.096945,
    "C3854": 0.077,
    "C3856": 0.065877,
    "C391": 0.096679,
    "C3923": 0.070715,
    "C3933": 0.077805,
    "C4071": 0.05345,
    "C409": 0.029274,
    "C4102": 0.064194,
    "C411": 0.053962,
    "C4146": 0.125212,