{
  "arch": "gru_baseline",
  "lob": "workers_compensation",
  "config_idx": 6,
  "dropout_rate": 0.02065,
  "learning_rate": 0.0002924,
  "batch_size": 1024,
  "max_epochs": 1000,
  "gru_units": 128,
  "dense_units": 32,
  "mape": 0.09573916241260523,
  "rmspe": 0.186784521609698,
  "n_companies": 234,
  "n_filtered": 0,
  "training_time": 457.24,
  "epochs_trained": 206,
  "best_val_loss": 0.0010542216477915645
}