{
  "arch": "gru_baseline",
  "lob": "workers_compensation",
  "config_idx": 92,
  "dropout_rate": 0.08727,
  "learning_rate": 0.0001188,
  "batch_size": 256,
  "max_epochs": 1000,
  "gru_units": 64,
  "dense_units": 32,
  "mape": 0.09789200507557523,
  "rmspe": 0.17674434806263076,
  "n_companies": 234,
  "n_filtered": 0,
  "mape_std": 0.08682706621751941,
  "mape_p25": 0.04824817307265357,
  "mape_p75": 0.11302951510412207,
  "training_time": 78.29,
  "epochs_trained": 206,
  "best_val_loss": 0.0011721732984629593,
  "train_loss_curve": [
    0.006105,
    0.003772,
    0.002819,
    0.002335,
    0.00206,
    0.001929,
    0.001785,
    0.001714,
    0.001642,
    0.001577,
    0.001579,
    0.001518,
    0.001486,
    0.001473,
    0.001454,
    0.001415,
    0.001427,
    0.001502,
    0.001393,
    0.001391,
    0.001381,
    0.001382,
    0.001387,
    0.001339,
    0.001326,
    0.001311,
    0.001328,
    0.001302,
    0.001321,
    0.001312,
    0.001292,
    0.001308,
    0.001297,
    0.001272,
    0.001282,
    0.001257,
    0.001258,
    0.001262,
    0.001268,
    0.001249,
    0.001239,
    0.001269,
    0.001245,
    0.00123,
    0.001229,
    0.00122,
    0.001243,
    0.001209,
    0.001207,
    0.001202,
    0.001203,
    0.001197,
    0.001225,
    0.001195,
    0.001195,
    0.001187,
    0.001175,
    0.00118,
    0.001174,
    0.001179,
    0.001173,
    0.001185,
    0.001176,
    0.001159,
    0.001174,
    0.001159,
    0.001154,
    0.00117,
    0.001193,
    0.001156,
    0.001168,
    0.001172,
    0.001261,
    0.001248,
    0.001166,
    0.001146,
    0.00114,
    0.001134,
    0.001133,
    0.001143,
    0.001123,
    0.001123,
    0.001223,
    0.00114,
    0.001161,
    0.001129,
    0.001189,
    0.00112,
    0.00113,
    0.001136,
    0.001106,
    0.001132,
    0.001145,
    0.001114,
    0.001117,
    0.001116,
    0.001102,
    0.001104,
    0.001099,
    0.00115,
    0.001105,
    0.001096,
    0.001098,
    0.001107,
    0.001107,
    0.001109,
    0.001099,
    0.001082,
    0.001103,
    0.001083,
    0.0011,
    0.001111,
    0.00111,
    0.001101,
    0.001078,
    0.001112,
    0.001108,
    0.001098,
    0.001087,
    0.001075,
    0.001083,
    0.001091,
    0.001111,
    0.001098,
    0.001087,
    0.001091,
    0.001072,
    0.001101,
    0.001072,
    0.001063,
    0.001068,
    0.001103,
    0.001088,
    0.001072,
    0.001082,
    0.001081,
    0.001081,
    0.001067,
    0.001077,
    0.001091,
    0.001083,
    0.001067,
    0.001081,
    0.001061,
    0.001061,
    0.001079,
    0.001072,
    0.001077,
    0.001061,
    0.001076,
    0.001055,
    0.001051,
    0.00108,
    0.001058,
    0.001061,
    0.001065,
    0.001067,
    0.00105,
    0.001068,
    0.001042,
    0.001054,
    0.001048,
    0.001066,
    0.001048,
    0.001061,
    0.001054,
    0.001064,
    0.001049,
    0.001057,
    0.001039,
    0.001055,
    0.001052,
    0.001047,
    0.001032,
    0.001058,
    0.001127,
    0.001056,
    0.001042,
    0.001052,
    0.001051,
    0.001067,
    0.001042,
    0.001038,
    0.00104,
    0.001033,
    0.00107,
    0.001066,
    0.001057,
    0.001042,
    0.001038,
    0.001036,
    0.001022,
    0.001023,
    0.001036,
    0.001047,
    0.001054,
    0.001023,
    0.001073,
    0.001046,
    0.001049,
    0.001066,
    0.00104,
    0.001029,
    0.001038,
    0.001038,
    0.001028
  ],
  "val_loss_curve": [
    0.010346,
    0.006244,
    0.004472,
    0.003317,
    0.002604,
    0.002154,
    0.001921,
    0.00176,
    0.001632,
    0.001549,
    0.001511,
    0.001447,
    0.001434,
    0.001401,
    0.00138,
    0.00138,
    0.001359,
    0.001363,
    0.00134,
    0.001322,
    0.001323,
    0.001322,
    0.001309,
    0.001348,
    0.001316,
    0.001288,
    0.00131,
    0.001296,
    0.001308,
    0.001276,
    0.001291,
    0.001278,
    0.001267,
    0.001286,
    0.001281,
    0.001286,
    0.001285,
    0.00124,
    0.001274,
    0.00128,
    0.001254,
    0.001328,
    0.001282,
    0.00124,
    0.001235,
    0.001238,
    0.001251,
    0.001271,
    0.001279,
    0.001295,
    0.001248,
    0.001263,
    0.001233,
    0.001275,
    0.001256,
    0.001263,
    0.001259,
    0.001213,
    0.001254,
    0.00124,
    0.001213,
    0.001265,
    0.001252,
    0.001275,
    0.001261,
    0.001263,
    0.00124,
    0.00129,
    0.00119,
    0.00128,
    0.001261,
    0.001222,
    0.001253,
    0.001217,
    0.001224,
    0.001209,
    0.001247,
    0.001218,
    0.001251,
    0.00125,
    0.001221,
    0.001232,
    0.001214,
    0.001233,
    0.001219,
    0.00122,
    0.001271,
    0.001216,
    0.001284,
    0.001266,
    0.001242,
    0.001262,
    0.001226,
    0.001213,
    0.001229,
    0.00125,
    0.001248,
    0.001209,
    0.001214,
    0.0012,
    0.001239,
    0.001245,
    0.001231,
    0.001237,
    0.001208,
    0.001246,
    0.001207,
    0.001245,
    0.001201,
    0.001214,
    0.001249,
    0.001189,
    0.001224,
    0.001231,
    0.001195,
    0.001236,
    0.001226,
    0.00124,
    0.00122,
    0.001216,
    0.001243,
    0.001259,
    0.001226,
    0.0012,
    0.001208,
    0.001211,
    0.001232,
    0.001227,
    0.001199,
    0.001218,
    0.001264,
    0.001203,
    0.001274,
    0.001253,
    0.001212,
    0.001239,
    0.001258,
    0.001205,
    0.001259,
    0.001265,
    0.001198,
    0.001208,
    0.001252,
    0.00123,
    0.001239,
    0.001186,
    0.001234,
    0.001219,
    0.001201,
    0.001198,
    0.001195,
    0.001221,
    0.001221,
    0.001248,
    0.001231,
    0.001207,
    0.001206,
    0.001227,
    0.001185,
    0.001227,
    0.001207,
    0.001226,
    0.001233,
    0.001248,
    0.001228,
    0.001222,
    0.00118,
    0.001202,
    0.001216,
    0.001254,
    0.001213,
    0.001192,
    0.00121,
    0.001218,
    0.001231,
    0.001199,
    0.0012,
    0.001209,
    0.001231,
    0.001204,
    0.001217,
    0.001203,
    0.001225,
    0.001222,
    0.001187,
    0.001216,
    0.001186,
    0.001215,
    0.001193,
    0.001247,
    0.001236,
    0.001208,
    0.001183,
    0.001198,
    0.001202,
    0.001195,
    0.001213,
    0.0012,
    0.001217,
    0.001172,
    0.001176,
    0.001202,
    0.001205,
    0.001188,
    0.001198,
    0.001207
  ],
  "per_company_mape": {
    "C1015": 0.052223,
    "C1033": 0.066745,
    "C1068": 0.05593,
    "C1084": 0.107618,
    "C1156": 0.027391,
    "C1208": 0.018745,
    "C121": 0.12265,
    "C1218": 0.11034,
    "C1252": 0.021472,
    "C1280": 0.089752,
    "C1313": 0.102235,
    "C1401": 0.36571,
    "C1422": 0.061923,
    "C1475": 0.602931,
    "C151": 0.227348,
    "C1554": 0.083142,
    "C1590": 0.0611,
    "C1594": 0.042457,
    "C1617": 0.066288,
    "C1624": 0.033503,
    "C1635": 0.386463,
    "C1641": 0.027454,
    "C1662": 0.045961,
    "C1675": 0.0235,
    "C1691": 0.031293,
    "C1704": 0.064047,
    "C1706": 0.15167,
    "C1709": 0.065934,
    "C1712": 0.174812,
    "C1744": 0.034545,
    "C1768": 0.243836,
    "C1770": 0.048271,
    "C1783": 0.120414,
    "C1787": 0.038209,
    "C1814": 0.09314,
    "C1817": 0.080531,
    "C1841": 0.097377,
    "C1996": 0.044205,
    "C2033": 0.319131,
    "C2040": 0.057575,
    "C2043": 0.100144,
    "C212": 0.312864,
    "C223": 0.060442,
    "C229": 0.035228,
    "C246": 0.046316,
    "C260": 0.067102,
    "C267": 0.106089,
    "C288": 0.07015,
    "C294": 0.069542,
    "C296": 0.047818,
    "C2969": 0.060392,
    "C2973": 0.052348,
    "C3011": 0.039231,
    "C3012": 0.13886,
    "C3053": 0.056538,
    "C306": 0.053373,
    "C310": 0.033803,
    "C3102": 0.171895,
    "C3130": 0.075285,
    "C3219": 0.032044,
    "C3230": 0.035197,
    "C3251": 0.063549,
    "C3419": 0.066586,
    "C3630": 0.150454,
    "C3633": 0.041498,
    "C3767": 0.132265,
    "C3774": 0.039652,
    "C3776": 0.07749,
    "C379": 0.118256,
    "C3838": 0.04824,
    "C3854": 0.068777,
    "C3856": 0.072322,
    "C391": 0.062926,
    "C3923": 0.131723,