{
  "arch": "gru_baseline",
  "lob": "workers_compensation",
  "config_idx": 90,
  "dropout_rate": 0.13997,
  "learning_rate": 0.0001145,
  "batch_size": 256,
  "max_epochs": 500,
  "gru_units": 256,
  "dense_units": 64,
  "mape": 0.09444447300590877,
  "rmspe": 0.1974069857839148,
  "n_companies": 234,
  "n_filtered": 0,
  "mape_std": 0.11686135826351461,
  "mape_p25": 0.03993649904498526,
  "mape_p75": 0.09959557812445542,
  "training_time": 96.04,
  "epochs_trained": 203,
  "best_val_loss": 0.0012923540655590063,
  "train_loss_curve": [
    0.005135,
    0.002754,
    0.002079,
    0.001782,
    0.001627,
    0.001534,
    0.001481,
    0.001436,
    0.001432,
    0.001377,
    0.001373,
    0.001343,
    0.001329,
    0.001303,
    0.001302,
    0.00128,
    0.001285,
    0.001284,
    0.001257,
    0.001278,
    0.001253,
    0.001251,
    0.001234,
    0.001206,
    0.001222,
    0.001219,
    0.001201,
    0.001201,
    0.001202,
    0.001215,
    0.001237,
    0.00118,
    0.001228,
    0.001165,
    0.001192,
    0.001162,
    0.001157,
    0.00115,
    0.00115,
    0.001148,
    0.001177,
    0.001155,
    0.001136,
    0.001142,
    0.001156,
    0.001146,
    0.001175,
    0.00113,
    0.001132,
    0.001119,
    0.001124,
    0.001134,
    0.001112,
    0.001133,
    0.001108,
    0.001134,
    0.001108,
    0.001109,
    0.001103,
    0.001094,
    0.001112,
    0.001096,
    0.001088,
    0.0011,
    0.001093,
    0.001113,
    0.001113,
    0.001084,
    0.001085,
    0.001096,
    0.001072,
    0.001095,
    0.001101,
    0.001086,
    0.001104,
    0.001088,
    0.001061,
    0.001079,
    0.001095,
    0.001136,
    0.001086,
    0.001083,
    0.001074,
    0.001097,
    0.001063,
    0.001067,
    0.001075,
    0.001089,
    0.001081,
    0.001076,
    0.001079,
    0.001081,
    0.00108,
    0.001102,
    0.001096,
    0.001073,
    0.001074,
    0.001069,
    0.00106,
    0.001058,
    0.001089,
    0.001063,
    0.001067,
    0.001066,
    0.001149,
    0.001154,
    0.001092,
    0.001069,
    0.001059,
    0.001075,
    0.001063,
    0.001055,
    0.001067,
    0.001056,
    0.001061,
    0.001069,
    0.001098,
    0.001069,
    0.001054,
    0.001056,
    0.001043,
    0.00105,
    0.001056,
    0.001074,
    0.001049,
    0.00105,
    0.001051,
    0.001073,
    0.001057,
    0.001061,
    0.001069,
    0.001057,
    0.001083,
    0.001073,
    0.00109,
    0.001054,
    0.00104,
    0.001048,
    0.001042,
    0.001077,
    0.00109,
    0.001048,
    0.001058,
    0.001058,
    0.00138,
    0.001057,
    0.001078,
    0.001059,
    0.001051,
    0.001048,
    0.001057,
    0.001044,
    0.001086,
    0.001051,
    0.001047,
    0.001037,
    0.00105,
    0.001049,
    0.001059,
    0.001065,
    0.001063,
    0.001048,
    0.001091,
    0.001063,
    0.001047,
    0.001066,
    0.001043,
    0.001072,
    0.001058,
    0.001104,
    0.001036,
    0.001043,
    0.001042,
    0.00106,
    0.001076,
    0.001039,
    0.001045,
    0.001033,
    0.001063,
    0.001045,
    0.00105,
    0.001033,
    0.001053,
    0.001037,
    0.001026,
    0.001037,
    0.001055,
    0.00105,
    0.001048,
    0.001089,
    0.001037,
    0.001034,
    0.001061,
    0.001045,
    0.001036,
    0.00103,
    0.00102,
    0.001035,
    0.001037,
    0.001041,
    0.001146,
    0.001112,
    0.001042
  ],
  "val_loss_curve": [
    0.005611,
    0.003042,
    0.002041,
    0.001692,
    0.001549,
    0.001522,
    0.001418,
    0.001472,
    0.001341,
    0.001348,
    0.00139,
    0.001387,
    0.001424,
    0.001365,
    0.001367,
    0.001292,
    0.001374,
    0.001405,
    0.001442,
    0.001343,
    0.001508,
    0.001381,
    0.001364,
    0.001357,
    0.001364,
    0.00134,
    0.001339,
    0.001312,
    0.001343,
    0.001371,
    0.001373,
    0.001394,
    0.001383,
    0.001398,
    0.001392,
    0.001301,
    0.001312,
    0.001371,
    0.00147,
    0.001331,
    0.001383,
    0.001394,
    0.001323,
    0.001321,
    0.001327,
    0.001367,
    0.001451,
    0.001502,
    0.001388,
    0.001352,
    0.001421,
    0.00136,
    0.001337,
    0.001487,
    0.001315,
    0.001388,
    0.00138,
    0.001393,
    0.001299,
    0.00137,
    0.001337,
    0.001332,
    0.001392,
    0.00137,
    0.001346,
    0.00156,
    0.001351,
    0.001409,
    0.001348,
    0.001392,
    0.001356,
    0.001412,
    0.00139,
    0.001338,
    0.00133,
    0.001375,
    0.00139,
    0.001412,
    0.001368,
    0.001412,
    0.001318,
    0.001397,
    0.001348,
    0.001332,
    0.001435,
    0.001374,
    0.00134,
    0.001402,
    0.001394,
    0.001385,
    0.001385,
    0.001383,
    0.001389,
    0.001326,
    0.001393,
    0.001414,
    0.001408,
    0.001366,
    0.001355,
    0.001365,
    0.001333,
    0.001402,
    0.001384,
    0.001389,
    0.001331,
    0.001335,
    0.001381,
    0.001416,
    0.001448,
    0.001373,
    0.001406,
    0.001367,
    0.001384,
    0.001392,
    0.001378,
    0.001321,
    0.001361,
    0.001392,
    0.001395,
    0.001399,
    0.001393,
    0.001375,
    0.001399,
    0.00137,
    0.001363,
    0.001399,
    0.001346,
    0.00137,
    0.001393,
    0.001358,
    0.001401,
    0.001385,
    0.001353,
    0.001391,
    0.001336,
    0.001375,
    0.001382,
    0.001362,
    0.001382,
    0.001383,
    0.001335,
    0.00138,
    0.001365,
    0.001393,
    0.001368,
    0.001379,
    0.001328,
    0.001375,
    0.001368,
    0.001374,
    0.001367,
    0.001379,
    0.00138,
    0.001369,
    0.001385,
    0.001365,
    0.001393,
    0.001387,
    0.001405,
    0.001381,
    0.001374,
    0.001364,
    0.001362,
    0.001375,
    0.001411,
    0.001383,
    0.001365,
    0.001387,
    0.001369,
    0.001353,
    0.001378,
    0.001376,
    0.001363,
    0.001381,
    0.001373,
    0.001383,
    0.001378,
    0.001376,
    0.001353,
    0.001361,
    0.00137,
    0.00136,
    0.001358,
    0.001362,
    0.001362,
    0.001371,
    0.001376,
    0.001374,
    0.001367,
    0.001372,
    0.001363,
    0.001397,
    0.001376,
    0.001372,
    0.001353,
    0.001391,
    0.001371,
    0.001388,
    0.001369,
    0.001378,
    0.001379,
    0.001355,
    0.001366
  ],
  "per_company_mape": {
    "C1015": 0.159719,
    "C1033": 0.09216,
    "C1068": 0.051997,
    "C1084": 0.031799,
    "C1156": 0.083039,
    "C1208": 0.010702,
    "C121": 0.082262,
    "C1218": 0.12301,
    "C1252": 0.032932,
    "C1280": 0.116143,
    "C1313": 0.072214,
    "C1401": 0.355706,
    "C1422": 0.065388,
    "C1475": 0.742936,
    "C151": 0.16518,
    "C1554": 0.132655,
    "C1590": 0.070885,
    "C1594": 0.047921,
    "C1617": 0.134189,
    "C1624": 0.064307,
    "C1635": 0.575138,
    "C1641": 0.099212,
    "C1662": 0.051641,
    "C1675": 0.076819,
    "C1691": 0.020191,
    "C1704": 0.059158,
    "C1706": 0.146716,
    "C1709": 0.155769,
    "C1712": 0.161301,
    "C1744": 0.028411,
    "C1768": 0.198436,
    "C1770": 0.047989,
    "C1783": 0.173183,
    "C1787": 0.086698,
    "C1814": 0.159916,
    "C1817": 0.096447,
    "C1841": 0.145219,
    "C1996": 0.048101,
    "C2033": 0.402737,
    "C2040": 0.082085,
    "C2043": 0.042812,
    "C212": 0.162526,
    "C223": 0.115716,
    "C229": 0.053297,
    "C246": 0.033922,
    "C260": 0.039204,
    "C267": 0.172688,
    "C288": 0.03197,
    "C294": 0.062182,
    "C296": 0.037775,
    "C2969": 0.031967,
    "C2973": 0.050401,
    "C3011": 0.041692,
    "C3012": 0.140342,
    "C3053": 0.041729,
    "C306": 0.046509,
    "C310": 0.03568,
    "C3102": 0.077889,
    "C3130": 0.13604,
    "C3219": 0.036238,
    "C3230": 0.041622,
    "C3251": 0.11564,
    "C3419": 0.053859,
    "C3630": 0.083961,
    "C3633": 0.075211,
    "C3767": 0.085089,
    "C3774": 0.034303,
    "C3776": 0.108362,
    "C379": 0.108931,
    "C3838": 0.03261,
    "C3854": 0.071411,
    "C3856": 0.08522,
    "C391": 0.034115,
    "C3923": 0.096531,
    "C3933": 0.044214,
    "C4071": 0.097595,
    "C409": 0.101964,