{
  "arch": "gru_baseline",
  "lob": "workers_compensation",
  "config_idx": 98,
  "dropout_rate": 0.03277,
  "learning_rate": 0.0011658,
  "batch_size": 1024,
  "max_epochs": 500,
  "gru_units": 256,
  "dense_units": 32,
  "mape": 0.1100600000661152,
  "rmspe": 0.16531695841210262,
  "n_companies": 234,
  "n_filtered": 0,
  "mape_std": 0.08251137082830184,
  "mape_p25": 0.0622139957604316,
  "mape_p75": 0.1266528942261856,
  "training_time": 71.88,
  "epochs_trained": 201,
  "best_val_loss": 0.0009374703804496676,
  "train_loss_curve": [
    0.003345,
    0.001544,
    0.001283,
    0.001255,
    0.001176,
    0.001164,
    0.001114,
    0.001107,
    0.001067,
    0.001067,
    0.001065,
    0.001036,
    0.00102,
    0.00101,
    0.001008,
    0.000979,
    0.001,
    0.000996,
    0.00097,
    0.000977,
    0.000964,
    0.000955,
    0.000941,
    0.000941,
    0.000949,
    0.000937,
    0.000956,
    0.000949,
    0.000924,
    0.000928,
    0.000931,
    0.000925,
    0.000918,
    0.000909,
    0.000904,
    0.000906,
    0.000896,
    0.000896,
    0.00089,
    0.000896,
    0.00089,
    0.000884,
    0.000891,
    0.000887,
    0.000893,
    0.000874,
    0.00087,
    0.00087,
    0.000864,
    0.000864,
    0.000886,
    0.000855,
    0.000852,
    0.000839,
    0.000853,
    0.000857,
    0.000847,
    0.000872,
    0.000846,
    0.000845,
    0.000861,
    0.000853,
    0.000837,
    0.000837,
    0.000832,
    0.000838,
    0.000826,
    0.000836,
    0.000811,
    0.000818,
    0.000819,
    0.000824,
    0.000815,
    0.000813,
    0.000828,
    0.000806,
    0.000794,
    0.000795,
    0.000794,
    0.000785,
    0.000798,
    0.000796,
    0.000813,
    0.000811,
    0.0008,
    0.000811,
    0.000793,
    0.000785,
    0.000776,
    0.000776,
    0.000785,
    0.000801,
    0.000789,
    0.000774,
    0.000774,
    0.000781,
    0.000777,
    0.000772,
    0.00077,
    0.00079,
    0.000795,
    0.000778,
    0.000799,
    0.000784,
    0.000771,
    0.00078,
    0.000779,
    0.000787,
    0.000782,
    0.000766,
    0.000785,
    0.000769,
    0.000781,
    0.000766,
    0.000767,
    0.000766,
    0.000772,
    0.000774,
    0.000761,
    0.000761,
    0.000755,
    0.00077,
    0.000762,
    0.000771,
    0.000753,
    0.000779,
    0.000757,
    0.000752,
    0.000751,
    0.000747,
    0.000755,
    0.000754,
    0.000761,
    0.000757,
    0.000752,
    0.000755,
    0.000744,
    0.000747,
    0.000762,
    0.000757,
    0.000762,
    0.000744,
    0.000753,
    0.000743,
    0.000762,
    0.000743,
    0.000757,
    0.000757,
    0.000751,
    0.000744,
    0.000763,
    0.000751,
    0.000749,
    0.000745,
    0.00073,
    0.000751,
    0.00075,
    0.000746,
    0.000739,
    0.000752,
    0.000748,
    0.000736,
    0.000734,
    0.000746,
    0.000739,
    0.000732,
    0.000746,
    0.000753,
    0.000757,
    0.000742,
    0.000744,
    0.000747,
    0.000747,
    0.000733,
    0.000745,
    0.000735,
    0.000738,
    0.000746,
    0.000742,
    0.000735,
    0.000741,
    0.000732,
    0.000745,
    0.00074,
    0.000742,
    0.000731,
    0.000733,
    0.000739,
    0.000738,
    0.000747,
    0.000732,
    0.000742,
    0.000738,
    0.000735,
    0.000729,
    0.000745,
    0.000734,
    0.000726,
    0.000737,
    0.000747,
    0.00073
  ],
  "val_loss_curve": [
    0.001257,
    0.001162,
    0.001049,
    0.001079,
    0.00119,
    0.001,
    0.001012,
    0.001013,
    0.001123,
    0.001046,
    0.001007,
    0.001035,
    0.001012,
    0.001149,
    0.001005,
    0.000993,
    0.001052,
    0.001015,
    0.000994,
    0.001045,
    0.000984,
    0.001047,
    0.000997,
    0.000937,
    0.000986,
    0.001023,
    0.000975,
    0.00104,
    0.000972,
    0.001022,
    0.00094,
    0.00096,
    0.000996,
    0.00102,
    0.001054,
    0.000974,
    0.001015,
    0.000976,
    0.000998,
    0.001008,
    0.001124,
    0.000955,
    0.000958,
    0.001015,
    0.00105,
    0.000996,
    0.000979,
    0.001013,
    0.000998,
    0.001113,
    0.000961,
    0.001025,
    0.001032,
    0.001017,
    0.000999,
    0.000992,
    0.000997,
    0.00104,
    0.001008,
    0.001026,
    0.000961,
    0.000984,
    0.001089,
    0.001039,
    0.001025,
    0.001118,
    0.001003,
    0.001025,
    0.00098,
    0.001012,
    0.001025,
    0.001019,
    0.001025,
    0.000978,
    0.000989,
    0.001037,
    0.00099,
    0.000988,
    0.001024,
    0.001036,
    0.000979,
    0.001012,
    0.001056,
    0.000988,
    0.001015,
    0.001048,
    0.001003,
    0.000991,
    0.001,
    0.001029,
    0.001013,
    0.00102,
    0.00098,
    0.000996,
    0.000995,
    0.001,
    0.000987,
    0.001018,
    0.001019,
    0.00097,
    0.00102,
    0.00101,
    0.001003,
    0.00105,
    0.001039,
    0.001025,
    0.000973,
    0.001009,
    0.001028,
    0.001007,
    0.000968,
    0.001076,
    0.001029,
    0.001015,
    0.001013,
    0.00104,
    0.001006,
    0.000996,
    0.001011,
    0.001033,
    0.000992,
    0.001028,
    0.000995,
    0.001033,
    0.001024,
    0.001046,
    0.000984,
    0.001012,
    0.001021,
    0.000986,
    0.001014,
    0.001009,
    0.001,
    0.001028,
    0.001036,
    0.001023,
    0.001008,
    0.001031,
    0.00101,
    0.001023,
    0.00101,
    0.00105,
    0.001025,
    0.001028,
    0.000999,
    0.001034,
    0.001006,
    0.001018,
    0.001018,
    0.001011,
    0.00103,
    0.001004,
    0.001027,
    0.001015,
    0.001,
    0.001014,
    0.001014,
    0.001005,
    0.001016,
    0.00099,
    0.001027,
    0.001013,
    0.001008,
    0.000986,
    0.001002,
    0.001013,
    0.00101,
    0.001,
    0.001025,
    0.001021,
    0.001004,
    0.001011,
    0.000986,
    0.000995,
    0.00102,
    0.00101,
    0.000992,
    0.00101,
    0.001008,
    0.001009,
    0.00101,
    0.001012,
    0.001003,
    0.001003,
    0.001034,
    0.001004,
    0.00101,
    0.001011,
    0.001022,
    0.001017,
    0.001023,
    0.001022,
    0.001014,
    0.001003,
    0.001008,
    0.001018,
    0.001032,
    0.001002,
    0.001016,
    0.001022,
    0.001024
  ],
  "per_company_mape": {
    "C1015": 0.080459,
    "C1033": 0.068306,
    "C1068": 0.076262,
    "C1084": 0.108968,
    "C1156": 0.051119,
    "C1208": 0.029278,
    "C121": 0.170635,
    "C1218": 0.179012,
    "C1252": 0.076492,
    "C1280": 0.18583,
    "C1313": 0.092406,
    "C1401": 0.451298,
    "C1422": 0.111719,
    "C1475": 0.216361,
    "C151": 0.134544,
    "C1554": 0.076164,
    "C1590": 0.082941,
    "C1594": 0.084915,
    "C1617": 0.031782,
    "C1624": 0.038925,
    "C1635": 0.245932,
    "C1641": 0.028824,
    "C1662": 0.050977,
    "C1675": 0.022454,
    "C1691": 0.039404,
    "C1704": 0.065604,
    "C1706": 0.283207,
    "C1709": 0.052194,
    "C1712": 0.134511,
    "C1744": 0.081607,
    "C1768": 0.149825,
    "C1770": 0.059519,
    "C1783": 0.181585,
    "C1787": 0.044735,
    "C1814": 0.072874,
    "C1817": 0.082374,
    "C1841": 0.116017,
    "C1996": 0.054155,
    "C2033": 0.260979,
    "C2040": 0.06271,
    "C2043": 0.065419,
    "C212": 0.234331,
    "C223": 0.078952,
    "C229": 0.072003,
    "C246": 0.071692,
    "C260": 0.101989,
    "C267": 0.085343,
    "C288": 0.058385,
    "C294": 0.096014,
    "C296": 0.069273,
    "C2969": 0.084285,
    "C2973": 0.070837,
    "C3011": 0.066034,
    "C3012": 0.18076,
    "C3053": 0.061717,
    "C306": 0.083671,
    "C310": 0.079947,
    "C3102": 0.157311,
    "C3130": 0.09826,
    "C3219": 0.053201,
    "C3230": 0.081441,
    "C3251": 0.056257,
    "C3419": 0.05259,
    "C3630": 0.143245,
    "C3633": 0.075633,
    "C3767": 0.12183,
    "C3774": 0.073057,
    "C3776": 0.091735,
    "C379": 0.126543,
    "C3838": 0.081732,
    "C3854": 0.049232,
    "C3856": 0.082265,
    "C391": 0.077083,
    "C3923": 0.0626,
    "C3933": 0.078151,
    "C4071": 0.084187,
    "C409": 0.035672,
    "C4102": 0.074932,
    "C411": 0.047342,
    "C4146": 0.121892,
    "C4212": 0.76911,