{
  "arch": "gru_baseline",
  "lob": "workers_compensation",
  "config_idx": 0,
  "dropout_rate": 0.09961,
  "learning_rate": 0.0002313,
  "batch_size": 256,
  "max_epochs": 500,
  "gru_units": 256,
  "dense_units": 128,
  "mape": 0.09278166050831826,
  "rmspe": 0.19342893663536814,
  "n_companies": 234,
  "n_filtered": 0,
  "training_time": 833.56,
  "epochs_trained": 202,
  "best_val_loss": 0.0011671974789351225
}