{
  "arch": "gru_baseline",
  "lob": "workers_compensation",
  "config_idx": 89,
  "dropout_rate": 0.0224,
  "learning_rate": 0.0003366,
  "batch_size": 512,
  "max_epochs": 500,
  "gru_units": 128,
  "dense_units": 32,
  "mape": 0.0943111505610764,
  "rmspe": 0.1901109905064096,
  "n_companies": 234,
  "n_filtered": 0,
  "mape_std": 0.10035191634617532,
  "mape_p25": 0.04402856989180773,
  "mape_p75": 0.10468847441482945,
  "training_time": 58.28,
  "epochs_trained": 203,
  "best_val_loss": 0.0010219003473009383,
  "train_loss_curve": [
    0.005494,
    0.002517,
    0.001718,
    0.001393,
    0.001297,
    0.001237,
    0.001212,
    0.001186,
    0.00116,
    0.001162,
    0.001175,
    0.001134,
    0.001098,
    0.001109,
    0.001094,
    0.001081,
    0.001077,
    0.001076,
    0.00107,
    0.001055,
    0.00106,
    0.00105,
    0.001047,
    0.001035,
    0.001035,
    0.001028,
    0.00102,
    0.001012,
    0.001024,
    0.001004,
    0.001002,
    0.001016,
    0.000989,
    0.000991,
    0.000987,
    0.00098,
    0.000981,
    0.000976,
    0.000971,
    0.000965,
    0.000963,
    0.000961,
    0.000964,
    0.00097,
    0.000948,
    0.000966,
    0.000955,
    0.000947,
    0.000936,
    0.00094,
    0.000937,
    0.000928,
    0.000935,
    0.000927,
    0.000932,
    0.000933,
    0.000912,
    0.000916,
    0.000917,
    0.000913,
    0.00092,
    0.000906,
    0.000915,
    0.00092,
    0.000906,
    0.000899,
    0.000898,
    0.000887,
    0.000886,
    0.000892,
    0.000898,
    0.000882,
    0.000894,
    0.000892,
    0.000881,
    0.000883,
    0.00089,
    0.000896,
    0.000872,
    0.000877,
    0.000877,
    0.000872,
    0.00087,
    0.000869,
    0.000867,
    0.000869,
    0.000872,
    0.000862,
    0.00087,
    0.000861,
    0.000858,
    0.000866,
    0.000852,
    0.000853,
    0.00086,
    0.000857,
    0.000877,
    0.000855,
    0.000859,
    0.000856,
    0.000853,
    0.000853,
    0.000854,
    0.000839,
    0.000837,
    0.000837,
    0.000863,
    0.000845,
    0.000852,
    0.000838,
    0.000835,
    0.000835,
    0.000841,
    0.000838,
    0.000832,
    0.000835,
    0.000836,
    0.000828,
    0.000831,
    0.000832,
    0.000825,
    0.000819,
    0.00083,
    0.000821,
    0.000822,
    0.000823,
    0.00081,
    0.000825,
    0.000823,
    0.000822,
    0.000823,
    0.000812,
    0.000815,
    0.000818,
    0.000814,
    0.000799,
    0.000805,
    0.000802,
    0.000816,
    0.000804,
    0.000797,
    0.000805,
    0.000809,
    0.000802,
    0.000797,
    0.000807,
    0.000799,
    0.000797,
    0.000799,
    0.000806,
    0.000797,
    0.000804,
    0.000789,
    0.000797,
    0.000802,
    0.000799,
    0.000789,
    0.000795,
    0.000793,
    0.000792,
    0.000802,
    0.000794,
    0.000792,
    0.000807,
    0.000795,
    0.000799,
    0.000803,
    0.000792,
    0.000785,
    0.000791,
    0.000796,
    0.000799,
    0.000792,
    0.000788,
    0.000789,
    0.00079,
    0.00079,
    0.000788,
    0.000785,
    0.000786,
    0.000781,
    0.000788,
    0.000786,
    0.000786,
    0.000791,
    0.00079,
    0.000786,
    0.000785,
    0.000784,
    0.000783,
    0.00078,
    0.000785,
    0.000781,
    0.000776,
    0.000781,
    0.000776,
    0.000779,
    0.000784,
    0.00078,
    0.000776,
    0.000778,
    0.000781,
    0.000772
  ],
  "val_loss_curve": [
    0.00712,
    0.003225,
    0.001765,
    0.001355,
    0.001239,
    0.001152,
    0.001112,
    0.001117,
    0.001096,
    0.001091,
    0.001113,
    0.001095,
    0.001064,
    0.001083,
    0.001098,
    0.001083,
    0.001076,
    0.001083,
    0.001052,
    0.001044,
    0.001105,
    0.001055,
    0.001069,
    0.00109,
    0.001052,
    0.001058,
    0.00105,
    0.001064,
    0.001056,
    0.001044,
    0.001052,
    0.001048,
    0.001048,
    0.001062,
    0.001055,
    0.001049,
    0.001068,
    0.001072,
    0.00105,
    0.001056,
    0.001049,
    0.001055,
    0.001076,
    0.001063,
    0.001041,
    0.001098,
    0.001079,
    0.001064,
    0.001062,
    0.001072,
    0.001056,
    0.001047,
    0.001048,
    0.001034,
    0.001064,
    0.001077,
    0.001087,
    0.001062,
    0.001061,
    0.00106,
    0.001054,
    0.001054,
    0.001038,
    0.001039,
    0.001063,
    0.001038,
    0.00105,
    0.001046,
    0.001046,
    0.001027,
    0.001072,
    0.001042,
    0.001057,
    0.001076,
    0.001042,
    0.001049,
    0.001075,
    0.001059,
    0.001046,
    0.001052,
    0.00106,
    0.001049,
    0.001052,
    0.001022,
    0.001054,
    0.001063,
    0.00104,
    0.00105,
    0.001054,
    0.001039,
    0.001042,
    0.00106,
    0.00105,
    0.001041,
    0.001031,
    0.001054,
    0.001038,
    0.001057,
    0.001035,
    0.001067,
    0.001033,
    0.001047,
    0.00106,
    0.001035,
    0.001067,
    0.00104,
    0.001049,
    0.001039,
    0.001056,
    0.001046,
    0.001032,
    0.001042,
    0.001066,
    0.001056,
    0.001056,
    0.001033,
    0.00107,
    0.001051,
    0.001041,
    0.001049,
    0.001043,
    0.001053,
    0.001054,
    0.001051,
    0.001047,
    0.001042,
    0.00103,
    0.00104,
    0.001046,
    0.001036,
    0.001053,
    0.001041,
    0.001044,
    0.00106,
    0.001069,
    0.001046,
    0.001045,
    0.001042,
    0.001035,
    0.001059,
    0.001032,
    0.00107,
    0.001059,
    0.001046,
    0.001039,
    0.00105,
    0.001036,
    0.001045,
    0.001045,
    0.001033,
    0.001047,
    0.001038,
    0.001051,
    0.001064,
    0.001054,
    0.001048,
    0.00106,
    0.001055,
    0.001044,
    0.001055,
    0.001046,
    0.001047,
    0.001051,
    0.001043,
    0.001036,
    0.001049,
    0.001046,
    0.001042,
    0.001047,
    0.001051,
    0.001057,
    0.001045,
    0.00104,
    0.001033,
    0.00105,
    0.001043,
    0.001049,
    0.001046,
    0.001046,
    0.001046,
    0.001051,
    0.001062,
    0.001052,
    0.001034,
    0.001046,
    0.001043,
    0.001032,
    0.001047,
    0.00105,
    0.00104,
    0.001041,
    0.001051,
    0.001041,
    0.001046,
    0.001032,
    0.001053,
    0.001039,
    0.001048,
    0.001037,
    0.001044,
    0.001043,
    0.00105,
    0.001039
  ],
  "per_company_mape": {
    "C1015": 0.047898,
    "C1033": 0.084561,
    "C1068": 0.053685,
    "C1084": 0.057318,
    "C1156": 0.043033,
    "C1208": 0.037514,
    "C121": 0.115111,
    "C1218": 0.137143,
    "C1252": 0.033329,
    "C1280": 0.123253,
    "C1313": 0.060229,
    "C1401": 0.25028,
    "C1422": 0.066046,
    "C1475": 0.740881,
    "C151": 0.212389,
    "C1554": 0.069817,
    "C1590": 0.067092,
    "C1594": 0.023375,
    "C1617": 0.129462,
    "C1624": 0.032175,
    "C1635": 0.613083,
    "C1641": 0.046306,
    "C1662": 0.039295,
    "C1675": 0.033919,
    "C1691": 0.031336,
    "C1704": 0.076097,
    "C1706": 0.232234,
    "C1709": 0.07666,
    "C1712": 0.12568,
    "C1744": 0.061666,
    "C1768": 0.154367,
    "C1770": 0.043992,
    "C1783": 0.133986,
    "C1787": 0.075174,
    "C1814": 0.078777,
    "C1817": 0.070085,
    "C1841": 0.093181,
    "C1996": 0.041681,
    "C2033": 0.353666,
    "C2040": 0.069245,
    "C2043": 0.048284,
    "C212": 0.090377,
    "C223": 0.061365,
    "C229": 0.030201,
    "C246": 0.048715,
    "C260": 0.062505,
    "C267": 0.1382,
    "C288": 0.032942,
    "C294": 0.075481,
    "C296": 0.044699,
    "C2969": 0.030292,
    "C2973": 0.10544,
    "C3011": 0.037094,
    "C3012": 0.161487,
    "C3053": 0.0417,
    "C306": 0.052871,
    "C310": 0.050119,
    "C3102": 0.147494,
    "C3130": 0.131339,
    "C3219": 0.048193,
    "C3230": 0.052539,
    "C3251": 0.061787,
    "C3419": 0.049053,
    "C3630": 0.157856,
    "C3633": 0.082899,
    "C3767": 0.119938,
    "C3774": 0.042862,
    "C3776": 0.16396,
    "C379": 0.084093,
    "C3838": 0.069113,
    "C3854": 0.080343,
    "C3856": 0.040821,
    "C391": 0.069653,
    "C3923": 0.077818,
    "C3933": 0.051373,
    "C4071": 0.072753,
    "C409": 0.101245,