{
  "arch": "gru_baseline",
  "lob": "workers_compensation",
  "config_idx": 38,
  "dropout_rate": 0.02154,
  "learning_rate": 0.0009016,
  "batch_size": 1024,
  "max_epochs": 1000,
  "gru_units": 256,
  "dense_units": 128,
  "mape": 0.10368192403119092,
  "rmspe": 0.16920087164829617,
  "n_companies": 234,
  "n_filtered": 0,
  "training_time": 580.7,
  "epochs_trained": 202,
  "best_val_loss": 0.0010161356767639518
}