{
  "arch": "gru_baseline",
  "lob": "workers_compensation",
  "config_idx": 72,
  "dropout_rate": 0.03215,
  "learning_rate": 0.0044315,
  "batch_size": 1024,
  "max_epochs": 1000,
  "gru_units": 64,
  "dense_units": 64,
  "mape": 0.11702730424452631,
  "rmspe": 0.178246811254759,
  "n_companies": 234,
  "n_filtered": 1,
  "mape_std": 0.07995647099038343,
  "mape_p25": 0.06543914415480945,
  "mape_p75": 0.14897200566407037,
  "training_time": 61.04,
  "epochs_trained": 201,
  "best_val_loss": 0.0009261683881049976,
  "train_loss_curve": [
    0.003068,
    0.001458,
    0.001253,
    0.001165,
    0.00111,
    0.001073,
    0.001037,
    0.001042,
    0.00101,
    0.000989,
    0.000997,
    0.000972,
    0.000943,
    0.000965,
    0.000934,
    0.000927,
    0.000908,
    0.000927,
    0.000911,
    0.000884,
    0.000888,
    0.000874,
    0.000882,
    0.000888,
    0.000874,
    0.000853,
    0.000859,
    0.000856,
    0.000862,
    0.00084,
    0.000842,
    0.000855,
    0.000846,
    0.000847,
    0.000843,
    0.000822,
    0.000825,
    0.000827,
    0.000824,
    0.000808,
    0.0008,
    0.000807,
    0.000812,
    0.000791,
    0.000807,
    0.000798,
    0.0008,
    0.000787,
    0.000779,
    0.000789,
    0.000788,
    0.00078,
    0.000816,
    0.000786,
    0.000783,
    0.000784,
    0.000766,
    0.000779,
    0.000755,
    0.00078,
    0.000761,
    0.000773,
    0.000777,
    0.000765,
    0.000754,
    0.000768,
    0.000777,
    0.000755,
    0.000759,
    0.000749,
    0.000756,
    0.000748,
    0.000743,
    0.000751,
    0.000754,
    0.000769,
    0.000772,
    0.000741,
    0.000755,
    0.000729,
    0.000736,
    0.000732,
    0.000739,
    0.000732,
    0.000733,
    0.000742,
    0.000736,
    0.000729,
    0.000731,
    0.000725,
    0.000725,
    0.000722,
    0.000713,
    0.000716,
    0.00074,
    0.000704,
    0.000686,
    0.00069,
    0.000694,
    0.000683,
    0.000693,
    0.000686,
    0.000691,
    0.000671,
    0.000689,
    0.000677,
    0.000685,
    0.000685,
    0.00068,
    0.000684,
    0.000673,
    0.000669,
    0.0007,
    0.000679,
    0.000677,
    0.000672,
    0.000668,
    0.000689,
    0.000678,
    0.000679,
    0.000683,
    0.000671,
    0.000679,
    0.000676,
    0.000675,
    0.000676,
    0.000674,
    0.000664,
    0.000666,
    0.00067,
    0.000668,
    0.000668,
    0.000683,
    0.000665,
    0.000674,
    0.000674,
    0.000682,
    0.000663,
    0.000662,
    0.000676,
    0.000676,
    0.000658,
    0.000661,
    0.000673,
    0.000672,
    0.000657,
    0.00066,
    0.000652,
    0.000643,
    0.000645,
    0.000649,
    0.000645,
    0.000651,
    0.000639,
    0.000648,
    0.000649,
    0.000647,
    0.000641,
    0.000641,
    0.00065,
    0.000637,
    0.000638,
    0.000651,
    0.000647,
    0.000645,
    0.000662,
    0.000652,
    0.000642,
    0.000651,
    0.000647,
    0.000636,
    0.000638,
    0.000657,
    0.00064,
    0.000639,
    0.000652,
    0.000634,
    0.000654,
    0.000639,
    0.000634,
    0.000638,
    0.000632,
    0.00064,
    0.00065,
    0.000643,
    0.000637,
    0.000637,
    0.000628,
    0.00063,
    0.000622,
    0.000625,
    0.000637,
    0.000655,
    0.000637,
    0.000647,
    0.000631,
    0.000627,
    0.000627,
    0.000616,
    0.000629,
    0.000638
  ],
  "val_loss_curve": [
    0.001543,
    0.00132,
    0.001163,
    0.001237,
    0.001188,
    0.001115,
    0.001081,
    0.001009,
    0.00102,
    0.001011,
    0.001003,
    0.001028,
    0.000962,
    0.000987,
    0.001025,
    0.001,
    0.001025,
    0.001051,
    0.001005,
    0.001026,
    0.000982,
    0.001075,
    0.001011,
    0.001215,
    0.001045,
    0.001051,
    0.000994,
    0.000978,
    0.001064,
    0.001089,
    0.001047,
    0.001053,
    0.001006,
    0.000959,
    0.00098,
    0.000992,
    0.000992,
    0.000987,
    0.001012,
    0.000991,
    0.000959,
    0.001072,
    0.001015,
    0.000926,
    0.001014,
    0.000963,
    0.000982,
    0.000989,
    0.001043,
    0.000963,
    0.000964,
    0.00111,
    0.00105,
    0.001077,
    0.000965,
    0.001037,
    0.000971,
    0.001034,
    0.000947,
    0.001032,
    0.001055,
    0.000955,
    0.001085,
    0.000983,
    0.000955,
    0.000941,
    0.001012,
    0.000983,
    0.001025,
    0.001003,
    0.001007,
    0.001043,
    0.000994,
    0.001065,
    0.001012,
    0.001079,
    0.001071,
    0.001006,
    0.000986,
    0.001033,
    0.001046,
    0.001054,
    0.001016,
    0.001098,
    0.001,
    0.000976,
    0.001052,
    0.001037,
    0.001005,
    0.000981,
    0.001003,
    0.001091,
    0.001025,
    0.001011,
    0.001029,
    0.001005,
    0.000995,
    0.000999,
    0.000966,
    0.001015,
    0.000974,
    0.001042,
    0.000999,
    0.001051,
    0.00099,
    0.001036,
    0.001043,
    0.001005,
    0.000979,
    0.001002,
    0.001045,
    0.000979,
    0.001012,
    0.001031,
    0.00105,
    0.001012,
    0.00112,
    0.00101,
    0.001014,
    0.001047,
    0.000992,
    0.001043,
    0.001008,
    0.001008,
    0.001003,
    0.001052,
    0.001039,
    0.000998,
    0.001115,
    0.001006,
    0.00102,
    0.001027,
    0.000988,
    0.001013,
    0.001026,
    0.001011,
    0.001027,
    0.001021,
    0.001005,
    0.000985,
    0.001065,
    0.001044,
    0.001064,
    0.000999,
    0.001026,
    0.001005,
    0.001026,
    0.001006,
    0.001031,
    0.001063,
    0.001036,
    0.001028,
    0.001079,
    0.001048,
    0.001019,
    0.001058,
    0.00105,
    0.001047,
    0.001052,
    0.001024,
    0.001047,
    0.00104,
    0.001028,
    0.001023,
    0.001015,
    0.000996,
    0.001046,
    0.001042,
    0.001029,
    0.001024,
    0.001043,
    0.001024,
    0.001042,
    0.001033,
    0.001053,
    0.001063,
    0.001031,
    0.00104,
    0.001041,
    0.001054,
    0.001042,
    0.001033,
    0.001021,
    0.001056,
    0.00105,
    0.001035,
    0.001028,
    0.001028,
    0.001039,
    0.001096,
    0.001061,
    0.001035,
    0.001023,
    0.001063,
    0.001038,
    0.001059,
    0.001046,
    0.001037,
    0.001051,
    0.00103,
    0.001057
  ],
  "per_company_mape": {
    "C1015": 0.131686,
    "C1033": 0.132172,
    "C1068": 0.065823,
    "C1084": 0.107904,
    "C1156": 0.072081,
    "C1208": 0.059321,
    "C121": 0.227629,
    "C1218": 0.146887,
    "C1252": 0.101642,
    "C1280": 0.196216,
    "C1313": 0.128517,
    "C1401": 0.395425,
    "C1422": 0.064602,
    "C1475": 0.491482,
    "C151": 0.182847,
    "C1554": 0.033791,
    "C1590": 0.042865,
    "C1594": 0.070578,
    "C1617": 0.0834,
    "C1624": 0.088687,
    "C1635": 0.456063,
    "C1641": 0.062533,
    "C1662": 0.127919,
    "C1675": 0.060907,
    "C1691": 0.066169,
    "C1704": 0.076,
    "C1706": 0.287418,
    "C1709": 0.057081,
    "C1712": 0.057776,
    "C1744": 0.085599,
    "C1768": 0.180778,
    "C1770": 0.068645,
    "C1783": 0.179984,
    "C1787": 0.066975,
    "C1814": 0.06119,
    "C1817": 0.158668,
    "C1841": 0.097178,
    "C1996": 0.075086,
    "C2033": 0.259894,
    "C2040": 0.119215,
    "C2043": 0.089372,
    "C212": 0.184375,
    "C223": 0.087743,
    "C229": 0.07443,
    "C246": 0.049608,
    "C260": 0.100255,
    "C267": 0.141733,
    "C288": 0.063779,
    "C294": 0.074031,
    "C296": 0.079348,
    "C2969": 0.023699,
    "C2973": 0.035224,
    "C3011": 0.02923,
    "C3012": 0.213941,
    "C3053": 0.055267,
    "C306": 0.084426,
    "C310": 0.048643,
    "C3102": 0.158909,
    "C3130": 0.17914,
    "C3219": 0.081884,
    "C3230": 0.07314,
    "C3251": 0.098331,
    "C3419": 0.049015,
    "C3630": 0.185934,
    "C3633": 0.073863,
    "C3767": 0.159316,
    "C3774": 0.077417,
    "C3776": 0.102797,
    "C379": 0.062528,
    "C3838": 0.068667,
    "C3854": 0.06179,
    "C3856": 0.05608,
    "C391": 0.088937,
    "C3923": 0.075645,
    "C3933": 0.035742,
    "C4071": 0.10787,
    "C409": 0.057341,
    "C4102": 0.056564,
    "C411": 0.052191,
    "C4146": 0.193592,