{
  "arch": "gru_baseline",
  "lob": "workers_compensation",
  "config_idx": 95,
  "dropout_rate": 0.26626,
  "learning_rate": 0.0014984,
  "batch_size": 256,
  "max_epochs": 1000,
  "gru_units": 64,
  "dense_units": 64,
  "mape": 0.10443022000264841,
  "rmspe": 0.21085197241276157,
  "n_companies": 234,
  "n_filtered": 1,
  "mape_std": 0.14205008440515354,
  "mape_p25": 0.05043187392780489,
  "mape_p75": 0.10876151372552073,
  "training_time": 99.84,
  "epochs_trained": 201,
  "best_val_loss": 0.001666977581667847,
  "train_loss_curve": [
    0.003487,
    0.001875,
    0.001641,
    0.001519,
    0.001498,
    0.001478,
    0.001424,
    0.001412,
    0.001416,
    0.001403,
    0.001389,
    0.001368,
    0.001351,
    0.001356,
    0.001338,
    0.001323,
    0.001326,
    0.001331,
    0.001329,
    0.001337,
    0.001342,
    0.001316,
    0.001322,
    0.0013,
    0.001297,
    0.001288,
    0.0013,
    0.001274,
    0.001253,
    0.001289,
    0.001287,
    0.00128,
    0.001259,
    0.001268,
    0.001274,
    0.00125,
    0.001227,
    0.00124,
    0.001275,
    0.001284,
    0.001241,
    0.001259,
    0.001254,
    0.001219,
    0.001227,
    0.001238,
    0.00124,
    0.001229,
    0.001278,
    0.001238,
    0.001224,
    0.001245,
    0.001225,
    0.001216,
    0.001208,
    0.001236,
    0.001197,
    0.001191,
    0.001214,
    0.001206,
    0.001197,
    0.001188,
    0.001195,
    0.001197,
    0.001184,
    0.001177,
    0.001197,
    0.001195,
    0.001218,
    0.001193,
    0.001193,
    0.001172,
    0.001191,
    0.001199,
    0.001176,
    0.001179,
    0.001176,
    0.001192,
    0.001176,
    0.001176,
    0.001178,
    0.001194,
    0.001194,
    0.001195,
    0.00118,
    0.001182,
    0.001196,
    0.001186,
    0.001171,
    0.001216,
    0.001178,
    0.001176,
    0.001173,
    0.001218,
    0.00121,
    0.001181,
    0.001182,
    0.001181,
    0.001181,
    0.001168,
    0.001204,
    0.001187,
    0.001155,
    0.00117,
    0.00116,
    0.001154,
    0.001159,
    0.001165,
    0.001158,
    0.00116,
    0.001158,
    0.001162,
    0.001178,
    0.001154,
    0.001165,
    0.001163,
    0.001191,
    0.001174,
    0.001143,
    0.001159,
    0.001149,
    0.001151,
    0.001156,
    0.00113,
    0.001181,
    0.00115,
    0.001145,
    0.001153,
    0.001159,
    0.001163,
    0.001149,
    0.001126,
    0.001132,
    0.001141,
    0.001136,
    0.001145,
    0.00117,
    0.001139,
    0.001139,
    0.001189,
    0.001149,
    0.001142,
    0.001155,
    0.001181,
    0.001135,
    0.001155,
    0.001145,
    0.001143,
    0.001166,
    0.001133,
    0.001132,
    0.00112,
    0.001133,
    0.001136,
    0.001167,
    0.001136,
    0.00115,
    0.001139,
    0.001144,
    0.001163,
    0.001137,
    0.001155,
    0.001133,
    0.001121,
    0.001135,
    0.001117,
    0.001115,
    0.001142,
    0.001141,
    0.00115,
    0.001129,
    0.001138,
    0.001116,
    0.001133,
    0.001112,
    0.001138,
    0.001112,
    0.001155,
    0.001131,
    0.001194,
    0.001138,
    0.001221,
    0.00112,
    0.001107,
    0.001127,
    0.001115,
    0.001122,
    0.001166,
    0.001131,
    0.001138,
    0.001154,
    0.001139,
    0.00113,
    0.001125,
    0.001153,
    0.001147,
    0.001118,
    0.001107,
    0.001116,
    0.001125,
    0.001144
  ],
  "val_loss_curve": [
    0.002434,
    0.001896,
    0.001805,
    0.001968,
    0.00209,
    0.001961,
    0.001987,
    0.001667,
    0.001822,
    0.001738,
    0.002334,
    0.002569,
    0.00207,
    0.002018,
    0.001926,
    0.001972,
    0.00226,
    0.002009,
    0.002179,
    0.002096,
    0.002016,
    0.001771,
    0.001972,
    0.00199,
    0.002062,
    0.002489,
    0.002035,
    0.002042,
    0.002112,
    0.001932,
    0.002011,
    0.00204,
    0.002224,
    0.001813,
    0.001856,
    0.001844,
    0.001755,
    0.001988,
    0.002427,
    0.002044,
    0.001773,
    0.001706,
    0.002013,
    0.002161,
    0.001945,
    0.002001,
    0.002002,
    0.002306,
    0.001677,
    0.001942,
    0.001858,
    0.002153,
    0.002149,
    0.001916,
    0.002304,
    0.001843,
    0.00242,
    0.00196,
    0.002392,
    0.001881,
    0.0019,
    0.001945,
    0.001955,
    0.001966,
    0.002153,
    0.001886,
    0.001849,
    0.002011,
    0.001956,
    0.001774,
    0.002008,
    0.002092,
    0.00189,
    0.001989,
    0.00196,
    0.002133,
    0.002001,
    0.001962,
    0.001862,
    0.001977,
    0.002123,
    0.001921,
    0.001909,
    0.001917,
    0.002107,
    0.001987,
    0.001821,
    0.002091,
    0.001881,
    0.001846,
    0.001978,
    0.001896,
    0.0018,
    0.001878,
    0.001919,
    0.002114,
    0.001898,
    0.002061,
    0.001892,
    0.002038,
    0.001991,
    0.001876,
    0.001913,
    0.001967,
    0.002033,
    0.00219,
    0.001983,
    0.002197,
    0.002084,
    0.001946,
    0.001904,
    0.002003,
    0.00186,
    0.001972,
    0.002109,
    0.001931,
    0.001999,
    0.00203,
    0.001961,
    0.00201,
    0.002001,
    0.001938,
    0.002034,
    0.001986,
    0.001977,
    0.001997,
    0.001936,
    0.002035,
    0.002044,
    0.002004,
    0.001972,
    0.001896,
    0.001939,
    0.00201,
    0.001983,
    0.001985,
    0.001951,
    0.001976,
    0.002063,
    0.002102,
    0.002077,
    0.001993,
    0.002088,
    0.002102,
    0.002024,
    0.002002,
    0.002042,
    0.001947,
    0.002006,
    0.00191,
    0.002076,
    0.001932,
    0.001977,
    0.001957,
    0.002009,
    0.002047,
    0.002054,
    0.001947,
    0.001918,
    0.001977,
    0.002024,
    0.002029,
    0.002025,
    0.001953,
    0.002014,
    0.002032,
    0.002024,
    0.002013,
    0.002095,
    0.001996,
    0.00202,
    0.002007,
    0.001995,
    0.002049,
    0.002038,
    0.001994,
    0.002,
    0.002016,
    0.002021,
    0.001938,
    0.002036,
    0.002055,
    0.002034,
    0.002068,
    0.001985,
    0.002038,
    0.001971,
    0.002047,
    0.002048,
    0.002001,
    0.001997,
    0.002013,
    0.002016,
    0.002037,
    0.00199,
    0.001982,
    0.00202,
    0.001992,
    0.001963,
    0.001962,
    0.001957
  ],
  "per_company_mape": {
    "C1015": 0.102365,
    "C1033": 0.107103,
    "C1068": 0.074244,
    "C1084": 0.052664,
    "C1156": 0.072447,
    "C1208": 0.072687,
    "C121": 0.097332,
    "C1218": 0.110495,
    "C1252": 0.053421,
    "C1280": 0.089487,
    "C1313": 0.096902,
    "C1401": 0.341162,
    "C1422": 0.050378,
    "C1475": 0.496001,
    "C151": 0.247647,
    "C1554": 0.080967,
    "C1590": 0.093914,
    "C1594": 0.036421,
    "C1617": 0.211628,
    "C1624": 0.070127,
    "C1635": 0.602568,
    "C1641": 0.068786,
    "C1662": 0.105785,
    "C1675": 0.066174,
    "C1691": 0.050707,
    "C1704": 0.08134,
    "C1706": 0.168936,
    "C1709": 0.056065,
    "C1712": 0.116016,
    "C1744": 0.035567,
    "C1768": 0.186829,
    "C1770": 0.056184,
    "C1783": 0.166862,
    "C1787": 0.10737,
    "C1814": 0.088832,
    "C1817": 0.094215,
    "C1841": 0.121015,
    "C1996": 0.044459,
    "C2033": 0.438745,
    "C2040": 0.119786,
    "C2043": 0.065948,
    "C212": 0.076073,
    "C223": 0.088911,
    "C229": 0.061644,
    "C246": 0.018055,
    "C260": 0.044827,
    "C267": 0.18879,
    "C288": 0.045674,
    "C294": 0.124507,
    "C296": 0.020762,
    "C2969": 0.067726,
    "C2973": 0.060736,
    "C3011": 0.040957,
    "C3012": 0.160907,
    "C3053": 0.036523,
    "C306": 0.080866,
    "C310": 0.033389,
    "C3102": 0.120915,
    "C3130": 0.202104,
    "C3219": 0.05808,
    "C3230": 0.104802,
    "C3251": 0.106005,
    "C3419": 0.054073,
    "C3630": 0.063707,
    "C3633": 0.030746,
    "C3767": 0.101352,
    "C3774": 0.04548,
    "C3776": 0.094134,
    "C379": 0.116876,
    "C3838": 0.051067,
    "C3854": 0.06096,
    "C3856": 0.06726,
    "C391": 0.06472,
    "C3923": 0.149509,
    "C3933": 0.046609,
    "C4071": 0.096106,
    "C409": 0.098509,
    "C4102": 0.034555,
    "C411": 0.038691,
    "C4146": 0.30409,