{
  "arch": "gru_baseline",
  "lob": "workers_compensation",
  "config_idx": 53,
  "dropout_rate": 0.03649,
  "learning_rate": 0.0001142,
  "batch_size": 512,
  "max_epochs": 1000,
  "gru_units": 128,
  "dense_units": 64,
  "mape": 0.08966167187240259,
  "rmspe": 0.1908865609547975,
  "n_companies": 234,
  "n_filtered": 0,
  "mape_std": 0.09113155033893326,
  "mape_p25": 0.039668981635495926,
  "mape_p75": 0.099710834036593,
  "training_time": 65.26,
  "epochs_trained": 209,
  "best_val_loss": 0.0010280376300215721,
  "train_loss_curve": [
    0.008686,
    0.004969,
    0.003457,
    0.002692,
    0.002305,
    0.001982,
    0.001781,
    0.001626,
    0.00151,
    0.001455,
    0.001382,
    0.001344,
    0.001343,
    0.001314,
    0.001284,
    0.001268,
    0.001252,
    0.001246,
    0.00125,
    0.00122,
    0.001227,
    0.001211,
    0.001203,
    0.001202,
    0.001187,
    0.001192,
    0.001188,
    0.001186,
    0.001178,
    0.001171,
    0.001157,
    0.00117,
    0.001174,
    0.001155,
    0.00115,
    0.001135,
    0.001153,
    0.001127,
    0.001143,
    0.00112,
    0.001126,
    0.001131,
    0.001109,
    0.001118,
    0.001117,
    0.001097,
    0.001106,
    0.001092,
    0.00109,
    0.00108,
    0.001081,
    0.001077,
    0.001073,
    0.001083,
    0.001079,
    0.001051,
    0.00108,
    0.001067,
    0.001063,
    0.001049,
    0.001055,
    0.001051,
    0.001044,
    0.001045,
    0.001042,
    0.001051,
    0.001037,
    0.00104,
    0.001025,
    0.001022,
    0.001011,
    0.001017,
    0.001032,
    0.001022,
    0.001026,
    0.001024,
    0.001008,
    0.00102,
    0.001006,
    0.001016,
    0.001007,
    0.00101,
    0.001013,
    0.001007,
    0.000998,
    0.000992,
    0.000995,
    0.001001,
    0.000983,
    0.00098,
    0.000983,
    0.000986,
    0.000989,
    0.000981,
    0.000976,
    0.000981,
    0.000979,
    0.000968,
    0.000968,
    0.000974,
    0.000968,
    0.000964,
    0.00097,
    0.000959,
    0.000956,
    0.000963,
    0.000964,
    0.000956,
    0.000971,
    0.000956,
    0.000951,
    0.00095,
    0.000936,
    0.000946,
    0.000948,
    0.000942,
    0.000952,
    0.000956,
    0.000948,
    0.00094,
    0.000936,
    0.000937,
    0.000936,
    0.000945,
    0.00094,
    0.000934,
    0.00094,
    0.000925,
    0.000931,
    0.000936,
    0.000924,
    0.000926,
    0.000919,
    0.000925,
    0.000912,
    0.000927,
    0.000913,
    0.000916,
    0.000917,
    0.00092,
    0.000911,
    0.000924,
    0.000909,
    0.000912,
    0.000904,
    0.000912,
    0.000913,
    0.000908,
    0.000901,
    0.000904,
    0.000914,
    0.000914,
    0.000909,
    0.00091,
    0.000893,
    0.000894,
    0.000893,
    0.000894,
    0.000898,
    0.000892,
    0.000905,
    0.000896,
    0.000896,
    0.000895,
    0.000906,
    0.000895,
    0.000888,
    0.000891,
    0.000901,
    0.000888,
    0.000888,
    0.000903,
    0.000889,
    0.00088,
    0.000881,
    0.000887,
    0.000894,
    0.000881,
    0.000873,
    0.000882,
    0.000872,
    0.000879,
    0.000874,
    0.000891,
    0.000889,
    0.000875,
    0.000872,
    0.000873,
    0.000869,
    0.000877,
    0.000875,
    0.000863,
    0.000873,
    0.000867,
    0.00086,
    0.000863,
    0.000866,
    0.000863,
    0.000864,
    0.000876,
    0.000865,
    0.000858,
    0.00087,
    0.000866,
    0.000857,
    0.000856,
    0.000864,
    0.000862,
    0.000856
  ],
  "val_loss_curve": [
    0.012613,
    0.009391,
    0.005835,
    0.004307,
    0.003384,
    0.00263,
    0.002128,
    0.001822,
    0.001592,
    0.001449,
    0.001363,
    0.001298,
    0.001245,
    0.001236,
    0.001187,
    0.001185,
    0.001166,
    0.001144,
    0.001148,
    0.001138,
    0.001129,
    0.001119,
    0.001115,
    0.001119,
    0.001116,
    0.001101,
    0.001125,
    0.00111,
    0.001114,
    0.001104,
    0.001117,
    0.001089,
    0.001112,
    0.001094,
    0.001105,
    0.001089,
    0.001103,
    0.001102,
    0.001088,
    0.001086,
    0.001097,
    0.001077,
    0.0011,
    0.00108,
    0.001101,
    0.001089,
    0.001096,
    0.001086,
    0.001084,
    0.001094,
    0.001075,
    0.001076,
    0.001071,
    0.001081,
    0.001077,
    0.001067,
    0.001094,
    0.001073,
    0.001068,
    0.001072,
    0.001072,
    0.001068,
    0.001054,
    0.001079,
    0.00106,
    0.001076,
    0.001087,
    0.001066,
    0.00106,
    0.001065,
    0.001074,
    0.001061,
    0.001069,
    0.001065,
    0.001068,
    0.00107,
    0.00106,
    0.001066,
    0.001065,
    0.001062,
    0.00105,
    0.001071,
    0.001052,
    0.001061,
    0.001051,
    0.001061,
    0.001051,
    0.001072,
    0.001063,
    0.001069,
    0.001062,
    0.00105,
    0.001053,
    0.00104,
    0.001059,
    0.001041,
    0.001047,
    0.001068,
    0.001072,
    0.001067,
    0.001067,
    0.001058,
    0.001069,
    0.001046,
    0.001061,
    0.001046,
    0.001054,
    0.001048,
    0.00105,
    0.001054,
    0.001053,
    0.001049,
    0.001046,
    0.001061,
    0.001061,
    0.001052,
    0.001052,
    0.001061,
    0.001047,
    0.001059,
    0.001043,
    0.001063,
    0.001033,
    0.001059,
    0.001049,
    0.001044,
    0.001055,
    0.001054,
    0.001041,
    0.001054,
    0.001051,
    0.001066,
    0.001053,
    0.001045,
    0.00106,
    0.00104,
    0.001047,
    0.001045,
    0.001039,
    0.001039,
    0.001028,
    0.001059,
    0.001052,
    0.001052,
    0.001048,
    0.001048,
    0.001045,
    0.00104,
    0.001043,
    0.001041,
    0.001057,
    0.001049,
    0.001047,
    0.001057,
    0.001038,
    0.001029,
    0.001038,
    0.001058,
    0.001035,
    0.001072,
    0.001056,
    0.00104,
    0.001071,
    0.001043,
    0.001051,
    0.001036,
    0.001067,
    0.001063,
    0.001037,
    0.001031,
    0.00104,
    0.001042,
    0.001048,
    0.001055,
    0.001046,
    0.001045,
    0.001049,
    0.001046,
    0.001047,
    0.001042,
    0.001038,
    0.001047,
    0.001053,
    0.001046,
    0.001039,
    0.001052,
    0.001054,
    0.001037,
    0.001044,
    0.001052,
    0.001041,
    0.00104,
    0.001032,
    0.001044,
    0.001038,
    0.001037,
    0.001039,
    0.001036,
    0.001037,
    0.001041,
    0.001049,
    0.001039,
    0.001036,
    0.00104,
    0.001031,
    0.001035,
    0.001046,
    0.001045,
    0.001044
  ],
  "per_company_mape": {
    "C1015": 0.055617,
    "C1033": 0.080581,
    "C1068": 0.02831,
    "C1084": 0.094198,
    "C1156": 0.081613,
    "C1208": 0.073196,
    "C121": 0.068008,
    "C1218": 0.277973,
    "C1252": 0.022699,
    "C1280": 0.103165,
    "C1313": 0.065789,
    "C1401": 0.173145,
    "C1422": 0.051482,
    "C1475": 0.841124,
    "C151": 0.172415,
    "C1554": 0.076601,
    "C1590": 0.062431,
    "C1594": 0.027803,
    "C1617": 0.139788,
    "C1624": 0.063755,
    "C1635": 0.389528,
    "C1641": 0.042965,
    "C1662": 0.096013,
    "C1675": 0.055331,
    "C1691": 0.032682,
    "C1704": 0.060423,
    "C1706": 0.233456,
    "C1709": 0.101318,
    "C1712": 0.245825,
    "C1744": 0.052373,
    "C1768": 0.110552,
    "C1770": 0.047274,
    "C1783": 0.153885,
    "C1787": 0.09123,
    "C1814": 0.06352,
    "C1817": 0.056431,
    "C1841": 0.107654,
    "C1996": 0.040722,
    "C2033": 0.251404,
    "C2040": 0.066713,
    "C2043": 0.065588,
    "C212": 0.124572,
    "C223": 0.075248,
    "C229": 0.025911,
    "C246": 0.025905,
    "C260": 0.038591,
    "C267": 0.226945,
    "C288": 0.021726,
    "C294": 0.110257,
    "C296": 0.024902,
    "C2969": 0.060667,
    "C2973": 0.030182,
    "C3011": 0.035044,
    "C3012": 0.080097,
    "C3053": 0.032786,
    "C306": 0.044377,
    "C310": 0.057519,
    "C3102": 0.111362,
    "C3130": 0.195648,
    "C3219": 0.060906,
    "C3230": 0.047135,
    "C3251": 0.091117,
    "C3419": 0.063069,
    "C3630": 0.126937,
    "C3633": 0.04122,
    "C3767": 0.099899,
    "C3774": 0.038134,
    "C3776": 0.079211,
    "C379": 0.086986,
    "C3838": 0.035482,