{
  "arch": "gru_baseline",
  "lob": "workers_compensation",
  "config_idx": 86,
  "dropout_rate": 0.05912,
  "learning_rate": 0.0018111,
  "batch_size": 512,
  "max_epochs": 500,
  "gru_units": 256,
  "dense_units": 64,
  "mape": 0.09342829783793216,
  "rmspe": 0.17983462129781344,
  "n_companies": 234,
  "n_filtered": 0,
  "mape_std": 0.08437440931023646,
  "mape_p25": 0.04347440673127058,
  "mape_p75": 0.11055550757873638,
  "training_time": 78.59,
  "epochs_trained": 201,
  "best_val_loss": 0.001021396360426609,
  "train_loss_curve": [
    0.002914,
    0.001381,
    0.001249,
    0.001158,
    0.001105,
    0.001094,
    0.001054,
    0.001073,
    0.001049,
    0.001027,
    0.001022,
    0.001029,
    0.000999,
    0.000989,
    0.000965,
    0.000965,
    0.000959,
    0.00094,
    0.000953,
    0.000948,
    0.000935,
    0.000923,
    0.00091,
    0.000909,
    0.000911,
    0.000909,
    0.000905,
    0.000908,
    0.000885,
    0.000892,
    0.000889,
    0.000892,
    0.000886,
    0.000873,
    0.000867,
    0.000878,
    0.000856,
    0.000868,
    0.00088,
    0.000861,
    0.000853,
    0.000854,
    0.000842,
    0.000853,
    0.000832,
    0.000839,
    0.000835,
    0.00083,
    0.000838,
    0.000825,
    0.000837,
    0.000828,
    0.000836,
    0.00083,
    0.000827,
    0.000829,
    0.000815,
    0.000816,
    0.000809,
    0.000811,
    0.000813,
    0.000793,
    0.000807,
    0.000801,
    0.000804,
    0.000809,
    0.000768,
    0.000783,
    0.00077,
    0.000772,
    0.000766,
    0.000766,
    0.000766,
    0.000765,
    0.000774,
    0.000759,
    0.000759,
    0.000775,
    0.000767,
    0.000769,
    0.000756,
    0.000766,
    0.000761,
    0.000758,
    0.000761,
    0.000757,
    0.000753,
    0.000754,
    0.000763,
    0.000748,
    0.000748,
    0.000758,
    0.000745,
    0.000743,
    0.00075,
    0.00074,
    0.000736,
    0.000752,
    0.000745,
    0.00074,
    0.000742,
    0.000739,
    0.000747,
    0.000736,
    0.00074,
    0.000739,
    0.000752,
    0.000745,
    0.000742,
    0.000736,
    0.00074,
    0.00074,
    0.000736,
    0.000742,
    0.000734,
    0.000737,
    0.000736,
    0.000721,
    0.000736,
    0.000713,
    0.000726,
    0.000725,
    0.000711,
    0.000712,
    0.000709,
    0.000715,
    0.000705,
    0.000712,
    0.000714,
    0.000711,
    0.000723,
    0.000708,
    0.000714,
    0.000717,
    0.000711,
    0.00072,
    0.000706,
    0.000707,
    0.000715,
    0.000716,
    0.000705,
    0.000719,
    0.000715,
    0.000715,
    0.000721,
    0.000699,
    0.000706,
    0.000706,
    0.000707,
    0.000711,
    0.000717,
    0.000712,
    0.000707,
    0.000706,
    0.000709,
    0.000712,
    0.000709,
    0.000704,
    0.00071,
    0.000709,
    0.000711,
    0.000714,
    0.0007,
    0.000698,
    0.000707,
    0.000699,
    0.000703,
    0.000709,
    0.000696,
    0.000691,
    0.000695,
    0.000695,
    0.000689,
    0.000698,
    0.000688,
    0.000698,
    0.000688,
    0.000691,
    0.00069,
    0.000689,
    0.00069,
    0.00069,
    0.000694,
    0.000692,
    0.000691,
    0.00069,
    0.0007,
    0.000698,
    0.000691,
    0.000694,
    0.000686,
    0.000699,
    0.000688,
    0.00069,
    0.000692,
    0.000694,
    0.000688,
    0.000696,
    0.000694,
    0.000689,
    0.000695
  ],
  "val_loss_curve": [
    0.001404,
    0.001198,
    0.001223,
    0.001103,
    0.001119,
    0.001057,
    0.00116,
    0.001185,
    0.00111,
    0.001149,
    0.00124,
    0.001298,
    0.001079,
    0.001062,
    0.001021,
    0.001278,
    0.001088,
    0.001225,
    0.001164,
    0.00112,
    0.001079,
    0.001039,
    0.001131,
    0.001092,
    0.001045,
    0.001147,
    0.001024,
    0.001133,
    0.001256,
    0.001173,
    0.001156,
    0.001127,
    0.001188,
    0.001149,
    0.001091,
    0.001178,
    0.001062,
    0.001213,
    0.001123,
    0.001139,
    0.001116,
    0.00112,
    0.001099,
    0.001104,
    0.001161,
    0.001173,
    0.001091,
    0.001159,
    0.001108,
    0.001162,
    0.001217,
    0.001133,
    0.001238,
    0.001255,
    0.001189,
    0.00109,
    0.001075,
    0.001207,
    0.001116,
    0.001153,
    0.001174,
    0.001184,
    0.001136,
    0.001198,
    0.001153,
    0.001165,
    0.001154,
    0.001166,
    0.001129,
    0.001162,
    0.001108,
    0.001158,
    0.001116,
    0.001174,
    0.001173,
    0.001137,
    0.00118,
    0.001214,
    0.001086,
    0.001163,
    0.001162,
    0.001142,
    0.001143,
    0.001257,
    0.001139,
    0.001132,
    0.001139,
    0.001111,
    0.001125,
    0.001171,
    0.001177,
    0.001238,
    0.001141,
    0.00111,
    0.001183,
    0.001146,
    0.001182,
    0.001165,
    0.001124,
    0.001116,
    0.001189,
    0.001225,
    0.001199,
    0.001182,
    0.001171,
    0.001112,
    0.001174,
    0.001154,
    0.001095,
    0.001092,
    0.001114,
    0.001151,
    0.001128,
    0.001148,
    0.001195,
    0.001183,
    0.001132,
    0.001149,
    0.001151,
    0.001161,
    0.001135,
    0.001162,
    0.001176,
    0.00117,
    0.001147,
    0.001179,
    0.001159,
    0.001165,
    0.001177,
    0.00113,
    0.001149,
    0.001147,
    0.001155,
    0.001142,
    0.00119,
    0.001168,
    0.001131,
    0.001196,
    0.001134,
    0.001145,
    0.001116,
    0.001151,
    0.001161,
    0.001152,
    0.001175,
    0.001145,
    0.001119,
    0.001174,
    0.001157,
    0.001157,
    0.001193,
    0.001163,
    0.001157,
    0.001121,
    0.001162,
    0.001157,
    0.001149,
    0.001125,
    0.001141,
    0.001163,
    0.001159,
    0.001181,
    0.001133,
    0.001163,
    0.001151,
    0.001179,
    0.001124,
    0.001124,
    0.001133,
    0.001156,
    0.001143,
    0.001145,
    0.00116,
    0.00113,
    0.001159,
    0.001136,
    0.00115,
    0.001152,
    0.001134,
    0.001135,
    0.001153,
    0.001143,
    0.001164,
    0.001105,
    0.00116,
    0.001134,
    0.001143,
    0.001158,
    0.001118,
    0.00115,
    0.001128,
    0.001161,
    0.001141,
    0.001194,
    0.001159,
    0.001134,
    0.001148,
    0.001146,
    0.00113,
    0.001141,
    0.001145
  ],
  "per_company_mape": {
    "C1015": 0.05516,
    "C1033": 0.074416,
    "C1068": 0.03274,
    "C1084": 0.04085,
    "C1156": 0.040716,
    "C1208": 0.032205,
    "C121": 0.161877,
    "C1218": 0.119863,
    "C1252": 0.02857,
    "C1280": 0.115015,
    "C1313": 0.091937,
    "C1401": 0.377181,
    "C1422": 0.065307,
    "C1475": 0.760402,
    "C151": 0.157124,
    "C1554": 0.133704,
    "C1590": 0.055251,
    "C1594": 0.025135,
    "C1617": 0.033322,
    "C1624": 0.040719,
    "C1635": 0.264216,
    "C1641": 0.021003,
    "C1662": 0.038128,
    "C1675": 0.056312,
    "C1691": 0.034865,
    "C1704": 0.057105,
    "C1706": 0.152029,
    "C1709": 0.054694,
    "C1712": 0.139785,
    "C1744": 0.025873,
    "C1768": 0.107022,
    "C1770": 0.044808,
    "C1783": 0.195505,
    "C1787": 0.055751,
    "C1814": 0.174149,
    "C1817": 0.117502,
    "C1841": 0.122843,
    "C1996": 0.035083,
    "C2033": 0.266059,
    "C2040": 0.059385,
    "C2043": 0.09131,
    "C212": 0.171097,
    "C223": 0.068142,
    "C229": 0.033022,
    "C246": 0.043496,
    "C260": 0.075916,
    "C267": 0.098854,
    "C288": 0.047676,
    "C294": 0.103451,
    "C296": 0.035556,
    "C2969": 0.068163,
    "C2973": 0.041035,
    "C3011": 0.032041,
    "C3012": 0.161084,
    "C3053": 0.026759,
    "C306": 0.051716,
    "C310": 0.042579,
    "C3102": 0.127364,
    "C3130": 0.09124,
    "C3219": 0.022636,
    "C3230": 0.026347,
    "C3251": 0.032345,
    "C3419": 0.050502,
    "C3630": 0.118643,
    "C3633": 0.071357,
    "C3767": 0.165177,
    "C3774": 0.058555,
    "C3776": 0.071004,
    "C379": 0.099573,
    "C3838": 0.019429,
    "C3854": 0.074124,
    "C3856": 0.061481,
    "C391": 0.052624,
    "C3923": 0.11317,
    "C3933": 0.046608,
    "C4071": 0.071573,
    "C409": 0.093506,
    "C4102": 0.073593,
    "C411": 0.033567,