{
  "arch": "gru_baseline",
  "lob": "workers_compensation",
  "config_idx": 77,
  "dropout_rate": 0.01324,
  "learning_rate": 0.0007048,
  "batch_size": 512,
  "max_epochs": 500,
  "gru_units": 128,
  "dense_units": 64,
  "mape": 0.09444649767213376,
  "rmspe": 0.16421480053084467,
  "n_companies": 234,
  "n_filtered": 0,
  "mape_std": 0.08626490396222337,
  "mape_p25": 0.046535165034407064,
  "mape_p75": 0.10522687722781865,
  "training_time": 114.85,
  "epochs_trained": 202,
  "best_val_loss": 0.0009633513816100146,
  "train_loss_curve": [
    0.003654,
    0.001506,
    0.001204,
    0.001162,
    0.001116,
    0.001082,
    0.001058,
    0.00105,
    0.001046,
    0.00103,
    0.001017,
    0.001001,
    0.000991,
    0.000975,
    0.000961,
    0.000957,
    0.000944,
    0.000939,
    0.000925,
    0.000914,
    0.000907,
    0.0009,
    0.000895,
    0.000893,
    0.000876,
    0.000872,
    0.000871,
    0.00086,
    0.000847,
    0.000863,
    0.000855,
    0.000841,
    0.00084,
    0.00084,
    0.000827,
    0.000831,
    0.000812,
    0.000825,
    0.000813,
    0.000811,
    0.000815,
    0.000804,
    0.000801,
    0.000802,
    0.000798,
    0.000792,
    0.000783,
    0.000783,
    0.000786,
    0.000779,
    0.000774,
    0.000768,
    0.000777,
    0.000775,
    0.000772,
    0.000758,
    0.000762,
    0.000761,
    0.000758,
    0.000758,
    0.000755,
    0.000768,
    0.000752,
    0.000747,
    0.000755,
    0.00075,
    0.000743,
    0.000742,
    0.000748,
    0.000748,
    0.000737,
    0.000733,
    0.000738,
    0.00073,
    0.00073,
    0.000732,
    0.000727,
    0.000723,
    0.000727,
    0.000722,
    0.000722,
    0.000722,
    0.000724,
    0.000715,
    0.000716,
    0.000715,
    0.000711,
    0.000714,
    0.00071,
    0.000706,
    0.000711,
    0.000711,
    0.000718,
    0.000714,
    0.00071,
    0.000706,
    0.000704,
    0.000711,
    0.000711,
    0.000698,
    0.000698,
    0.000689,
    0.000687,
    0.000682,
    0.000689,
    0.000689,
    0.00068,
    0.000679,
    0.00068,
    0.000681,
    0.000678,
    0.000675,
    0.000676,
    0.000681,
    0.000676,
    0.000682,
    0.000675,
    0.000675,
    0.000681,
    0.000677,
    0.000678,
    0.000677,
    0.000675,
    0.00067,
    0.000667,
    0.000675,
    0.000675,
    0.00068,
    0.000671,
    0.000672,
    0.000675,
    0.000668,
    0.000672,
    0.000676,
    0.000667,
    0.000666,
    0.000664,
    0.000666,
    0.000671,
    0.000672,
    0.000668,
    0.000666,
    0.000666,
    0.000669,
    0.000664,
    0.000663,
    0.000663,
    0.000678,
    0.000664,
    0.000664,
    0.000663,
    0.000662,
    0.000663,
    0.000654,
    0.000651,
    0.000664,
    0.000659,
    0.000656,
    0.000652,
    0.000656,
    0.00065,
    0.00066,
    0.000651,
    0.000654,
    0.000656,
    0.000653,
    0.000653,
    0.000652,
    0.000656,
    0.000649,
    0.000655,
    0.000654,
    0.00065,
    0.00065,
    0.000652,
    0.000646,
    0.000654,
    0.00065,
    0.000648,
    0.000653,
    0.000652,
    0.000651,
    0.000651,
    0.000646,
    0.00065,
    0.000648,
    0.000653,
    0.00065,
    0.000652,
    0.000642,
    0.000644,
    0.000652,
    0.000644,
    0.000652,
    0.000646,
    0.000653,
    0.000653,
    0.000644,
    0.000647,
    0.000645,
    0.000649,
    0.000646
  ],
  "val_loss_curve": [
    0.002536,
    0.001317,
    0.001123,
    0.001086,
    0.001066,
    0.001098,
    0.001035,
    0.001058,
    0.001066,
    0.00104,
    0.001026,
    0.001015,
    0.00103,
    0.00101,
    0.001066,
    0.001015,
    0.000996,
    0.001005,
    0.001025,
    0.000986,
    0.001003,
    0.001016,
    0.00099,
    0.00103,
    0.001026,
    0.000997,
    0.000996,
    0.000989,
    0.000978,
    0.000981,
    0.001004,
    0.000977,
    0.000991,
    0.00104,
    0.001001,
    0.000986,
    0.001008,
    0.000968,
    0.000983,
    0.00098,
    0.000979,
    0.000974,
    0.00098,
    0.000974,
    0.000973,
    0.000987,
    0.000989,
    0.000992,
    0.000995,
    0.000963,
    0.000985,
    0.000999,
    0.000998,
    0.001029,
    0.001004,
    0.000979,
    0.000978,
    0.001007,
    0.000971,
    0.000989,
    0.000991,
    0.000997,
    0.001044,
    0.000985,
    0.000987,
    0.000981,
    0.001015,
    0.000986,
    0.00098,
    0.000992,
    0.000971,
    0.001011,
    0.001,
    0.001,
    0.000995,
    0.000995,
    0.001008,
    0.000984,
    0.000985,
    0.000993,
    0.000988,
    0.001022,
    0.000995,
    0.001004,
    0.001014,
    0.001014,
    0.000978,
    0.000987,
    0.000974,
    0.000993,
    0.00098,
    0.001005,
    0.001008,
    0.000992,
    0.001029,
    0.001019,
    0.001005,
    0.001067,
    0.001001,
    0.000982,
    0.000999,
    0.000993,
    0.000984,
    0.000998,
    0.000987,
    0.00099,
    0.001009,
    0.001002,
    0.001008,
    0.001006,
    0.001009,
    0.001004,
    0.001005,
    0.001007,
    0.001,
    0.001004,
    0.000994,
    0.000998,
    0.001001,
    0.000986,
    0.001005,
    0.000992,
    0.001006,
    0.000992,
    0.000998,
    0.00101,
    0.001011,
    0.001003,
    0.001001,
    0.001021,
    0.001011,
    0.001002,
    0.001017,
    0.001028,
    0.000994,
    0.000995,
    0.001015,
    0.001005,
    0.001,
    0.001,
    0.001011,
    0.001008,
    0.001003,
    0.001015,
    0.001004,
    0.000998,
    0.001014,
    0.001034,
    0.001007,
    0.001018,
    0.001005,
    0.001002,
    0.001017,
    0.001008,
    0.001005,
    0.001024,
    0.001008,
    0.001005,
    0.001006,
    0.001008,
    0.001006,
    0.001014,
    0.00101,
    0.001012,
    0.001018,
    0.001016,
    0.001009,
    0.001009,
    0.001005,
    0.001014,
    0.00101,
    0.00101,
    0.001011,
    0.001012,
    0.001017,
    0.001017,
    0.001013,
    0.001012,
    0.001011,
    0.001008,
    0.001005,
    0.001009,
    0.001011,
    0.001009,
    0.001009,
    0.001019,
    0.001017,
    0.001009,
    0.001019,
    0.001014,
    0.001026,
    0.001009,
    0.001011,
    0.001013,
    0.001006,
    0.001001,
    0.001005,
    0.001009,
    0.001026,
    0.00101,
    0.001016,
    0.001004
  ],
  "per_company_mape": {
    "C1015": 0.062911,
    "C1033": 0.083835,
    "C1068": 0.089264,
    "C1084": 0.043861,
    "C1156": 0.065514,
    "C1208": 0.051104,
    "C121": 0.070766,
    "C1218": 0.126091,
    "C1252": 0.040461,
    "C1280": 0.17478,
    "C1313": 0.029337,
    "C1401": 0.392921,
    "C1422": 0.145671,
    "C1475": 0.198333,
    "C151": 0.217805,
    "C1554": 0.122111,
    "C1590": 0.063552,
    "C1594": 0.046917,
    "C1617": 0.149486,
    "C1624": 0.060716,
    "C1635": 0.43862,
    "C1641": 0.099375,
    "C1662": 0.09411,
    "C1675": 0.060487,
    "C1691": 0.031746,
    "C1704": 0.083688,
    "C1706": 0.162439,
    "C1709": 0.115125,
    "C1712": 0.170123,
    "C1744": 0.057986,
    "C1768": 0.082585,
    "C1770": 0.039392,
    "C1783": 0.188537,
    "C1787": 0.096577,
    "C1814": 0.172433,
    "C1817": 0.155489,
    "C1841": 0.09285,
    "C1996": 0.057116,
    "C2033": 0.329615,
    "C2040": 0.104914,
    "C2043": 0.039772,
    "C212": 0.163197,
    "C223": 0.111189,
    "C229": 0.066429,
    "C246": 0.031321,
    "C260": 0.042508,
    "C267": 0.211261,
    "C288": 0.024235,
    "C294": 0.094506,
    "C296": 0.050494,
    "C2969": 0.062469,
    "C2973": 0.039563,
    "C3011": 0.027653,
    "C3012": 0.092223,
    "C3053": 0.033864,
    "C306": 0.057088,
    "C310": 0.060132,
    "C3102": 0.047204,
    "C3130": 0.119296,
    "C3219": 0.038204,
    "C3230": 0.060834,
    "C3251": 0.134438,
    "C3419": 0.074405,
    "C3630": 0.070307,
    "C3633": 0.123824,
    "C3767": 0.089324,
    "C3774": 0.043206,
    "C3776": 0.080442,
    "C379": 0.061851,
    "C3838": 0.059663,
    "C3854": 0.141121,
    "C3856": 0.04417,
    "C391": 0.043918,
    "C3923": 0.078047,
    "C3933": 0.061463,
    "C4071": 0.079282,
    "C409": 0.110325,
    "C4102": 0.053507,
    "C411": 0.053344,