{
  "arch": "gru_baseline",
  "lob": "workers_compensation",
  "config_idx": 36,
  "dropout_rate": 0.2515,
  "learning_rate": 0.0030496,
  "batch_size": 1024,
  "max_epochs": 500,
  "gru_units": 128,
  "dense_units": 128,
  "mape": 0.09976008088320086,
  "rmspe": 0.24835623699913642,
  "n_companies": 234,
  "n_filtered": 0,
  "training_time": 305.37,
  "epochs_trained": 202,
  "best_val_loss": 0.0019363521132618189
}