{
  "arch": "gru_baseline",
  "lob": "workers_compensation",
  "config_idx": 91,
  "dropout_rate": 0.01803,
  "learning_rate": 0.0028027,
  "batch_size": 256,
  "max_epochs": 1000,
  "gru_units": 64,
  "dense_units": 128,
  "mape": 0.10114052148109495,
  "rmspe": 0.15521672863930244,
  "n_companies": 234,
  "n_filtered": 0,
  "mape_std": 0.08255511366814187,
  "mape_p25": 0.05276444403939989,
  "mape_p75": 0.12122372168476146,
  "training_time": 76.82,
  "epochs_trained": 201,
  "best_val_loss": 0.0009914426274398075,
  "train_loss_curve": [
    0.002049,
    0.001243,
    0.001189,
    0.001228,
    0.001026,
    0.000986,
    0.000988,
    0.000946,
    0.000922,
    0.000925,
    0.000902,
    0.000887,
    0.000871,
    0.000863,
    0.000854,
    0.000841,
    0.000841,
    0.000917,
    0.000866,
    0.00082,
    0.000823,
    0.000967,
    0.000842,
    0.000848,
    0.000812,
    0.000805,
    0.000788,
    0.000798,
    0.000848,
    0.000861,
    0.0008,
    0.000764,
    0.000803,
    0.000871,
    0.000817,
    0.00079,
    0.000762,
    0.000768,
    0.000769,
    0.000765,
    0.000962,
    0.000847,
    0.000939,
    0.000839,
    0.000788,
    0.000806,
    0.000789,
    0.000779,
    0.000759,
    0.000736,
    0.00076,
    0.000785,
    0.000831,
    0.000757,
    0.000767,
    0.000725,
    0.000732,
    0.000797,
    0.000733,
    0.000716,
    0.000713,
    0.000711,
    0.000733,
    0.000984,
    0.000799,
    0.000747,
    0.0007,
    0.00071,
    0.000697,
    0.000697,
    0.000685,
    0.000681,
    0.000689,
    0.000676,
    0.000684,
    0.000682,
    0.000683,
    0.000691,
    0.000709,
    0.00067,
    0.000671,
    0.000685,
    0.000652,
    0.000637,
    0.000637,
    0.000628,
    0.000635,
    0.000637,
    0.000654,
    0.000639,
    0.000673,
    0.000637,
    0.00067,
    0.00066,
    0.000666,
    0.000669,
    0.000636,
    0.000621,
    0.000621,
    0.000618,
    0.000609,
    0.000619,
    0.000611,
    0.000605,
    0.000637,
    0.000699,
    0.000622,
    0.00061,
    0.000619,
    0.000611,
    0.00061,
    0.000608,
    0.000604,
    0.000623,
    0.00065,
    0.000597,
    0.000652,
    0.000626,
    0.000606,
    0.000598,
    0.000619,
    0.000625,
    0.000603,
    0.000609,
    0.0006,
    0.000592,
    0.000585,
    0.000598,
    0.000597,
    0.00059,
    0.000589,
    0.000594,
    0.00059,
    0.000575,
    0.000573,
    0.000565,
    0.000577,
    0.000566,
    0.000565,
    0.000584,
    0.000566,
    0.000565,
    0.000566,
    0.000581,
    0.000583,
    0.00057,
    0.000559,
    0.000564,
    0.00056,
    0.000612,
    0.00061,
    0.000568,
    0.00057,
    0.000593,
    0.00058,
    0.000563,
    0.000572,
    0.000591,
    0.000612,
    0.000566,
    0.000575,
    0.000572,
    0.000552,
    0.000554,
    0.00057,
    0.000576,
    0.000614,
    0.000568,
    0.000561,
    0.000556,
    0.000551,
    0.000582,
    0.000563,
    0.000552,
    0.000633,
    0.000564,
    0.000564,
    0.000597,
    0.000572,
    0.000559,
    0.000559,
    0.000554,
    0.000551,
    0.000541,
    0.000548,
    0.000575,
    0.000548,
    0.000538,
    0.000537,
    0.000544,
    0.000545,
    0.00054,
    0.00054,
    0.000549,
    0.000545,
    0.00054,
    0.000563,
    0.000559,
    0.00054,
    0.000556,
    0.000553
  ],
  "val_loss_curve": [
    0.001559,
    0.00132,
    0.001726,
    0.001133,
    0.001049,
    0.001037,
    0.001091,
    0.001104,
    0.00122,
    0.001111,
    0.001043,
    0.001167,
    0.00105,
    0.001131,
    0.001122,
    0.001044,
    0.001238,
    0.001341,
    0.001054,
    0.001111,
    0.001255,
    0.001002,
    0.001039,
    0.001003,
    0.001079,
    0.001093,
    0.00102,
    0.001046,
    0.001188,
    0.001111,
    0.000991,
    0.001086,
    0.001063,
    0.001155,
    0.001074,
    0.001066,
    0.001053,
    0.001023,
    0.001091,
    0.001152,
    0.00104,
    0.001057,
    0.001044,
    0.001032,
    0.00106,
    0.001056,
    0.001134,
    0.001055,
    0.001116,
    0.001093,
    0.001148,
    0.00107,
    0.001242,
    0.001229,
    0.001045,
    0.001052,
    0.001264,
    0.001123,
    0.001113,
    0.001084,
    0.001055,
    0.001081,
    0.001969,
    0.00134,
    0.001095,
    0.001052,
    0.001095,
    0.001062,
    0.00108,
    0.001088,
    0.001152,
    0.001063,
    0.001081,
    0.001113,
    0.001126,
    0.001114,
    0.001218,
    0.001086,
    0.001106,
    0.001145,
    0.001193,
    0.001119,
    0.00113,
    0.001099,
    0.001066,
    0.001149,
    0.001117,
    0.00113,
    0.001075,
    0.001122,
    0.00109,
    0.001093,
    0.001195,
    0.001114,
    0.001139,
    0.001152,
    0.00113,
    0.001089,
    0.001135,
    0.001069,
    0.001114,
    0.001095,
    0.001099,
    0.001094,
    0.001178,
    0.001122,
    0.001122,
    0.001087,
    0.001083,
    0.001077,
    0.001085,
    0.001121,
    0.001127,
    0.001084,
    0.001115,
    0.001104,
    0.00109,
    0.001135,
    0.001103,
    0.001119,
    0.001129,
    0.001076,
    0.001082,
    0.001103,
    0.001107,
    0.001075,
    0.001118,
    0.001095,
    0.001124,
    0.001103,
    0.001131,
    0.001126,
    0.00111,
    0.001119,
    0.001108,
    0.001119,
    0.001123,
    0.001127,
    0.001107,
    0.001132,
    0.001101,
    0.001096,
    0.001099,
    0.001108,
    0.001098,
    0.001114,
    0.001121,
    0.001106,
    0.001114,
    0.001187,
    0.001136,
    0.001134,
    0.001111,
    0.001106,
    0.001125,
    0.00111,
    0.001127,
    0.001123,
    0.001109,
    0.001125,
    0.00114,
    0.001123,
    0.001119,
    0.001113,
    0.001132,
    0.001121,
    0.001125,
    0.001107,
    0.001121,
    0.001123,
    0.001149,
    0.001135,
    0.001119,
    0.001157,
    0.001116,
    0.001121,
    0.001167,
    0.001116,
    0.001128,
    0.001102,
    0.001114,
    0.001137,
    0.001151,
    0.001126,
    0.001136,
    0.001134,
    0.00113,
    0.001125,
    0.001137,
    0.001129,
    0.001131,
    0.001137,
    0.001124,
    0.001126,
    0.001132,
    0.001135,
    0.00112,
    0.001131,
    0.001138,
    0.001128,
    0.001136
  ],
  "per_company_mape": {
    "C1015": 0.117749,
    "C1033": 0.050589,
    "C1068": 0.033964,
    "C1084": 0.058984,
    "C1156": 0.048243,
    "C1208": 0.029748,
    "C121": 0.129182,
    "C1218": 0.119395,
    "C1252": 0.066568,
    "C1280": 0.15757,
    "C1313": 0.06479,
    "C1401": 0.402418,
    "C1422": 0.068454,
    "C1475": 0.209277,
    "C151": 0.121118,
    "C1554": 0.037161,
    "C1590": 0.08067,
    "C1594": 0.043486,
    "C1617": 0.050894,
    "C1624": 0.04002,
    "C1635": 0.335818,
    "C1641": 0.059623,
    "C1662": 0.045729,
    "C1675": 0.037825,
    "C1691": 0.035257,
    "C1704": 0.056726,
    "C1706": 0.212255,
    "C1709": 0.056819,
    "C1712": 0.094424,
    "C1744": 0.051701,
    "C1768": 0.190378,
    "C1770": 0.057982,
    "C1783": 0.179015,
    "C1787": 0.058424,
    "C1814": 0.049328,
    "C1817": 0.093147,
    "C1841": 0.090226,
    "C1996": 0.05192,
    "C2033": 0.220148,
    "C2040": 0.069823,
    "C2043": 0.086914,
    "C212": 0.237468,
    "C223": 0.089669,
    "C229": 0.051708,
    "C246": 0.056579,
    "C260": 0.058195,
    "C267": 0.075852,
    "C288": 0.064315,
    "C294": 0.097564,
    "C296": 0.042422,
    "C2969": 0.052212,
    "C2973": 0.049415,
    "C3011": 0.059877,
    "C3012": 0.071381,
    "C3053": 0.088381,
    "C306": 0.040862,
    "C310": 0.067133,
    "C3102": 0.125733,
    "C3130": 0.068388,
    "C3219": 0.061754,
    "C3230": 0.069804,
    "C3251": 0.052543,
    "C3419": 0.045303,
    "C3630": 0.163859,
    "C3633": 0.084267,
    "C3767": 0.181513,
    "C3774": 0.075378,
    "C3776": 0.089226,
    "C379": 0.11044,
    "C3838": 0.067796,
    "C3854": 0.072625,
    "C3856": 0.099378,
    "C391": 0.131121,
    "C3923": 0.059959,
    "C3933": 0.076183,
    "C4071": 0.070877,
    "C409": 0.028939,
    "C4102": 0.0616,
    "C411": 0.036177,
    "C4146": 0.13801,