{
  "arch": "gru_baseline",
  "lob": "workers_compensation",
  "config_idx": 54,
  "dropout_rate": 0.01508,
  "learning_rate": 0.0010986,
  "batch_size": 256,
  "max_epochs": 1000,
  "gru_units": 128,
  "dense_units": 128,
  "mape": 0.12847441343725313,
  "rmspe": 0.2240799772438312,
  "n_companies": 234,
  "n_filtered": 0,
  "mape_std": 0.12264751036832407,
  "mape_p25": 0.06698034229976432,
  "mape_p75": 0.14836996217779647,
  "training_time": 84.82,
  "epochs_trained": 201,
  "best_val_loss": 0.0009468585392044458,
  "train_loss_curve": [
    0.002388,
    0.001209,
    0.001137,
    0.001074,
    0.001033,
    0.000999,
    0.000992,
    0.000984,
    0.000946,
    0.000922,
    0.000921,
    0.000942,
    0.0009,
    0.000872,
    0.000854,
    0.000863,
    0.00091,
    0.000837,
    0.000825,
    0.000813,
    0.000802,
    0.000799,
    0.000803,
    0.000814,
    0.000819,
    0.000814,
    0.000882,
    0.000807,
    0.0008,
    0.000802,
    0.00094,
    0.000822,
    0.000783,
    0.000827,
    0.000782,
    0.000759,
    0.000777,
    0.000741,
    0.000742,
    0.000739,
    0.000793,
    0.000786,
    0.00073,
    0.000729,
    0.000724,
    0.000752,
    0.000724,
    0.000725,
    0.000714,
    0.000713,
    0.000712,
    0.000702,
    0.000701,
    0.000693,
    0.000706,
    0.000693,
    0.00075,
    0.0009,
    0.000888,
    0.000752,
    0.000753,
    0.000741,
    0.000727,
    0.000703,
    0.000702,
    0.000694,
    0.00071,
    0.000675,
    0.000681,
    0.000687,
    0.000704,
    0.000721,
    0.000693,
    0.000656,
    0.000663,
    0.000652,
    0.000655,
    0.000653,
    0.000643,
    0.00065,
    0.000654,
    0.000651,
    0.000658,
    0.000636,
    0.000666,
    0.000652,
    0.000664,
    0.000646,
    0.000646,
    0.00063,
    0.000634,
    0.000638,
    0.000661,
    0.000672,
    0.000632,
    0.000642,
    0.000654,
    0.000649,
    0.00064,
    0.000644,
    0.000657,
    0.000637,
    0.000657,
    0.000683,
    0.000643,
    0.000632,
    0.000687,
    0.000635,
    0.000627,
    0.000625,
    0.000623,
    0.000632,
    0.000622,
    0.000624,
    0.000622,
    0.000619,
    0.000626,
    0.00062,
    0.000621,
    0.000611,
    0.000613,
    0.000609,
    0.000608,
    0.000606,
    0.000613,
    0.000615,
    0.000596,
    0.000605,
    0.000608,
    0.00061,
    0.000624,
    0.000593,
    0.000598,
    0.000591,
    0.000596,
    0.00059,
    0.000586,
    0.000597,
    0.000598,
    0.000594,
    0.000592,
    0.000592,
    0.000603,
    0.000592,
    0.000592,
    0.000592,
    0.000587,
    0.000592,
    0.000587,
    0.000588,
    0.000594,
    0.000679,
    0.000665,
    0.000604,
    0.000594,
    0.000586,
    0.000591,
    0.000592,
    0.00059,
    0.000588,
    0.000596,
    0.000578,
    0.000629,
    0.000584,
    0.000601,
    0.000621,
    0.000603,
    0.000583,
    0.00058,
    0.000585,
    0.000594,
    0.00059,
    0.000583,
    0.000583,
    0.000578,
    0.000593,
    0.000575,
    0.000582,
    0.000578,
    0.00058,
    0.000578,
    0.000577,
    0.000575,
    0.000574,
    0.000573,
    0.000578,
    0.000574,
    0.000579,
    0.000577,
    0.00058,
    0.000581,
    0.000577,
    0.00058,
    0.000584,
    0.000578,
    0.000569,
    0.000575,
    0.000574,
    0.000579,
    0.000581,
    0.000587
  ],
  "val_loss_curve": [
    0.001283,
    0.001144,
    0.001031,
    0.001058,
    0.001026,
    0.001,
    0.001291,
    0.000965,
    0.000984,
    0.001084,
    0.001106,
    0.001015,
    0.000987,
    0.001076,
    0.000975,
    0.001199,
    0.001027,
    0.001062,
    0.001036,
    0.001069,
    0.000966,
    0.000947,
    0.001072,
    0.00103,
    0.001027,
    0.000962,
    0.001011,
    0.000967,
    0.000978,
    0.001339,
    0.000995,
    0.001047,
    0.001021,
    0.001007,
    0.001015,
    0.001055,
    0.001006,
    0.001033,
    0.000976,
    0.000989,
    0.001041,
    0.001062,
    0.000981,
    0.000965,
    0.001082,
    0.001037,
    0.001114,
    0.000996,
    0.001045,
    0.00102,
    0.001009,
    0.000983,
    0.001015,
    0.001038,
    0.000957,
    0.001036,
    0.001123,
    0.001057,
    0.001005,
    0.000982,
    0.00102,
    0.00109,
    0.001006,
    0.001,
    0.000972,
    0.001105,
    0.001003,
    0.00102,
    0.001002,
    0.001067,
    0.001054,
    0.001019,
    0.001018,
    0.001027,
    0.000993,
    0.000998,
    0.000996,
    0.00101,
    0.001028,
    0.00102,
    0.00101,
    0.001017,
    0.000995,
    0.000989,
    0.001025,
    0.001001,
    0.001028,
    0.001003,
    0.001018,
    0.001007,
    0.001013,
    0.001035,
    0.001083,
    0.001038,
    0.00102,
    0.001001,
    0.001051,
    0.001028,
    0.001004,
    0.000999,
    0.000992,
    0.00102,
    0.001065,
    0.001024,
    0.001034,
    0.001036,
    0.001022,
    0.000998,
    0.001031,
    0.00101,
    0.001019,
    0.001006,
    0.001058,
    0.001056,
    0.001034,
    0.001021,
    0.001013,
    0.001015,
    0.001023,
    0.001057,
    0.001038,
    0.00102,
    0.001015,
    0.001021,
    0.001054,
    0.001019,
    0.001019,
    0.001037,
    0.001031,
    0.001025,
    0.001047,
    0.001032,
    0.001026,
    0.001033,
    0.001026,
    0.001027,
    0.001034,
    0.001025,
    0.001035,
    0.001032,
    0.001041,
    0.001021,
    0.001035,
    0.001033,
    0.001033,
    0.001047,
    0.001035,
    0.001025,
    0.00103,
    0.001041,
    0.001042,
    0.001017,
    0.001043,
    0.001029,
    0.001035,
    0.001033,
    0.001045,
    0.001033,
    0.001033,
    0.001025,
    0.001036,
    0.001034,
    0.00103,
    0.001027,
    0.001024,
    0.001033,
    0.001043,
    0.001038,
    0.001034,
    0.001062,
    0.001044,
    0.001027,
    0.00103,
    0.001048,
    0.001028,
    0.001032,
    0.00104,
    0.00104,
    0.001034,
    0.001038,
    0.001036,
    0.001045,
    0.001045,
    0.001048,
    0.001046,
    0.00103,
    0.001041,
    0.00104,
    0.001035,
    0.001034,
    0.001045,
    0.001042,
    0.001036,
    0.001043,
    0.001043,
    0.001046,
    0.001028,
    0.001038,
    0.001046,
    0.001036,
    0.001028
  ],
  "per_company_mape": {
    "C1015": 0.075236,
    "C1033": 0.170426,
    "C1068": 0.191003,
    "C1084": 0.098921,
    "C1156": 0.175216,
    "C1208": 0.119571,
    "C121": 0.050511,
    "C1218": 0.100335,
    "C1252": 0.091762,
    "C1280": 0.100078,
    "C1313": 0.058556,
    "C1401": 0.244046,
    "C1422": 0.176901,
    "C1475": 0.391616,
    "C151": 0.235236,
    "C1554": 0.143947,
    "C1590": 0.060281,
    "C1594": 0.113837,
    "C1617": 0.322415,
    "C1624": 0.073738,
    "C1635": 0.267862,
    "C1641": 0.054926,
    "C1662": 0.141483,
    "C1675": 0.067606,
    "C1691": 0.05257,
    "C1704": 0.115119,
    "C1706": 0.131382,
    "C1709": 0.188654,
    "C1712": 0.19893,
    "C1744": 0.144802,
    "C1768": 0.298113,
    "C1770": 0.046195,
    "C1783": 0.199522,
    "C1787": 0.157269,
    "C1814": 0.168002,
    "C1817": 0.215519,
    "C1841": 0.11763,
    "C1996": 0.074682,
    "C2033": 0.452978,
    "C2040": 0.176574,
    "C2043": 0.120978,
    "C212": 0.10181,
    "C223": 0.174111,
    "C229": 0.094037,
    "C246": 0.05321,
    "C260": 0.091534,
    "C267": 0.235192,
    "C288": 0.05247,
    "C294": 0.231708,
    "C296": 0.093885,
    "C2969": 0.084508,
    "C2973": 0.09084,
    "C3011": 0.067352,
    "C3012": 0.077207,
    "C3053": 0.023832,
    "C306": 0.104426,
    "C310": 0.034657,
    "C3102": 0.060786,
    "C3130": 0.275551,
    "C3219": 0.059373,
    "C3230": 0.07107,
    "C3251": 0.208369,
    "C3419": 0.135427,
    "C3630": 0.057154,
    "C3633": 0.125571,
    "C3767": 0.077942,
    "C3774": 0.064595,
    "C3776": 0.139196,
    "C379": 0.042219,
    "C3838": 0.04269,
    "C3854": 0.110501,
    "C3856": 0.058844,
    "C391": 0.082453,
    "C3923": 0.173336,
    "C3933": 0.083572,
    "C4071": 0.160757,
    "C409": 0.114791,
    "C4102": 0.089373,
    "C411": 0.034556,
    "C4146": 0.319573,