{
  "arch": "gru_baseline",
  "lob": "workers_compensation",
  "config_idx": 21,
  "dropout_rate": 0.02427,
  "learning_rate": 0.0005513,
  "batch_size": 256,
  "max_epochs": 500,
  "gru_units": 128,
  "dense_units": 128,
  "mape": 0.09866145506262537,
  "rmspe": 0.16543488152502736,
  "n_companies": 234,
  "n_filtered": 0,
  "training_time": 400.06,
  "epochs_trained": 204,
  "best_val_loss": 0.0010136376367881894
}