{
  "arch": "gru_baseline",
  "lob": "workers_compensation",
  "config_idx": 58,
  "dropout_rate": 0.02998,
  "learning_rate": 0.0038611,
  "batch_size": 1024,
  "max_epochs": 1000,
  "gru_units": 256,
  "dense_units": 32,
  "mape": 0.12321782644343117,
  "rmspe": 0.243737634382894,
  "n_companies": 234,
  "n_filtered": 0,
  "mape_std": 0.11589046012915806,
  "mape_p25": 0.06391030703419004,
  "mape_p75": 0.1401818130873281,
  "training_time": 75.14,
  "epochs_trained": 202,
  "best_val_loss": 0.0009466299670748413,
  "train_loss_curve": [
    0.006724,
    0.001689,
    0.001346,
    0.00122,
    0.001172,
    0.001149,
    0.001138,
    0.001084,
    0.00105,
    0.001027,
    0.001046,
    0.001015,
    0.001021,
    0.001013,
    0.001004,
    0.000975,
    0.000968,
    0.000943,
    0.000939,
    0.00094,
    0.000925,
    0.000923,
    0.000907,
    0.00091,
    0.00089,
    0.000916,
    0.000918,
    0.000895,
    0.000896,
    0.000888,
    0.000889,
    0.000887,
    0.000882,
    0.000882,
    0.000872,
    0.000876,
    0.00087,
    0.000857,
    0.000865,
    0.000888,
    0.000855,
    0.000847,
    0.000851,
    0.000847,
    0.000834,
    0.000821,
    0.000831,
    0.000839,
    0.000831,
    0.000831,
    0.000829,
    0.000853,
    0.000837,
    0.000829,
    0.000832,
    0.000808,
    0.00083,
    0.000821,
    0.000829,
    0.000823,
    0.000805,
    0.000805,
    0.000815,
    0.000808,
    0.000793,
    0.000816,
    0.000802,
    0.000819,
    0.000781,
    0.000794,
    0.00079,
    0.000764,
    0.000758,
    0.000756,
    0.00075,
    0.000763,
    0.000772,
    0.000755,
    0.000766,
    0.000752,
    0.000752,
    0.000755,
    0.000755,
    0.000747,
    0.000755,
    0.00075,
    0.000737,
    0.000741,
    0.000752,
    0.000749,
    0.000743,
    0.000752,
    0.000736,
    0.000741,
    0.000739,
    0.000734,
    0.000739,
    0.000742,
    0.000734,
    0.000743,
    0.00074,
    0.000731,
    0.000745,
    0.000736,
    0.000747,
    0.000745,
    0.000734,
    0.000727,
    0.000724,
    0.000728,
    0.000731,
    0.000731,
    0.000734,
    0.000727,
    0.000749,
    0.000736,
    0.000723,
    0.000745,
    0.000741,
    0.000742,
    0.000746,
    0.000716,
    0.000723,
    0.000717,
    0.000722,
    0.000736,
    0.000734,
    0.000726,
    0.000718,
    0.000712,
    0.000719,
    0.000721,
    0.000727,
    0.00073,
    0.000714,
    0.000734,
    0.000715,
    0.000716,
    0.000714,
    0.000718,
    0.000704,
    0.0007,
    0.000706,
    0.000704,
    0.000719,
    0.000689,
    0.000686,
    0.000705,
    0.000707,
    0.000703,
    0.000705,
    0.000691,
    0.000695,
    0.000697,
    0.000694,
    0.000699,
    0.000705,
    0.000698,
    0.000698,
    0.000703,
    0.000694,
    0.000697,
    0.000701,
    0.000693,
    0.00069,
    0.000696,
    0.000684,
    0.000696,
    0.000707,
    0.000687,
    0.000693,
    0.000687,
    0.000686,
    0.000681,
    0.000685,
    0.000702,
    0.000689,
    0.000686,
    0.000697,
    0.000693,
    0.000684,
    0.000689,
    0.000688,
    0.000686,
    0.000704,
    0.000696,
    0.000687,
    0.000683,
    0.000689,
    0.000688,
    0.000685,
    0.000687,
    0.000684,
    0.000696,
    0.000676,
    0.000687,
    0.000683,
    0.000673,
    0.000684,
    0.000687,
    0.000666,
    0.000684
  ],
  "val_loss_curve": [
    0.002787,
    0.001228,
    0.001167,
    0.001124,
    0.001086,
    0.0011,
    0.001041,
    0.001041,
    0.00107,
    0.001023,
    0.000974,
    0.00097,
    0.001004,
    0.001134,
    0.001002,
    0.000978,
    0.000969,
    0.00109,
    0.001109,
    0.000956,
    0.001004,
    0.000987,
    0.000999,
    0.001033,
    0.00108,
    0.00108,
    0.00106,
    0.001153,
    0.00102,
    0.000991,
    0.001047,
    0.000957,
    0.001009,
    0.000988,
    0.00103,
    0.000983,
    0.001042,
    0.001101,
    0.001155,
    0.000989,
    0.001069,
    0.001,
    0.001009,
    0.001072,
    0.001053,
    0.001021,
    0.001023,
    0.001027,
    0.001004,
    0.001059,
    0.00097,
    0.001163,
    0.001028,
    0.001074,
    0.001017,
    0.000967,
    0.001016,
    0.001007,
    0.001001,
    0.001118,
    0.000985,
    0.001045,
    0.000997,
    0.000992,
    0.000978,
    0.001059,
    0.001031,
    0.000982,
    0.001056,
    0.001012,
    0.000986,
    0.001008,
    0.001004,
    0.001,
    0.000962,
    0.001001,
    0.001023,
    0.00101,
    0.000995,
    0.001021,
    0.001014,
    0.00097,
    0.000972,
    0.000984,
    0.001051,
    0.000983,
    0.001037,
    0.000963,
    0.001039,
    0.000947,
    0.001013,
    0.000987,
    0.001017,
    0.001002,
    0.000998,
    0.000996,
    0.001006,
    0.001044,
    0.001008,
    0.001028,
    0.000989,
    0.000999,
    0.001012,
    0.000983,
    0.001024,
    0.001014,
    0.000973,
    0.001001,
    0.000997,
    0.001055,
    0.000962,
    0.00099,
    0.001011,
    0.000973,
    0.001,
    0.001037,
    0.001001,
    0.000965,
    0.001064,
    0.001014,
    0.000972,
    0.000996,
    0.000984,
    0.001038,
    0.000998,
    0.001017,
    0.000981,
    0.000997,
    0.001008,
    0.000996,
    0.000986,
    0.001022,
    0.000989,
    0.000988,
    0.001056,
    0.001007,
    0.001012,
    0.000997,
    0.001023,
    0.001002,
    0.000997,
    0.000989,
    0.000977,
    0.000975,
    0.000984,
    0.000993,
    0.000981,
    0.000978,
    0.000993,
    0.000992,
    0.000989,
    0.001004,
    0.000989,
    0.000993,
    0.000992,
    0.000978,
    0.000993,
    0.000997,
    0.000989,
    0.000983,
    0.000975,
    0.001001,
    0.00101,
    0.000994,
    0.000993,
    0.001004,
    0.000985,
    0.000978,
    0.000992,
    0.000993,
    0.000976,
    0.000997,
    0.000976,
    0.000981,
    0.000994,
    0.000981,
    0.001006,
    0.000983,
    0.000996,
    0.000984,
    0.000991,
    0.000999,
    0.001005,
    0.000974,
    0.000989,
    0.000999,
    0.001,
    0.000993,
    0.000976,
    0.000992,
    0.001003,
    0.001019,
    0.000979,
    0.000998,
    0.000988,
    0.000993,
    0.000999,
    0.000988,
    0.000987,
    0.000987,
    0.000996,
    0.000981
  ],
  "per_company_mape": {
    "C1015": 0.099014,
    "C1033": 0.19054,
    "C1068": 0.174113,
    "C1084": 0.041794,
    "C1156": 0.112636,
    "C1208": 0.088332,
    "C121": 0.112643,
    "C1218": 0.175215,
    "C1252": 0.047195,
    "C1280": 0.080066,
    "C1313": 0.058891,
    "C1401": 0.248423,
    "C1422": 0.230334,
    "C1475": 0.728214,
    "C151": 0.186677,
    "C1554": 0.238994,
    "C1590": 0.072047,
    "C1594": 0.099215,
    "C1617": 0.116208,
    "C1624": 0.057823,
    "C1635": 1.047962,
    "C1641": 0.078304,
    "C1662": 0.057394,
    "C1675": 0.057201,
    "C1691": 0.057958,
    "C1704": 0.047347,
    "C1706": 0.124075,
    "C1709": 0.141023,
    "C1712": 0.253546,
    "C1744": 0.152445,
    "C1768": 0.094895,
    "C1770": 0.062705,
    "C1783": 0.159564,
    "C1787": 0.091512,
    "C1814": 0.063309,
    "C1817": 0.316998,
    "C1841": 0.220597,
    "C1996": 0.064599,
    "C2033": 0.371144,
    "C2040": 0.146215,
    "C2043": 0.149513,
    "C212": 0.141666,
    "C223": 0.111597,
    "C229": 0.037902,
    "C246": 0.08498,
    "C260": 0.077889,
    "C267": 0.317437,
    "C288": 0.023972,
    "C294": 0.256253,
    "C296": 0.059421,
    "C2969": 0.028035,
    "C2973": 0.08586,
    "C3011": 0.031744,
    "C3012": 0.130767,
    "C3053": 0.051272,
    "C306": 0.097588,
    "C310": 0.050308,
    "C3102": 0.050318,
    "C3130": 0.279849,
    "C3219": 0.064651,
    "C3230": 0.070385,
    "C3251": 0.223593,
    "C3419": 0.120526,
    "C3630": 0.048486,
    "C3633": 0.132077,
    "C3767": 0.088652,
    "C3774": 0.042177,
    "C3776": 0.066289,
    "C379": 0.058077,
    "C3838": 0.08847,
    "C3854": 0.022798,
    "C3856": 0.102491,
    "C391": 0.093222,
    "C3923": 0.056151,
    "C3933": 0.055769,
    "C4071": 0.126144,
    "C409": 0.122317,
    "C4102": 0.151302,