{
  "arch": "gru_baseline",
  "lob": "workers_compensation",
  "config_idx": 88,
  "dropout_rate": 0.01545,
  "learning_rate": 0.0017658,
  "batch_size": 256,
  "max_epochs": 1000,
  "gru_units": 64,
  "dense_units": 32,
  "mape": 0.10529336688364622,
  "rmspe": 0.16570290588763534,
  "n_companies": 234,
  "n_filtered": 0,
  "mape_std": 0.08185507967489822,
  "mape_p25": 0.05429120037156076,
  "mape_p75": 0.1276727492899487,
  "training_time": 76.81,
  "epochs_trained": 201,
  "best_val_loss": 0.0009635248705827897,
  "train_loss_curve": [
    0.002524,
    0.001264,
    0.001147,
    0.001121,
    0.001072,
    0.001047,
    0.001017,
    0.000986,
    0.00097,
    0.00099,
    0.000972,
    0.000938,
    0.000942,
    0.000905,
    0.000939,
    0.000909,
    0.000891,
    0.000899,
    0.000916,
    0.000891,
    0.000857,
    0.000857,
    0.000889,
    0.000861,
    0.000853,
    0.000832,
    0.000833,
    0.000828,
    0.000827,
    0.000833,
    0.000836,
    0.000827,
    0.000832,
    0.000819,
    0.00081,
    0.000837,
    0.00082,
    0.000811,
    0.000808,
    0.000789,
    0.000796,
    0.0008,
    0.000814,
    0.000826,
    0.000777,
    0.000791,
    0.000782,
    0.000794,
    0.000791,
    0.000797,
    0.000785,
    0.000819,
    0.00077,
    0.000773,
    0.0008,
    0.000809,
    0.000783,
    0.000767,
    0.000771,
    0.000779,
    0.000761,
    0.000779,
    0.000761,
    0.000755,
    0.000772,
    0.000761,
    0.000768,
    0.000792,
    0.000803,
    0.000759,
    0.000748,
    0.000764,
    0.000832,
    0.000759,
    0.000745,
    0.000746,
    0.000746,
    0.000735,
    0.000717,
    0.000734,
    0.000735,
    0.000738,
    0.000724,
    0.000713,
    0.000729,
    0.000741,
    0.000731,
    0.000725,
    0.000729,
    0.000773,
    0.000724,
    0.000704,
    0.000703,
    0.00071,
    0.000684,
    0.000683,
    0.00069,
    0.000691,
    0.000689,
    0.000697,
    0.000695,
    0.000687,
    0.000697,
    0.000689,
    0.000687,
    0.000679,
    0.000831,
    0.000749,
    0.0007,
    0.000693,
    0.000687,
    0.00068,
    0.000687,
    0.000687,
    0.000706,
    0.000714,
    0.000686,
    0.00069,
    0.000685,
    0.000675,
    0.000678,
    0.000682,
    0.000688,
    0.000692,
    0.000689,
    0.000688,
    0.000689,
    0.000699,
    0.000737,
    0.000687,
    0.000687,
    0.000698,
    0.000697,
    0.00068,
    0.000685,
    0.000688,
    0.000673,
    0.000679,
    0.000679,
    0.000678,
    0.000679,
    0.00069,
    0.000664,
    0.000658,
    0.000668,
    0.000671,
    0.00067,
    0.000685,
    0.00066,
    0.000662,
    0.000669,
    0.000667,
    0.000666,
    0.000663,
    0.000665,
    0.000663,
    0.000656,
    0.000653,
    0.000691,
    0.000662,
    0.000683,
    0.00066,
    0.000677,
    0.000674,
    0.000667,
    0.000663,
    0.000667,
    0.000671,
    0.000693,
    0.000653,
    0.000659,
    0.000673,
    0.000662,
    0.000662,
    0.000658,
    0.00067,
    0.000675,
    0.00066,
    0.00071,
    0.000665,
    0.000656,
    0.000655,
    0.000661,
    0.000664,
    0.000654,
    0.000656,
    0.000679,
    0.000663,
    0.000657,
    0.00066,
    0.000664,
    0.00066,
    0.000665,
    0.000663,
    0.000658,
    0.000654,
    0.000645,
    0.000648,
    0.00065,
    0.000656,
    0.00065
  ],
  "val_loss_curve": [
    0.001404,
    0.00112,
    0.001321,
    0.001063,
    0.001041,
    0.001083,
    0.001004,
    0.001056,
    0.001156,
    0.00129,
    0.001038,
    0.001119,
    0.00106,
    0.001151,
    0.001075,
    0.001093,
    0.001028,
    0.001166,
    0.001049,
    0.001024,
    0.001041,
    0.001023,
    0.001044,
    0.00097,
    0.001008,
    0.001028,
    0.000982,
    0.001017,
    0.001001,
    0.00104,
    0.00098,
    0.000984,
    0.00101,
    0.001041,
    0.001044,
    0.00101,
    0.001012,
    0.001108,
    0.000996,
    0.000964,
    0.000986,
    0.000972,
    0.001085,
    0.000983,
    0.001013,
    0.001025,
    0.000989,
    0.001001,
    0.000987,
    0.000995,
    0.001055,
    0.001042,
    0.001013,
    0.001022,
    0.001019,
    0.000996,
    0.001035,
    0.000989,
    0.000995,
    0.00103,
    0.001066,
    0.001004,
    0.000985,
    0.00104,
    0.00105,
    0.000998,
    0.001077,
    0.001003,
    0.001024,
    0.000989,
    0.001026,
    0.001047,
    0.001025,
    0.000998,
    0.001045,
    0.001046,
    0.001033,
    0.001023,
    0.001003,
    0.001052,
    0.00107,
    0.001048,
    0.000998,
    0.001025,
    0.001128,
    0.00103,
    0.001057,
    0.000997,
    0.001125,
    0.001036,
    0.001005,
    0.001019,
    0.001064,
    0.001003,
    0.001004,
    0.001014,
    0.001014,
    0.001027,
    0.001028,
    0.001043,
    0.00101,
    0.001037,
    0.001032,
    0.001024,
    0.001023,
    0.001046,
    0.001033,
    0.001048,
    0.001049,
    0.001025,
    0.001017,
    0.001047,
    0.001023,
    0.001007,
    0.001035,
    0.001043,
    0.001027,
    0.001033,
    0.001039,
    0.001044,
    0.001027,
    0.001029,
    0.001023,
    0.001051,
    0.001033,
    0.001032,
    0.001022,
    0.001087,
    0.001021,
    0.00103,
    0.001076,
    0.001035,
    0.001024,
    0.001022,
    0.001054,
    0.001046,
    0.001062,
    0.001044,
    0.001033,
    0.001011,
    0.001033,
    0.001035,
    0.001037,
    0.001049,
    0.001035,
    0.001025,
    0.001037,
    0.001036,
    0.001028,
    0.00104,
    0.001027,
    0.001038,
    0.001025,
    0.001036,
    0.00103,
    0.001039,
    0.001042,
    0.001045,
    0.001046,
    0.001026,
    0.001032,
    0.001044,
    0.001037,
    0.001023,
    0.001041,
    0.001043,
    0.001046,
    0.00102,
    0.00103,
    0.001034,
    0.001039,
    0.001038,
    0.001023,
    0.001027,
    0.001032,
    0.001082,
    0.001024,
    0.00103,
    0.001035,
    0.001029,
    0.001031,
    0.001028,
    0.001029,
    0.001035,
    0.001031,
    0.001027,
    0.001056,
    0.00103,
    0.001023,
    0.001041,
    0.00102,
    0.001039,
    0.001044,
    0.001029,
    0.001044,
    0.001027,
    0.001034,
    0.001037,
    0.001029,
    0.001032,
    0.001033
  ],
  "per_company_mape": {
    "C1015": 0.080553,
    "C1033": 0.065665,
    "C1068": 0.078942,
    "C1084": 0.043404,
    "C1156": 0.094955,
    "C1208": 0.03435,
    "C121": 0.163062,
    "C1218": 0.157475,
    "C1252": 0.059263,
    "C1280": 0.132916,
    "C1313": 0.057208,
    "C1401": 0.368141,
    "C1422": 0.053369,
    "C1475": 0.386781,
    "C151": 0.082338,
    "C1554": 0.082245,
    "C1590": 0.099642,
    "C1594": 0.047624,
    "C1617": 0.047796,
    "C1624": 0.037868,
    "C1635": 0.375897,
    "C1641": 0.030132,
    "C1662": 0.048774,
    "C1675": 0.03004,
    "C1691": 0.045714,
    "C1704": 0.077027,
    "C1706": 0.276754,
    "C1709": 0.107555,
    "C1712": 0.122301,
    "C1744": 0.044061,
    "C1768": 0.169238,
    "C1770": 0.059787,
    "C1783": 0.124823,
    "C1787": 0.035917,
    "C1814": 0.093647,
    "C1817": 0.062898,
    "C1841": 0.215064,
    "C1996": 0.055727,
    "C2033": 0.249184,
    "C2040": 0.057854,
    "C2043": 0.059918,
    "C212": 0.139072,
    "C223": 0.064528,
    "C229": 0.043261,
    "C246": 0.055209,
    "C260": 0.133044,
    "C267": 0.128336,
    "C288": 0.067955,
    "C294": 0.095603,
    "C296": 0.045578,
    "C2969": 0.06588,
    "C2973": 0.056501,
    "C3011": 0.038645,
    "C3012": 0.123953,
    "C3053": 0.072939,
    "C306": 0.054604,
    "C310": 0.084205,
    "C3102": 0.154065,
    "C3130": 0.11979,
    "C3219": 0.063351,
    "C3230": 0.057293,
    "C3251": 0.086431,
    "C3419": 0.067605,
    "C3630": 0.143875,
    "C3633": 0.081937,
    "C3767": 0.215255,
    "C3774": 0.063794,
    "C3776": 0.097816,
    "C379": 0.11,
    "C3838": 0.052792,
    "C3854": 0.077784,
    "C3856": 0.05625,
    "C391": 0.090236,
    "C3923": 0.076274,
    "C3933": 0.037938,
    "C4071": 0.070884,
    "C409": 0.030534,
    "C4102": 0.08124,
    "C411": 0.042856,
    "C4146": 0.166503,