{
  "arch": "gru_baseline",
  "lob": "workers_compensation",
  "config_idx": 39,
  "dropout_rate": 0.16006,
  "learning_rate": 0.0007388,
  "batch_size": 1024,
  "max_epochs": 1000,
  "gru_units": 256,
  "dense_units": 128,
  "mape": 0.12278774652280398,
  "rmspe": 0.17779435295293747,
  "n_companies": 234,
  "n_filtered": 0,
  "training_time": 575.23,
  "epochs_trained": 202,
  "best_val_loss": 0.001371641643345356
}