{
  "arch": "gru_baseline",
  "lob": "workers_compensation",
  "config_idx": 19,
  "dropout_rate": 0.11428,
  "learning_rate": 0.0005975,
  "batch_size": 1024,
  "max_epochs": 1000,
  "gru_units": 256,
  "dense_units": 32,
  "mape": 0.09224074348520857,
  "rmspe": 0.2144319587731444,
  "n_companies": 234,
  "n_filtered": 0,
  "training_time": 527.45,
  "epochs_trained": 209,
  "best_val_loss": 0.0012690296862274408
}