{
  "arch": "gru_baseline",
  "lob": "workers_compensation",
  "config_idx": 60,
  "dropout_rate": 0.24275,
  "learning_rate": 0.0037932,
  "batch_size": 256,
  "max_epochs": 500,
  "gru_units": 64,
  "dense_units": 64,
  "mape": 0.12897671642522174,
  "rmspe": 0.26752493005706846,
  "n_companies": 234,
  "n_filtered": 0,
  "mape_std": 0.16632262788470237,
  "mape_p25": 0.05469122526014168,
  "mape_p75": 0.1372349166196167,
  "training_time": 77.11,
  "epochs_trained": 201,
  "best_val_loss": 0.0014665100981281804,
  "train_loss_curve": [
    0.002812,
    0.001687,
    0.001564,
    0.001485,
    0.001471,
    0.001425,
    0.001438,
    0.001335,
    0.001349,
    0.001323,
    0.001301,
    0.001573,
    0.001674,
    0.001349,
    0.001306,
    0.001292,
    0.001261,
    0.001271,
    0.00126,
    0.001243,
    0.001277,
    0.001258,
    0.001241,
    0.001242,
    0.001241,
    0.001277,
    0.001271,
    0.001242,
    0.001253,
    0.001211,
    0.001216,
    0.001214,
    0.001217,
    0.001199,
    0.001218,
    0.001209,
    0.001264,
    0.001276,
    0.00122,
    0.001182,
    0.001207,
    0.00125,
    0.001381,
    0.001228,
    0.001208,
    0.00119,
    0.001225,
    0.00121,
    0.001176,
    0.00119,
    0.001204,
    0.001217,
    0.001233,
    0.001195,
    0.001198,
    0.001182,
    0.001173,
    0.001184,
    0.001207,
    0.001189,
    0.00117,
    0.001182,
    0.001169,
    0.001148,
    0.001139,
    0.001134,
    0.001111,
    0.001132,
    0.001137,
    0.00114,
    0.001227,
    0.001143,
    0.001119,
    0.001122,
    0.001141,
    0.00113,
    0.001146,
    0.001157,
    0.001128,
    0.001133,
    0.001115,
    0.001128,
    0.001123,
    0.001125,
    0.001126,
    0.001115,
    0.001108,
    0.001126,
    0.001116,
    0.001287,
    0.001192,
    0.001216,
    0.001174,
    0.001144,
    0.001137,
    0.001136,
    0.001148,
    0.001167,
    0.001119,
    0.001118,
    0.001118,
    0.00111,
    0.001106,
    0.001127,
    0.001107,
    0.001104,
    0.001151,
    0.00112,
    0.001111,
    0.001103,
    0.001104,
    0.001102,
    0.001102,
    0.001101,
    0.001107,
    0.001093,
    0.001092,
    0.00109,
    0.001111,
    0.001086,
    0.001081,
    0.001107,
    0.001086,
    0.001092,
    0.001087,
    0.001079,
    0.001088,
    0.001074,
    0.001073,
    0.001076,
    0.001071,
    0.001084,
    0.001116,
    0.001116,
    0.0011,
    0.001087,
    0.001064,
    0.001078,
    0.001075,
    0.001077,
    0.001081,
    0.00107,
    0.001066,
    0.001066,
    0.001076,
    0.001068,
    0.001084,
    0.001084,
    0.001092,
    0.001082,
    0.001065,
    0.001115,
    0.001094,
    0.001095,
    0.001066,
    0.001048,
    0.001083,
    0.001066,
    0.001091,
    0.001091,
    0.001255,
    0.001152,
    0.001074,
    0.001073,
    0.001068,
    0.00106,
    0.001063,
    0.001057,
    0.001069,
    0.00107,
    0.001067,
    0.001054,
    0.001076,
    0.001074,
    0.001075,
    0.001044,
    0.001058,
    0.001072,
    0.001064,
    0.00107,
    0.001066,
    0.001061,
    0.00107,
    0.001055,
    0.001079,
    0.001046,
    0.001087,
    0.001074,
    0.001063,
    0.001062,
    0.001061,
    0.00104,
    0.001062,
    0.001053,
    0.001055,
    0.001079,
    0.001056,
    0.001056,
    0.00108,
    0.001044,
    0.001058
  ],
  "val_loss_curve": [
    0.002107,
    0.001651,
    0.002188,
    0.001792,
    0.002322,
    0.001536,
    0.002135,
    0.002444,
    0.002322,
    0.00229,
    0.002219,
    0.001467,
    0.002088,
    0.001975,
    0.001877,
    0.001652,
    0.001763,
    0.001771,
    0.001802,
    0.001861,
    0.001783,
    0.001914,
    0.00175,
    0.002292,
    0.001629,
    0.001986,
    0.002143,
    0.001635,
    0.002074,
    0.001926,
    0.001623,
    0.001949,
    0.001989,
    0.001669,
    0.00175,
    0.002001,
    0.00228,
    0.001749,
    0.002005,
    0.002086,
    0.001832,
    0.001551,
    0.001718,
    0.00182,
    0.001952,
    0.001723,
    0.002756,
    0.00224,
    0.001934,
    0.001541,
    0.001595,
    0.00193,
    0.001696,
    0.002033,
    0.002041,
    0.001647,
    0.001856,
    0.00195,
    0.001859,
    0.001843,
    0.002272,
    0.00164,
    0.001559,
    0.001711,
    0.001786,
    0.001952,
    0.002091,
    0.00201,
    0.002026,
    0.001908,
    0.001662,
    0.001871,
    0.001748,
    0.001873,
    0.001631,
    0.001939,
    0.001866,
    0.002205,
    0.001976,
    0.001844,
    0.002069,
    0.001824,
    0.001935,
    0.001756,
    0.002064,
    0.001885,
    0.001973,
    0.001972,
    0.002247,
    0.001771,
    0.001743,
    0.002014,
    0.001669,
    0.001856,
    0.001911,
    0.001971,
    0.001961,
    0.001867,
    0.001714,
    0.002025,
    0.001834,
    0.001896,
    0.001906,
    0.001906,
    0.002086,
    0.001896,
    0.00186,
    0.001869,
    0.001971,
    0.001943,
    0.002004,
    0.001979,
    0.002117,
    0.001845,
    0.001904,
    0.001855,
    0.001894,
    0.001937,
    0.001959,
    0.001955,
    0.00193,
    0.001939,
    0.001845,
    0.00185,
    0.001798,
    0.001994,
    0.001974,
    0.001984,
    0.001962,
    0.001959,
    0.001828,
    0.001867,
    0.001788,
    0.001883,
    0.002005,
    0.002025,
    0.00196,
    0.002021,
    0.001959,
    0.001789,
    0.001891,
    0.001873,
    0.001893,
    0.001954,
    0.001961,
    0.001912,
    0.0021,
    0.001927,
    0.001763,
    0.002013,
    0.001898,
    0.001964,
    0.001999,
    0.00187,
    0.002001,
    0.001884,
    0.001832,
    0.001909,
    0.001844,
    0.001937,
    0.001693,
    0.00199,
    0.001955,
    0.001916,
    0.001952,
    0.001961,
    0.001957,
    0.001957,
    0.001839,
    0.002007,
    0.001904,
    0.001891,
    0.001845,
    0.001899,
    0.001879,
    0.001908,
    0.001829,
    0.001962,
    0.001973,
    0.001924,
    0.001944,
    0.001923,
    0.001942,
    0.001899,
    0.001916,
    0.002001,
    0.001945,
    0.002023,
    0.001915,
    0.001945,
    0.001944,
    0.001899,
    0.001927,
    0.001892,
    0.001908,
    0.001834,
    0.001939,
    0.002048,
    0.002015,
    0.001959,
    0.001939
  ],
  "per_company_mape": {
    "C1015": 0.135031,
    "C1033": 0.130867,
    "C1068": 0.190272,
    "C1084": 0.072813,
    "C1156": 0.101867,
    "C1208": 0.054502,
    "C121": 0.073955,
    "C1218": 0.11841,
    "C1252": 0.027657,
    "C1280": 0.11206,
    "C1313": 0.029542,
    "C1401": 0.319763,
    "C1422": 0.077827,
    "C1475": 0.526376,
    "C151": 0.519457,
    "C1554": 0.082652,
    "C1590": 0.056228,
    "C1594": 0.084203,
    "C1617": 0.387508,
    "C1624": 0.033825,
    "C1635": 0.854489,
    "C1641": 0.139408,
    "C1662": 0.065819,
    "C1675": 0.096367,
    "C1691": 0.049773,
    "C1704": 0.089323,
    "C1706": 0.139367,
    "C1709": 0.141918,
    "C1712": 0.245022,
    "C1744": 0.074952,
    "C1768": 0.126233,
    "C1770": 0.054065,
    "C1783": 0.136239,
    "C1787": 0.136486,
    "C1814": 0.219006,
    "C1817": 0.209077,
    "C1841": 0.16516,
    "C1996": 0.050279,
    "C2033": 0.632999,
    "C2040": 0.060463,
    "C2043": 0.096832,
    "C212": 0.093494,
    "C223": 0.147145,
    "C229": 0.111396,
    "C246": 0.018797,
    "C260": 0.057827,
    "C267": 0.224464,
    "C288": 0.056955,
    "C294": 0.122876,
    "C296": 0.100892,
    "C2969": 0.085683,
    "C2973": 0.126642,
    "C3011": 0.024009,
    "C3012": 0.206144,
    "C3053": 0.040018,
    "C306": 0.064749,
    "C310": 0.03504,
    "C3102": 0.103901,
    "C3130": 0.367776,
    "C3219": 0.040317,
    "C3230": 0.054594,
    "C3251": 0.127542,
    "C3419": 0.088089,
    "C3630": 0.057324,
    "C3633": 0.090404,
    "C3767": 0.147074,
    "C3774": 0.037147,
    "C3776": 0.083639,
    "C379": 0.088331,
    "C3838": 0.024881,
    "C3854": 0.239644,
    "C3856": 0.095408,
    "C391": 0.0485,
    "C3923": 0.248866,
    "C3933": 0.031653,
    "C4071": 0.099382,
    "C409": 0.097772,
    "C4102": 0.007091,
    "C411": 0.10587,