{
  "arch": "gru_baseline",
  "lob": "workers_compensation",
  "config_idx": 4,
  "dropout_rate": 0.27613,
  "learning_rate": 0.0022814,
  "batch_size": 512,
  "max_epochs": 1000,
  "gru_units": 128,
  "dense_units": 32,
  "mape": 0.09730249541211636,
  "rmspe": 0.251454853944179,
  "n_companies": 234,
  "n_filtered": 0,
  "training_time": 429.85,
  "epochs_trained": 201,
  "best_val_loss": 0.0017814369639381766
}