{
  "arch": "gru_baseline",
  "lob": "workers_compensation",
  "config_idx": 73,
  "dropout_rate": 0.10445,
  "learning_rate": 0.0004953,
  "batch_size": 256,
  "max_epochs": 1000,
  "gru_units": 64,
  "dense_units": 128,
  "mape": 0.0988008343881664,
  "rmspe": 0.18862176326320634,
  "n_companies": 234,
  "n_filtered": 0,
  "mape_std": 0.11078132417938297,
  "mape_p25": 0.046900657517626454,
  "mape_p75": 0.11226379862285324,
  "training_time": 228.71,
  "epochs_trained": 202,
  "best_val_loss": 0.0011121910314873926,
  "train_loss_curve": [
    0.003817,
    0.001785,
    0.001546,
    0.001474,
    0.001402,
    0.001316,
    0.001301,
    0.001285,
    0.001263,
    0.001219,
    0.001181,
    0.001152,
    0.001152,
    0.001188,
    0.001163,
    0.001109,
    0.001093,
    0.001094,
    0.001082,
    0.001092,
    0.001107,
    0.001089,
    0.001053,
    0.00105,
    0.001061,
    0.001042,
    0.001058,
    0.001032,
    0.001033,
    0.001058,
    0.001033,
    0.001029,
    0.001018,
    0.001013,
    0.001013,
    0.001007,
    0.001024,
    0.001025,
    0.000991,
    0.001,
    0.000974,
    0.001004,
    0.001002,
    0.000981,
    0.000976,
    0.000975,
    0.000965,
    0.000982,
    0.000964,
    0.000961,
    0.000958,
    0.000969,
    0.000968,
    0.000973,
    0.000953,
    0.000947,
    0.000974,
    0.000961,
    0.000943,
    0.000955,
    0.001016,
    0.000962,
    0.000946,
    0.000938,
    0.000954,
    0.000926,
    0.000938,
    0.000939,
    0.000937,
    0.000936,
    0.00099,
    0.000963,
    0.000917,
    0.000913,
    0.000928,
    0.000927,
    0.00094,
    0.000916,
    0.000928,
    0.000922,
    0.000907,
    0.000912,
    0.000922,
    0.000936,
    0.000903,
    0.000907,
    0.000909,
    0.000897,
    0.000912,
    0.000902,
    0.000923,
    0.000914,
    0.000913,
    0.000913,
    0.000898,
    0.000905,
    0.000926,
    0.000909,
    0.000896,
    0.000891,
    0.000937,
    0.00091,
    0.000901,
    0.000894,
    0.000886,
    0.000886,
    0.000891,
    0.000881,
    0.000894,
    0.000883,
    0.000885,
    0.000888,
    0.000939,
    0.000904,
    0.000908,
    0.000905,
    0.000899,
    0.000938,
    0.000902,
    0.000882,
    0.000881,
    0.000874,
    0.000882,
    0.000901,
    0.000895,
    0.000879,
    0.000888,
    0.000873,
    0.000891,
    0.000867,
    0.000861,
    0.000866,
    0.000865,
    0.000865,
    0.000884,
    0.000884,
    0.000885,
    0.000869,
    0.000889,
    0.000907,
    0.000876,
    0.00088,
    0.000853,
    0.000848,
    0.000867,
    0.000899,
    0.000905,
    0.000881,
    0.00085,
    0.000858,
    0.000864,
    0.000878,
    0.000865,
    0.000854,
    0.00086,
    0.000862,
    0.00086,
    0.000842,
    0.000893,
    0.000859,
    0.000844,
    0.000847,
    0.000866,
    0.000858,
    0.000843,
    0.000843,
    0.000852,
    0.000851,
    0.000842,
    0.000847,
    0.000838,
    0.000845,
    0.000865,
    0.000865,
    0.000853,
    0.00083,
    0.000862,
    0.000863,
    0.000849,
    0.000852,
    0.000846,
    0.000845,
    0.000835,
    0.000837,
    0.000846,
    0.000835,
    0.000833,
    0.000829,
    0.000839,
    0.000841,
    0.000852,
    0.000843,
    0.000846,
    0.000843,
    0.000871,
    0.000848,
    0.000846,
    0.000841,
    0.000836,
    0.000837,
    0.000829,
    0.000845
  ],
  "val_loss_curve": [
    0.002823,
    0.001703,
    0.001495,
    0.00151,
    0.001378,
    0.001398,
    0.001277,
    0.001264,
    0.001241,
    0.001209,
    0.001408,
    0.001416,
    0.001355,
    0.001224,
    0.001366,
    0.001274,
    0.001317,
    0.00132,
    0.001283,
    0.001291,
    0.001216,
    0.001243,
    0.00124,
    0.001248,
    0.00122,
    0.001375,
    0.001182,
    0.001338,
    0.001164,
    0.001359,
    0.001301,
    0.001456,
    0.001203,
    0.001297,
    0.001243,
    0.001272,
    0.001142,
    0.001262,
    0.001221,
    0.001331,
    0.001303,
    0.001398,
    0.001338,
    0.001342,
    0.001246,
    0.001313,
    0.001232,
    0.001221,
    0.001213,
    0.001198,
    0.001176,
    0.001266,
    0.001123,
    0.001304,
    0.001355,
    0.001259,
    0.001131,
    0.001347,
    0.00125,
    0.001199,
    0.001397,
    0.001273,
    0.00127,
    0.001354,
    0.001288,
    0.001385,
    0.001231,
    0.001293,
    0.001235,
    0.001373,
    0.001189,
    0.001298,
    0.001283,
    0.001282,
    0.001292,
    0.001345,
    0.00124,
    0.001245,
    0.001281,
    0.001279,
    0.001245,
    0.001237,
    0.001322,
    0.001379,
    0.001206,
    0.001288,
    0.001291,
    0.001257,
    0.001214,
    0.001316,
    0.001172,
    0.001295,
    0.001373,
    0.001233,
    0.001299,
    0.00129,
    0.001112,
    0.001223,
    0.001176,
    0.001322,
    0.001211,
    0.001261,
    0.001139,
    0.001223,
    0.001247,
    0.001257,
    0.00123,
    0.001188,
    0.001266,
    0.001242,
    0.001342,
    0.001225,
    0.001222,
    0.001326,
    0.00121,
    0.001189,
    0.001285,
    0.001291,
    0.001121,
    0.001215,
    0.00128,
    0.001239,
    0.001269,
    0.001256,
    0.001423,
    0.001257,
    0.00119,
    0.001384,
    0.001282,
    0.001272,
    0.001251,
    0.001422,
    0.001386,
    0.001325,
    0.001323,
    0.001272,
    0.001167,
    0.001304,
    0.001209,
    0.001294,
    0.001215,
    0.001221,
    0.001236,
    0.001393,
    0.001349,
    0.00143,
    0.001378,
    0.001209,
    0.001261,
    0.001248,
    0.001248,
    0.001281,
    0.001273,
    0.001287,
    0.001256,
    0.001217,
    0.001303,
    0.001286,
    0.001331,
    0.001322,
    0.001244,
    0.001275,
    0.001216,
    0.001256,
    0.001249,
    0.001271,
    0.001255,
    0.00127,
    0.001253,
    0.001217,
    0.001198,
    0.001254,
    0.001176,
    0.001242,
    0.001246,
    0.001253,
    0.001241,
    0.001229,
    0.001257,
    0.001322,
    0.001287,
    0.001279,
    0.001306,
    0.001217,
    0.001265,
    0.001248,
    0.001278,
    0.00127,
    0.001301,
    0.00131,
    0.001301,
    0.001194,
    0.001225,
    0.00121,
    0.001222,
    0.001225,
    0.001251,
    0.001266,
    0.001283,
    0.00131,
    0.001297,
    0.001286
  ],
  "per_company_mape": {
    "C1015": 0.048329,
    "C1033": 0.078438,
    "C1068": 0.057813,
    "C1084": 0.059145,
    "C1156": 0.029531,
    "C1208": 0.031133,
    "C121": 0.10231,
    "C1218": 0.127933,
    "C1252": 0.033194,
    "C1280": 0.265317,
    "C1313": 0.083245,
    "C1401": 0.410055,
    "C1422": 0.058898,
    "C1475": 0.509413,
    "C151": 0.154249,
    "C1554": 0.078164,
    "C1590": 0.073605,
    "C1594": 0.050103,
    "C1617": 0.108573,
    "C1624": 0.038648,
    "C1635": 0.25167,
    "C1641": 0.028017,
    "C1662": 0.062484,
    "C1675": 0.034704,
    "C1691": 0.056866,
    "C1704": 0.066054,
    "C1706": 0.199045,
    "C1709": 0.048412,
    "C1712": 0.115644,
    "C1744": 0.051162,
    "C1768": 0.122935,
    "C1770": 0.052042,
    "C1783": 0.101796,
    "C1787": 0.038396,
    "C1814": 0.078579,
    "C1817": 0.107325,
    "C1841": 0.123716,
    "C1996": 0.059644,
    "C2033": 0.509786,
    "C2040": 0.097189,
    "C2043": 0.076272,
    "C212": 0.265505,
    "C223": 0.043802,
    "C229": 0.071342,
    "C246": 0.058198,
    "C260": 0.06398,
    "C267": 0.118952,
    "C288": 0.059755,
    "C294": 0.079363,
    "C296": 0.042905,
    "C2969": 0.02978,
    "C2973": 0.050125,
    "C3011": 0.056103,
    "C3012": 0.15404,
    "C3053": 0.08187,
    "C306": 0.047874,
    "C310": 0.050617,
    "C3102": 0.130175,
    "C3130": 0.142978,
    "C3219": 0.028513,
    "C3230": 0.075913,
    "C3251": 0.060478,
    "C3419": 0.045263,
    "C3630": 0.141984,
    "C3633": 0.045877,
    "C3767": 0.247203,
    "C3774": 0.041655,
    "C3776": 0.083442,
    "C379": 0.123706,
    "C3838": 0.052309,
    "C3854": 0.066593,
    "C3856": 0.071797,
    "C391": 0.08529,
    "C3923": 0.132736,
    "C3933": 0.044491,
    "C4071": 0.075135,
    "C409": 0.031468,
    "C4102": 0.075013,