{
  "arch": "gru_baseline",
  "lob": "workers_compensation",
  "config_idx": 93,
  "dropout_rate": 0.01124,
  "learning_rate": 0.00076,
  "batch_size": 256,
  "max_epochs": 1000,
  "gru_units": 128,
  "dense_units": 64,
  "mape": 0.09153393305092118,
  "rmspe": 0.16950926345598744,
  "n_companies": 234,
  "n_filtered": 0,
  "mape_std": 0.10658290212431679,
  "mape_p25": 0.04520735265874768,
  "mape_p75": 0.10163354518511092,
  "training_time": 85.89,
  "epochs_trained": 201,
  "best_val_loss": 0.000959024420548563,
  "train_loss_curve": [
    0.002654,
    0.001204,
    0.001118,
    0.001088,
    0.001055,
    0.001021,
    0.001017,
    0.001,
    0.000974,
    0.000957,
    0.000963,
    0.000951,
    0.000918,
    0.000909,
    0.000915,
    0.000895,
    0.000898,
    0.000896,
    0.000868,
    0.000901,
    0.000889,
    0.000842,
    0.000887,
    0.000941,
    0.000857,
    0.000865,
    0.000868,
    0.000815,
    0.000818,
    0.000887,
    0.00083,
    0.000819,
    0.000803,
    0.0008,
    0.000801,
    0.000836,
    0.000787,
    0.000774,
    0.000782,
    0.000764,
    0.000772,
    0.000759,
    0.000751,
    0.00075,
    0.000748,
    0.000758,
    0.000747,
    0.000739,
    0.000763,
    0.000779,
    0.000747,
    0.000755,
    0.000745,
    0.000736,
    0.000727,
    0.000741,
    0.000754,
    0.000717,
    0.000722,
    0.000734,
    0.000754,
    0.00072,
    0.000707,
    0.000713,
    0.000716,
    0.000703,
    0.000702,
    0.000712,
    0.0007,
    0.000698,
    0.000708,
    0.000724,
    0.000724,
    0.000694,
    0.000693,
    0.000697,
    0.000699,
    0.000704,
    0.000695,
    0.000701,
    0.00073,
    0.000699,
    0.000676,
    0.000708,
    0.000682,
    0.00069,
    0.000682,
    0.000678,
    0.000699,
    0.000705,
    0.000704,
    0.000692,
    0.000669,
    0.000672,
    0.000662,
    0.000655,
    0.000651,
    0.000653,
    0.000657,
    0.000653,
    0.000653,
    0.000655,
    0.000645,
    0.000663,
    0.000649,
    0.000654,
    0.000643,
    0.000647,
    0.000647,
    0.00065,
    0.000648,
    0.00064,
    0.000637,
    0.000644,
    0.000642,
    0.000643,
    0.000658,
    0.00066,
    0.00064,
    0.000641,
    0.000635,
    0.000645,
    0.000654,
    0.000666,
    0.00064,
    0.000638,
    0.000629,
    0.000633,
    0.000631,
    0.000655,
    0.000679,
    0.000668,
    0.000655,
    0.000628,
    0.000635,
    0.000642,
    0.000636,
    0.000652,
    0.000641,
    0.000629,
    0.000644,
    0.000636,
    0.000622,
    0.000627,
    0.000617,
    0.000622,
    0.000624,
    0.000621,
    0.000613,
    0.000618,
    0.000615,
    0.00063,
    0.000622,
    0.000624,
    0.000618,
    0.000619,
    0.000615,
    0.00062,
    0.000613,
    0.000619,
    0.000612,
    0.000611,
    0.000609,
    0.000622,
    0.000627,
    0.000627,
    0.000637,
    0.000625,
    0.000617,
    0.000612,
    0.000614,
    0.000612,
    0.000612,
    0.000613,
    0.00061,
    0.000613,
    0.000622,
    0.000625,
    0.000616,
    0.000612,
    0.000608,
    0.000606,
    0.000616,
    0.000612,
    0.000614,
    0.000622,
    0.000622,
    0.000611,
    0.000617,
    0.000612,
    0.000609,
    0.000607,
    0.000606,
    0.000609,
    0.000615,
    0.000607,
    0.000609,
    0.000601,
    0.000603,
    0.000637,
    0.000606
  ],
  "val_loss_curve": [
    0.001285,
    0.001147,
    0.001076,
    0.001012,
    0.001081,
    0.000964,
    0.000982,
    0.001,
    0.000983,
    0.000967,
    0.001103,
    0.000998,
    0.000989,
    0.000987,
    0.001019,
    0.000976,
    0.001021,
    0.001015,
    0.001167,
    0.001139,
    0.000977,
    0.000974,
    0.000972,
    0.00102,
    0.001089,
    0.000988,
    0.001015,
    0.000961,
    0.000996,
    0.001031,
    0.001022,
    0.001051,
    0.000965,
    0.00096,
    0.00106,
    0.001047,
    0.000976,
    0.000989,
    0.00099,
    0.000959,
    0.000968,
    0.00099,
    0.001042,
    0.001005,
    0.000974,
    0.000994,
    0.001,
    0.000978,
    0.001115,
    0.000993,
    0.000974,
    0.000996,
    0.000979,
    0.000989,
    0.001073,
    0.00098,
    0.00103,
    0.001014,
    0.001005,
    0.001028,
    0.001039,
    0.001002,
    0.001017,
    0.001028,
    0.000994,
    0.001024,
    0.001018,
    0.000984,
    0.001018,
    0.00099,
    0.001038,
    0.001075,
    0.000995,
    0.000996,
    0.001027,
    0.001016,
    0.001008,
    0.00104,
    0.000982,
    0.001118,
    0.001008,
    0.001017,
    0.001029,
    0.00102,
    0.001019,
    0.001008,
    0.001013,
    0.001032,
    0.00105,
    0.001031,
    0.001006,
    0.001022,
    0.001029,
    0.001024,
    0.001034,
    0.001012,
    0.001009,
    0.001022,
    0.001009,
    0.001016,
    0.001032,
    0.00101,
    0.00101,
    0.001012,
    0.001019,
    0.001005,
    0.001019,
    0.001037,
    0.001052,
    0.001019,
    0.001023,
    0.001022,
    0.001032,
    0.001033,
    0.001042,
    0.001024,
    0.001075,
    0.001034,
    0.00104,
    0.00103,
    0.001024,
    0.001048,
    0.001052,
    0.001034,
    0.001059,
    0.001043,
    0.001042,
    0.001039,
    0.001033,
    0.001065,
    0.00105,
    0.001034,
    0.001041,
    0.001027,
    0.001047,
    0.001055,
    0.001032,
    0.001058,
    0.001043,
    0.001037,
    0.001034,
    0.001041,
    0.001039,
    0.001029,
    0.001045,
    0.001036,
    0.001029,
    0.001031,
    0.001032,
    0.001027,
    0.001032,
    0.001024,
    0.001033,
    0.001036,
    0.001026,
    0.00103,
    0.001031,
    0.001035,
    0.001027,
    0.001021,
    0.001034,
    0.001032,
    0.00104,
    0.001042,
    0.001036,
    0.001031,
    0.001031,
    0.001034,
    0.001033,
    0.001025,
    0.001031,
    0.001021,
    0.001038,
    0.001042,
    0.001039,
    0.001045,
    0.001048,
    0.001032,
    0.001037,
    0.001039,
    0.001042,
    0.001046,
    0.001042,
    0.00104,
    0.001038,
    0.001047,
    0.001039,
    0.001034,
    0.001037,
    0.00104,
    0.001034,
    0.001041,
    0.001034,
    0.001036,
    0.00104,
    0.001036,
    0.001039,
    0.001038,
    0.001043,
    0.001042,
    0.001042
  ],
  "per_company_mape": {
    "C1015": 0.057742,
    "C1033": 0.057303,
    "C1068": 0.043793,
    "C1084": 0.077893,
    "C1156": 0.046006,
    "C1208": 0.019607,
    "C121": 0.046022,
    "C1218": 0.208356,
    "C1252": 0.045191,
    "C1280": 0.127307,
    "C1313": 0.048138,
    "C1401": 0.391434,
    "C1422": 0.045791,
    "C1475": 0.224388,
    "C151": 0.26416,
    "C1554": 0.160397,
    "C1590": 0.071586,
    "C1594": 0.057489,
    "C1617": 0.142088,
    "C1624": 0.054593,
    "C1635": 0.270701,
    "C1641": 0.033647,
    "C1662": 0.043768,
    "C1675": 0.033111,
    "C1691": 0.02775,
    "C1704": 0.053139,
    "C1706": 0.123025,
    "C1709": 0.055411,
    "C1712": 0.215381,
    "C1744": 0.025558,
    "C1768": 0.18318,
    "C1770": 0.048103,
    "C1783": 0.128674,
    "C1787": 0.058266,
    "C1814": 0.108938,
    "C1817": 0.123229,
    "C1841": 0.10697,
    "C1996": 0.037951,
    "C2033": 0.388551,
    "C2040": 0.079019,
    "C2043": 0.053611,
    "C212": 0.191937,
    "C223": 0.06609,
    "C229": 0.029341,
    "C246": 0.030374,
    "C260": 0.054677,
    "C267": 0.091337,
    "C288": 0.033623,
    "C294": 0.079141,
    "C296": 0.066029,
    "C2969": 0.066609,
    "C2973": 0.04332,
    "C3011": 0.058796,
    "C3012": 0.12576,
    "C3053": 0.063543,
    "C306": 0.054178,
    "C310": 0.045418,
    "C3102": 0.133102,
    "C3130": 0.099423,
    "C3219": 0.023458,
    "C3230": 0.028542,
    "C3251": 0.105481,
    "C3419": 0.045255,
    "C3630": 0.100087,
    "C3633": 0.068726,
    "C3767": 0.106681,
    "C3774": 0.040942,
    "C3776": 0.082671,
    "C379": 0.107623,
    "C3838": 0.04941,
    "C3854": 0.100704,
    "C3856": 0.066461,
    "C391": 0.040802,
    "C3923": 0.096315,
    "C3933": 0.041983,
    "C4071": 0.092374,
    "C409": 0.024886,
    "C4102": 0.097153,
    "C411": 0.037901,
    "C4146": 0.146788,