{
  "arch": "gru_baseline",
  "lob": "workers_compensation",
  "config_idx": 81,
  "dropout_rate": 0.06935,
  "learning_rate": 0.0002332,
  "batch_size": 1024,
  "max_epochs": 500,
  "gru_units": 64,
  "dense_units": 128,
  "mape": 0.09632718404333455,
  "rmspe": 0.18508339624223136,
  "n_companies": 234,
  "n_filtered": 0,
  "mape_std": 0.10411097875199578,
  "mape_p25": 0.04478578633752597,
  "mape_p75": 0.10514954656400073,
  "training_time": 66.66,
  "epochs_trained": 211,
  "best_val_loss": 0.0010317937267245725,
  "train_loss_curve": [
    0.006697,
    0.004774,
    0.003747,
    0.002934,
    0.002392,
    0.00216,
    0.001958,
    0.001857,
    0.001717,
    0.001662,
    0.001596,
    0.001536,
    0.001533,
    0.00149,
    0.001473,
    0.001427,
    0.001411,
    0.001409,
    0.001396,
    0.001367,
    0.001352,
    0.001376,
    0.001349,
    0.00132,
    0.001295,
    0.00135,
    0.001304,
    0.001274,
    0.001298,
    0.001288,
    0.001268,
    0.001265,
    0.001255,
    0.001251,
    0.001243,
    0.001228,
    0.001218,
    0.001214,
    0.001193,
    0.001195,
    0.001194,
    0.001194,
    0.001187,
    0.001207,
    0.00118,
    0.001184,
    0.001179,
    0.001165,
    0.001165,
    0.001139,
    0.001146,
    0.001175,
    0.001131,
    0.001137,
    0.001117,
    0.001124,
    0.001115,
    0.001123,
    0.001143,
    0.001116,
    0.001102,
    0.001098,
    0.001112,
    0.001078,
    0.001103,
    0.001088,
    0.001086,
    0.001106,
    0.0011,
    0.00107,
    0.001074,
    0.001086,
    0.001064,
    0.001097,
    0.001079,
    0.001065,
    0.001057,
    0.00106,
    0.001044,
    0.001054,
    0.001054,
    0.00105,
    0.001041,
    0.001051,
    0.00104,
    0.001066,
    0.001035,
    0.00104,
    0.001039,
    0.001029,
    0.001033,
    0.001024,
    0.001023,
    0.001018,
    0.001029,
    0.001049,
    0.001014,
    0.001003,
    0.001004,
    0.001003,
    0.000996,
    0.001005,
    0.001012,
    0.001004,
    0.00101,
    0.001017,
    0.001007,
    0.000983,
    0.000995,
    0.000994,
    0.001006,
    0.000985,
    0.000978,
    0.000993,
    0.001003,
    0.00101,
    0.000981,
    0.000978,
    0.000987,
    0.000996,
    0.00099,
    0.000983,
    0.000974,
    0.000984,
    0.000972,
    0.000972,
    0.000977,
    0.000969,
    0.000978,
    0.000959,
    0.000963,
    0.000954,
    0.000979,
    0.000958,
    0.000972,
    0.00097,
    0.000942,
    0.000971,
    0.000953,
    0.00095,
    0.000956,
    0.000948,
    0.000937,
    0.000957,
    0.000949,
    0.000939,
    0.000949,
    0.000952,
    0.000931,
    0.000932,
    0.000941,
    0.000929,
    0.000928,
    0.000957,
    0.000948,
    0.000927,
    0.000937,
    0.000933,
    0.000928,
    0.000923,
    0.000937,
    0.000918,
    0.000937,
    0.000941,
    0.000944,
    0.00092,
    0.000948,
    0.000914,
    0.000925,
    0.000923,
    0.000926,
    0.000918,
    0.000919,
    0.000905,
    0.000925,
    0.000917,
    0.000914,
    0.00092,
    0.000921,
    0.000915,
    0.000922,
    0.000908,
    0.000914,
    0.0009,
    0.000897,
    0.000928,
    0.000912,
    0.000913,
    0.000913,
    0.00092,
    0.000915,
    0.000889,
    0.000912,
    0.000944,
    0.00091,
    0.000916,
    0.000917,
    0.000904,
    0.000904,
    0.000912,
    0.000902,
    0.000918,
    0.000921,
    0.000907,
    0.000905,
    0.0009,
    0.000914,
    0.000909,
    0.000918,
    0.000892,
    0.000904
  ],
  "val_loss_curve": [
    0.011101,
    0.009936,
    0.007173,
    0.004975,
    0.003735,
    0.003175,
    0.002695,
    0.002304,
    0.002031,
    0.001809,
    0.001686,
    0.00159,
    0.00151,
    0.001464,
    0.001407,
    0.001364,
    0.001339,
    0.001282,
    0.001276,
    0.001263,
    0.001245,
    0.001236,
    0.001227,
    0.001227,
    0.001209,
    0.001203,
    0.001184,
    0.00118,
    0.001173,
    0.001179,
    0.001171,
    0.001168,
    0.001167,
    0.001158,
    0.001162,
    0.001175,
    0.001162,
    0.001139,
    0.001134,
    0.001141,
    0.001141,
    0.001128,
    0.001123,
    0.001133,
    0.001125,
    0.001129,
    0.001135,
    0.001112,
    0.00113,
    0.001133,
    0.001105,
    0.001123,
    0.001102,
    0.00116,
    0.001106,
    0.001127,
    0.001091,
    0.001113,
    0.001103,
    0.001087,
    0.001132,
    0.001106,
    0.00108,
    0.001088,
    0.001095,
    0.001099,
    0.001084,
    0.001079,
    0.001096,
    0.001124,
    0.001073,
    0.001123,
    0.001117,
    0.001075,
    0.001068,
    0.001094,
    0.001074,
    0.001099,
    0.001099,
    0.001081,
    0.001088,
    0.001096,
    0.001075,
    0.001085,
    0.001087,
    0.001061,
    0.001095,
    0.0011,
    0.001112,
    0.001082,
    0.001056,
    0.001135,
    0.001047,
    0.001091,
    0.001083,
    0.001056,
    0.001118,
    0.001055,
    0.001077,
    0.001079,
    0.001077,
    0.001073,
    0.001057,
    0.001106,
    0.001077,
    0.00106,
    0.001111,
    0.001048,
    0.001063,
    0.001056,
    0.00108,
    0.001072,
    0.001096,
    0.00104,
    0.001086,
    0.001085,
    0.001065,
    0.001071,
    0.00108,
    0.001032,
    0.001101,
    0.001083,
    0.001057,
    0.001104,
    0.001078,
    0.001092,
    0.001064,
    0.001072,
    0.001081,
    0.001128,
    0.001064,
    0.001099,
    0.001061,
    0.001089,
    0.001068,
    0.00106,
    0.00105,
    0.001039,
    0.001063,
    0.001066,
    0.001071,
    0.001054,
    0.001066,
    0.001086,
    0.001073,
    0.001084,
    0.001085,
    0.001052,
    0.001077,
    0.001064,
    0.001069,
    0.001083,
    0.001074,
    0.001039,
    0.0011,
    0.00108,
    0.001125,
    0.00109,
    0.001072,
    0.00108,
    0.001061,
    0.001059,
    0.001058,
    0.001066,
    0.001079,
    0.001061,
    0.00104,
    0.001092,
    0.001046,
    0.00108,
    0.00108,
    0.001094,
    0.001068,
    0.001058,
    0.001083,
    0.00108,
    0.001074,
    0.001059,
    0.001072,
    0.001056,
    0.001068,
    0.001062,
    0.001064,
    0.00106,
    0.001065,
    0.001091,
    0.001094,
    0.001082,
    0.00108,
    0.001077,
    0.001072,
    0.00108,
    0.001084,
    0.001065,
    0.001074,
    0.001076,
    0.001093,
    0.001075,
    0.001065,
    0.00109,
    0.001081,
    0.001062,
    0.001051,
    0.001047,
    0.001066,
    0.001079,
    0.001072,
    0.001069,
    0.001087,
    0.001089,
    0.001084
  ],
  "per_company_mape": {
    "C1015": 0.044445,
    "C1033": 0.124256,
    "C1068": 0.044085,
    "C1084": 0.034174,
    "C1156": 0.111952,
    "C1208": 0.030157,
    "C121": 0.094075,
    "C1218": 0.142757,
    "C1252": 0.033465,
    "C1280": 0.114323,
    "C1313": 0.066276,
    "C1401": 0.393549,
    "C1422": 0.055163,
    "C1475": 0.540414,
    "C151": 0.127178,
    "C1554": 0.090916,
    "C1590": 0.078272,
    "C1594": 0.022662,
    "C1617": 0.155931,
    "C1624": 0.028349,
    "C1635": 0.354686,
    "C1641": 0.036966,
    "C1662": 0.065911,
    "C1675": 0.025822,
    "C1691": 0.030593,
    "C1704": 0.060636,
    "C1706": 0.169375,
    "C1709": 0.105595,
    "C1712": 0.131829,
    "C1744": 0.052434,
    "C1768": 0.133255,
    "C1770": 0.036718,
    "C1783": 0.123277,
    "C1787": 0.071145,
    "C1814": 0.076628,
    "C1817": 0.26404,
    "C1841": 0.170299,
    "C1996": 0.041641,
    "C2033": 0.254804,
    "C2040": 0.089146,
    "C2043": 0.09836,
    "C212": 0.148074,
    "C223": 0.0658,
    "C229": 0.02658,
    "C246": 0.025576,
    "C260": 0.047044,
    "C267": 0.199041,
    "C288": 0.056206,
    "C294": 0.195422,
    "C296": 0.038434,
    "C2969": 0.071796,
    "C2973": 0.050395,
    "C3011": 0.029753,
    "C3012": 0.093476,
    "C3053": 0.063216,
    "C306": 0.045153,
    "C310": 0.027462,
    "C3102": 0.118268,
    "C3130": 0.132455,
    "C3219": 0.02471,
    "C3230": 0.056154,
    "C3251": 0.052597,
    "C3419": 0.076059,
    "C3630": 0.140015,
    "C3633": 0.094268,
    "C3767": 0.153247,
    "C3774": 0.055426,