{
  "arch": "gru_baseline",
  "lob": "workers_compensation",
  "config_idx": 97,
  "dropout_rate": 0.05837,
  "learning_rate": 0.0001221,
  "batch_size": 512,
  "max_epochs": 500,
  "gru_units": 128,
  "dense_units": 128,
  "mape": 0.10057926298022664,
  "rmspe": 0.22279192294621514,
  "n_companies": 234,
  "n_filtered": 0,
  "mape_std": 0.14318190105945364,
  "mape_p25": 0.045081935600900305,
  "mape_p75": 0.10553171072570827,
  "training_time": 60.79,
  "epochs_trained": 206,
  "best_val_loss": 0.00105118183585416,
  "train_loss_curve": [
    0.006966,
    0.004257,
    0.002904,
    0.00237,
    0.002015,
    0.001775,
    0.001653,
    0.001557,
    0.00146,
    0.001414,
    0.00137,
    0.001359,
    0.001326,
    0.001298,
    0.001283,
    0.001273,
    0.001264,
    0.001259,
    0.001249,
    0.001224,
    0.001229,
    0.001213,
    0.001187,
    0.0012,
    0.001186,
    0.001179,
    0.001162,
    0.001165,
    0.001158,
    0.00116,
    0.001141,
    0.001136,
    0.001133,
    0.001122,
    0.001126,
    0.001114,
    0.001115,
    0.001104,
    0.001113,
    0.001087,
    0.001097,
    0.001094,
    0.001076,
    0.001086,
    0.00108,
    0.001069,
    0.001075,
    0.001062,
    0.00106,
    0.001063,
    0.001048,
    0.001047,
    0.001037,
    0.001044,
    0.001044,
    0.001041,
    0.001038,
    0.00104,
    0.001037,
    0.001033,
    0.001024,
    0.001017,
    0.001021,
    0.001019,
    0.001003,
    0.00102,
    0.001012,
    0.001018,
    0.001005,
    0.001009,
    0.000999,
    0.001008,
    0.001005,
    0.000997,
    0.001,
    0.000986,
    0.000992,
    0.000998,
    0.000989,
    0.000988,
    0.000981,
    0.000983,
    0.00098,
    0.000973,
    0.00097,
    0.000984,
    0.000971,
    0.00098,
    0.000969,
    0.000977,
    0.000971,
    0.000972,
    0.000963,
    0.000959,
    0.000954,
    0.00096,
    0.000949,
    0.000944,
    0.000957,
    0.000957,
    0.000945,
    0.000953,
    0.000956,
    0.00095,
    0.00095,
    0.00094,
    0.000939,
    0.000951,
    0.000933,
    0.00093,
    0.00093,
    0.000956,
    0.000932,
    0.000929,
    0.000933,
    0.000936,
    0.000921,
    0.00093,
    0.000917,
    0.000929,
    0.000926,
    0.000919,
    0.000919,
    0.000922,
    0.000918,
    0.000912,
    0.000914,
    0.000925,
    0.000921,
    0.000929,
    0.00092,
    0.00091,
    0.000912,
    0.000909,
    0.000905,
    0.000907,
    0.000902,
    0.00092,
    0.000904,
    0.000916,
    0.000906,
    0.000897,
    0.000913,
    0.000892,
    0.000895,
    0.00089,
    0.000891,
    0.000893,
    0.000887,
    0.000892,
    0.000904,
    0.000899,
    0.000892,
    0.000899,
    0.000899,
    0.000898,
    0.00089,
    0.00088,
    0.000884,
    0.000883,
    0.000878,
    0.00089,
    0.000879,
    0.000875,
    0.000876,
    0.000892,
    0.000891,
    0.000888,
    0.000876,
    0.000879,
    0.000881,
    0.000883,
    0.000875,
    0.000884,
    0.000869,
    0.000875,
    0.000874,
    0.000866,
    0.000872,
    0.000872,
    0.000873,
    0.000865,
    0.000878,
    0.000872,
    0.000876,
    0.00087,
    0.000873,
    0.000873,
    0.000866,
    0.000856,
    0.000864,
    0.000872,
    0.000864,
    0.000858,
    0.000863,
    0.000865,
    0.000863,
    0.000857,
    0.000863,
    0.000863,
    0.000856,
    0.000856,
    0.000854,
    0.000869,
    0.000857,
    0.000856
  ],
  "val_loss_curve": [
    0.011442,
    0.007352,
    0.004415,
    0.003245,
    0.002412,
    0.001974,
    0.001735,
    0.001586,
    0.001439,
    0.001366,
    0.001316,
    0.001268,
    0.001241,
    0.001221,
    0.001206,
    0.001213,
    0.001206,
    0.001183,
    0.001195,
    0.001188,
    0.001185,
    0.00117,
    0.001165,
    0.001151,
    0.001154,
    0.00114,
    0.001134,
    0.001137,
    0.001131,
    0.001144,
    0.001128,
    0.001157,
    0.001123,
    0.001115,
    0.001124,
    0.001118,
    0.001139,
    0.001126,
    0.001114,
    0.001151,
    0.00114,
    0.001135,
    0.001123,
    0.001107,
    0.001121,
    0.001093,
    0.001108,
    0.00112,
    0.001091,
    0.001084,
    0.001123,
    0.001096,
    0.001112,
    0.001113,
    0.001112,
    0.001095,
    0.001082,
    0.001095,
    0.001115,
    0.001108,
    0.001078,
    0.0011,
    0.001093,
    0.001076,
    0.001089,
    0.001093,
    0.00109,
    0.001087,
    0.001107,
    0.001104,
    0.001118,
    0.00107,
    0.001096,
    0.001095,
    0.001111,
    0.001099,
    0.00113,
    0.001097,
    0.001115,
    0.001097,
    0.001084,
    0.001115,
    0.001085,
    0.001088,
    0.001096,
    0.001074,
    0.001121,
    0.001109,
    0.001091,
    0.001104,
    0.001121,
    0.001096,
    0.001118,
    0.001117,
    0.001118,
    0.00112,
    0.001092,
    0.001092,
    0.001134,
    0.001081,
    0.001156,
    0.001096,
    0.001098,
    0.001076,
    0.001122,
    0.001088,
    0.001069,
    0.001096,
    0.001099,
    0.001077,
    0.001101,
    0.001094,
    0.001127,
    0.001085,
    0.001127,
    0.001087,
    0.001084,
    0.001078,
    0.001095,
    0.001091,
    0.001114,
    0.001107,
    0.001106,
    0.001108,
    0.001101,
    0.0011,
    0.001102,
    0.001106,
    0.001099,
    0.001113,
    0.001112,
    0.001108,
    0.001102,
    0.001086,
    0.001102,
    0.001108,
    0.00108,
    0.001094,
    0.001081,
    0.001098,
    0.001105,
    0.001092,
    0.001113,
    0.001088,
    0.001104,
    0.001087,
    0.001106,
    0.001054,
    0.001097,
    0.001117,
    0.0011,
    0.001106,
    0.001098,
    0.001099,
    0.001095,
    0.001098,
    0.001103,
    0.001081,
    0.00112,
    0.001104,
    0.001103,
    0.001094,
    0.001072,
    0.001095,
    0.001114,
    0.001096,
    0.001093,
    0.001078,
    0.00112,
    0.001099,
    0.001081,
    0.001107,
    0.001097,
    0.001079,
    0.001081,
    0.001092,
    0.001083,
    0.001079,
    0.001093,
    0.001082,
    0.001087,
    0.001075,
    0.001051,
    0.001088,
    0.001071,
    0.001075,
    0.001114,
    0.001109,
    0.001103,
    0.001102,
    0.001096,
    0.001098,
    0.001085,
    0.001102,
    0.00109,
    0.001076,
    0.001079,
    0.001095,
    0.001075,
    0.001066,
    0.001109,
    0.001091,
    0.0011,
    0.001089,
    0.001098,
    0.001096
  ],
  "per_company_mape": {
    "C1015": 0.079301,
    "C1033": 0.060727,
    "C1068": 0.043494,
    "C1084": 0.087145,
    "C1156": 0.055514,
    "C1208": 0.021078,
    "C121": 0.130799,
    "C1218": 0.133445,
    "C1252": 0.02903,
    "C1280": 0.099594,
    "C1313": 0.092125,
    "C1401": 0.368402,
    "C1422": 0.061685,
    "C1475": 0.804501,
    "C151": 0.208201,
    "C1554": 0.076683,
    "C1590": 0.072021,
    "C1594": 0.030474,
    "C1617": 0.095086,
    "C1624": 0.038286,
    "C1635": 0.260435,
    "C1641": 0.025144,
    "C1662": 0.06222,
    "C1675": 0.060673,
    "C1691": 0.026416,
    "C1704": 0.051423,
    "C1706": 0.206481,
    "C1709": 0.054898,
    "C1712": 0.095042,
    "C1744": 0.039959,
    "C1768": 0.163682,
    "C1770": 0.049909,
    "C1783": 0.124185,
    "C1787": 0.105671,
    "C1814": 0.136752,
    "C1817": 0.085565,
    "C1841": 0.116578,
    "C1996": 0.058595,
    "C2033": 0.311715,
    "C2040": 0.118036,
    "C2043": 0.07762,
    "C212": 0.266519,
    "C223": 0.078046,
    "C229": 0.051173,
    "C246": 0.049058,
    "C260": 0.044365,
    "C267": 0.160951,
    "C288": 0.040429,
    "C294": 0.0802,
    "C296": 0.022206,
    "C2969": 0.027097,
    "C2973": 0.021071,
    "C3011": 0.026466,
    "C3012": 0.137054,
    "C3053": 0.048275,
    "C306": 0.054916,
    "C310": 0.027944,
    "C3102": 0.110726,
    "C3130": 0.114271,
    "C3219": 0.038428,
    "C3230": 0.052019,
    "C3251": 0.062975,
    "C3419": 0.057804,
    "C3630": 0.138037,
    "C3633": 0.058078,
    "C3767": 0.088221,
    "C3774": 0.031425,
    "C3776": 0.069443,
    "C379": 0.103362,
    "C3838": 0.030515,
    "C3854": 0.073589,
    "C3856": 0.041928,
    "C391": 0.066863,
    "C3923": 0.056365,