{
  "arch": "gru_baseline",
  "lob": "workers_compensation",
  "config_idx": 16,
  "dropout_rate": 0.01178,
  "learning_rate": 0.0003581,
  "batch_size": 512,
  "max_epochs": 1000,
  "gru_units": 64,
  "dense_units": 64,
  "mape": 0.09433046394328397,
  "rmspe": 0.15383472805838308,
  "n_companies": 234,
  "n_filtered": 0,
  "training_time": 207.9,
  "epochs_trained": 205,
  "best_val_loss": 0.0010048112599179149
}