{
  "arch": "gru_baseline",
  "lob": "workers_compensation",
  "config_idx": 17,
  "dropout_rate": 0.01155,
  "learning_rate": 0.000257,
  "batch_size": 1024,
  "max_epochs": 500,
  "gru_units": 128,
  "dense_units": 32,
  "mape": 0.0898042720563063,
  "rmspe": 0.1659665610580036,
  "n_companies": 234,
  "n_filtered": 0,
  "training_time": 275.61,
  "epochs_trained": 210,
  "best_val_loss": 0.001025806413963437
}