{
  "arch": "gru_baseline",
  "lob": "workers_compensation",
  "config_idx": 96,
  "dropout_rate": 0.01402,
  "learning_rate": 0.0004967,
  "batch_size": 512,
  "max_epochs": 500,
  "gru_units": 128,
  "dense_units": 64,
  "mape": 0.10518432516357143,
  "rmspe": 0.2036514991300197,
  "n_companies": 234,
  "n_filtered": 0,
  "mape_std": 0.09925166572361459,
  "mape_p25": 0.05191971737923553,
  "mape_p75": 0.11808382902779388,
  "training_time": 62.42,
  "epochs_trained": 202,
  "best_val_loss": 0.0009581435172419463,
  "train_loss_curve": [
    0.004266,
    0.001782,
    0.001321,
    0.001208,
    0.001149,
    0.001131,
    0.001108,
    0.001092,
    0.001085,
    0.001069,
    0.001049,
    0.001054,
    0.001047,
    0.001024,
    0.00101,
    0.00102,
    0.001011,
    0.000981,
    0.000981,
    0.000983,
    0.000969,
    0.000956,
    0.000955,
    0.000948,
    0.000953,
    0.000935,
    0.000931,
    0.000932,
    0.000926,
    0.000926,
    0.000912,
    0.0009,
    0.000916,
    0.000913,
    0.0009,
    0.000883,
    0.000879,
    0.000868,
    0.000873,
    0.000874,
    0.000865,
    0.000846,
    0.000865,
    0.000851,
    0.000864,
    0.000852,
    0.000847,
    0.000838,
    0.000839,
    0.000829,
    0.000842,
    0.000817,
    0.000828,
    0.000811,
    0.00083,
    0.000814,
    0.000813,
    0.000797,
    0.000805,
    0.000802,
    0.000799,
    0.000805,
    0.000797,
    0.000796,
    0.000798,
    0.000788,
    0.000787,
    0.000789,
    0.000789,
    0.000778,
    0.000783,
    0.000789,
    0.000783,
    0.000768,
    0.000763,
    0.000771,
    0.000766,
    0.00077,
    0.000762,
    0.000761,
    0.000764,
    0.000759,
    0.00076,
    0.000757,
    0.000749,
    0.000753,
    0.000752,
    0.000763,
    0.000758,
    0.000757,
    0.000753,
    0.00075,
    0.000738,
    0.000745,
    0.000748,
    0.000747,
    0.000741,
    0.000733,
    0.000742,
    0.000737,
    0.000742,
    0.000727,
    0.000739,
    0.000734,
    0.000722,
    0.000728,
    0.000726,
    0.000737,
    0.000721,
    0.000722,
    0.000721,
    0.000721,
    0.000723,
    0.000724,
    0.000719,
    0.000725,
    0.000718,
    0.000728,
    0.000715,
    0.000714,
    0.000708,
    0.000715,
    0.000718,
    0.000715,
    0.000707,
    0.000705,
    0.000705,
    0.000705,
    0.000696,
    0.000706,
    0.000707,
    0.000707,
    0.000708,
    0.000702,
    0.00071,
    0.000703,
    0.0007,
    0.000705,
    0.000696,
    0.000696,
    0.000698,
    0.000698,
    0.000691,
    0.000694,
    0.000697,
    0.000691,
    0.000701,
    0.000693,
    0.000688,
    0.000693,
    0.000697,
    0.00069,
    0.000684,
    0.00068,
    0.000687,
    0.000689,
    0.000692,
    0.000684,
    0.000685,
    0.000682,
    0.00068,
    0.000683,
    0.000682,
    0.000676,
    0.000687,
    0.000677,
    0.00068,
    0.000685,
    0.000679,
    0.000667,
    0.000669,
    0.000671,
    0.000686,
    0.000677,
    0.000673,
    0.000666,
    0.00068,
    0.000668,
    0.000677,
    0.000673,
    0.000674,
    0.000666,
    0.000671,
    0.000662,
    0.000661,
    0.000665,
    0.000662,
    0.000658,
    0.000658,
    0.000655,
    0.000654,
    0.00065,
    0.000655,
    0.000655,
    0.000647,
    0.000654,
    0.000649,
    0.000649,
    0.000644,
    0.000645,
    0.000655,
    0.000649
  ],
  "val_loss_curve": [
    0.00342,
    0.001724,
    0.001253,
    0.001157,
    0.001113,
    0.001119,
    0.001067,
    0.001096,
    0.001071,
    0.001058,
    0.001063,
    0.001043,
    0.001039,
    0.001048,
    0.001032,
    0.001077,
    0.001027,
    0.001028,
    0.001013,
    0.001029,
    0.001019,
    0.001034,
    0.001047,
    0.00102,
    0.001022,
    0.001034,
    0.001034,
    0.001038,
    0.001019,
    0.001073,
    0.001026,
    0.00103,
    0.001066,
    0.00101,
    0.001015,
    0.001032,
    0.001022,
    0.00103,
    0.001045,
    0.001022,
    0.000998,
    0.001054,
    0.001019,
    0.001016,
    0.001005,
    0.001039,
    0.001023,
    0.000994,
    0.000999,
    0.000994,
    0.001018,
    0.000981,
    0.000986,
    0.000986,
    0.001031,
    0.001,
    0.001019,
    0.00099,
    0.001008,
    0.00103,
    0.00099,
    0.000997,
    0.001044,
    0.001018,
    0.000985,
    0.000984,
    0.000975,
    0.001015,
    0.001001,
    0.00099,
    0.000978,
    0.000999,
    0.00098,
    0.001028,
    0.000997,
    0.000989,
    0.000999,
    0.000993,
    0.001007,
    0.000975,
    0.000975,
    0.001003,
    0.000998,
    0.000987,
    0.000985,
    0.000973,
    0.000979,
    0.001,
    0.001001,
    0.00099,
    0.000975,
    0.000983,
    0.000992,
    0.000992,
    0.000975,
    0.000965,
    0.000993,
    0.000978,
    0.000984,
    0.001003,
    0.001,
    0.000992,
    0.000975,
    0.001017,
    0.000981,
    0.000989,
    0.001009,
    0.000991,
    0.000993,
    0.001009,
    0.000986,
    0.000969,
    0.000968,
    0.000977,
    0.000976,
    0.000982,
    0.000981,
    0.000989,
    0.000983,
    0.00098,
    0.000976,
    0.000976,
    0.000992,
    0.000991,
    0.000981,
    0.000978,
    0.000982,
    0.000975,
    0.000983,
    0.000962,
    0.000983,
    0.000972,
    0.000975,
    0.000958,
    0.000979,
    0.000975,
    0.000961,
    0.00099,
    0.000973,
    0.000974,
    0.00097,
    0.000969,
    0.000979,
    0.000975,
    0.000979,
    0.000988,
    0.000965,
    0.000991,
    0.000977,
    0.000966,
    0.000972,
    0.000973,
    0.000971,
    0.000993,
    0.000972,
    0.000981,
    0.000976,
    0.001,
    0.000982,
    0.000966,
    0.000965,
    0.00097,
    0.000974,
    0.000995,
    0.000974,
    0.000973,
    0.000972,
    0.000968,
    0.000984,
    0.000993,
    0.000964,
    0.000985,
    0.000981,
    0.00099,
    0.00097,
    0.000968,
    0.000972,
    0.000985,
    0.000978,
    0.000973,
    0.000979,
    0.000981,
    0.000981,
    0.000967,
    0.000971,
    0.00097,
    0.000967,
    0.000981,
    0.000968,
    0.000982,
    0.000974,
    0.000973,
    0.000977,
    0.00097,
    0.000964,
    0.000967,
    0.000994,
    0.000986,
    0.000975,
    0.000968,
    0.000973,
    0.000983
  ],
  "per_company_mape": {
    "C1015": 0.057302,
    "C1033": 0.113124,
    "C1068": 0.077028,
    "C1084": 0.072169,
    "C1156": 0.042492,
    "C1208": 0.0139,
    "C121": 0.15152,
    "C1218": 0.108137,
    "C1252": 0.04015,
    "C1280": 0.127681,
    "C1313": 0.080448,
    "C1401": 0.432307,
    "C1422": 0.048703,
    "C1475": 0.824269,
    "C151": 0.212976,
    "C1554": 0.051195,
    "C1590": 0.062027,
    "C1594": 0.04954,
    "C1617": 0.103866,
    "C1624": 0.037082,
    "C1635": 0.313981,
    "C1641": 0.031469,
    "C1662": 0.046046,
    "C1675": 0.027117,
    "C1691": 0.040394,
    "C1704": 0.067261,
    "C1706": 0.219542,
    "C1709": 0.058479,
    "C1712": 0.137515,
    "C1744": 0.037668,
    "C1768": 0.148104,
    "C1770": 0.061462,
    "C1783": 0.141306,
    "C1787": 0.057249,
    "C1814": 0.064359,
    "C1817": 0.093578,
    "C1841": 0.120674,
    "C1996": 0.057044,
    "C2033": 0.305849,
    "C2040": 0.11755,
    "C2043": 0.078901,
    "C212": 0.070487,
    "C223": 0.064741,
    "C229": 0.051868,
    "C246": 0.023222,
    "C260": 0.101889,
    "C267": 0.155443,
    "C288": 0.075018,
    "C294": 0.061119,
    "C296": 0.032653,
    "C2969": 0.04112,
    "C2973": 0.034189,
    "C3011": 0.042133,
    "C3012": 0.143362,
    "C3053": 0.049536,
    "C306": 0.052819,
    "C310": 0.038291,
    "C3102": 0.125236,
    "C3130": 0.098682,
    "C3219": 0.033331,
    "C3230": 0.088842,
    "C3251": 0.081545,
    "C3419": 0.052076,
    "C3630": 0.127226,
    "C3633": 0.055022,
    "C3767": 0.22349,
    "C3774": 0.048421,
    "C3776": 0.100407,
    "C379": 0.124923,
    "C3838": 0.068461,
    "C3854": 0.055429,
    "C3856": 0.087367,
    "C391": 0.077646,
    "C3923": 0.052164,
    "C3933": 0.05223,
    "C4071": 0.084172,
    "C409": 0.051201,
    "C4102": 0.057674,
    "C411": 0.03544,