{
  "arch": "gru_baseline",
  "lob": "workers_compensation",
  "config_idx": 1,
  "dropout_rate": 0.29575,
  "learning_rate": 0.0001744,
  "batch_size": 1024,
  "max_epochs": 500,
  "gru_units": 64,
  "dense_units": 32,
  "mape": 0.09594733730008412,
  "rmspe": 0.22403800154898465,
  "n_companies": 234,
  "n_filtered": 0,
  "training_time": 166.92,
  "epochs_trained": 220,
  "best_val_loss": 0.0017981824930757284
}