{
  "arch": "gru_baseline",
  "lob": "workers_compensation",
  "config_idx": 57,
  "dropout_rate": 0.09266,
  "learning_rate": 0.0027282,
  "batch_size": 512,
  "max_epochs": 500,
  "gru_units": 64,
  "dense_units": 32,
  "mape": 0.10398172540838384,
  "rmspe": 0.2756612646489868,
  "n_companies": 234,
  "n_filtered": 0,
  "mape_std": 0.1359835068117753,
  "mape_p25": 0.052062571998786514,
  "mape_p75": 0.1115546905289896,
  "training_time": 59.85,
  "epochs_trained": 201,
  "best_val_loss": 0.0010869418204362904,
  "train_loss_curve": [
    0.00321,
    0.001573,
    0.00139,
    0.001303,
    0.001263,
    0.001223,
    0.00121,
    0.001208,
    0.001165,
    0.00117,
    0.001166,
    0.001131,
    0.001115,
    0.001111,
    0.00112,
    0.001099,
    0.001092,
    0.001096,
    0.001078,
    0.001065,
    0.001079,
    0.001084,
    0.001068,
    0.001062,
    0.001042,
    0.00106,
    0.00104,
    0.001058,
    0.001039,
    0.001035,
    0.001038,
    0.001038,
    0.001021,
    0.00103,
    0.001017,
    0.001009,
    0.00102,
    0.001013,
    0.001009,
    0.00101,
    0.001009,
    0.001006,
    0.001,
    0.000998,
    0.000987,
    0.001011,
    0.000999,
    0.000973,
    0.000976,
    0.000988,
    0.000989,
    0.000997,
    0.000989,
    0.00098,
    0.00098,
    0.000983,
    0.000982,
    0.000969,
    0.000957,
    0.000978,
    0.000981,
    0.000964,
    0.000958,
    0.000958,
    0.000955,
    0.000943,
    0.000946,
    0.000958,
    0.000955,
    0.000943,
    0.000958,
    0.000953,
    0.000945,
    0.000955,
    0.000938,
    0.000947,
    0.000933,
    0.00094,
    0.000938,
    0.000927,
    0.000941,
    0.000944,
    0.000938,
    0.000929,
    0.000934,
    0.000931,
    0.000934,
    0.000931,
    0.000912,
    0.000929,
    0.000915,
    0.000918,
    0.000916,
    0.000911,
    0.000908,
    0.000915,
    0.000909,
    0.000912,
    0.000917,
    0.000913,
    0.000901,
    0.00091,
    0.000903,
    0.000905,
    0.000896,
    0.000905,
    0.000907,
    0.000894,
    0.0009,
    0.00091,
    0.000909,
    0.000893,
    0.000891,
    0.000881,
    0.000879,
    0.000882,
    0.000881,
    0.000884,
    0.000883,
    0.000881,
    0.000872,
    0.000877,
    0.000871,
    0.000871,
    0.000881,
    0.000871,
    0.00087,
    0.000864,
    0.000883,
    0.000878,
    0.000876,
    0.000861,
    0.000876,
    0.000866,
    0.00087,
    0.00088,
    0.000875,
    0.000875,
    0.000883,
    0.000869,
    0.000867,
    0.000866,
    0.000862,
    0.00086,
    0.000862,
    0.00087,
    0.00086,
    0.000865,
    0.000865,
    0.00087,
    0.000875,
    0.000874,
    0.000866,
    0.000865,
    0.000868,
    0.000875,
    0.000882,
    0.000865,
    0.000857,
    0.000851,
    0.000866,
    0.000863,
    0.000866,
    0.000851,
    0.000856,
    0.000859,
    0.000853,
    0.00085,
    0.000859,
    0.000852,
    0.000847,
    0.000849,
    0.000848,
    0.000851,
    0.000847,
    0.00085,
    0.000841,
    0.000854,
    0.000839,
    0.000846,
    0.000847,
    0.000851,
    0.000847,
    0.000866,
    0.000852,
    0.000843,
    0.000847,
    0.000852,
    0.000847,
    0.000844,
    0.000858,
    0.000834,
    0.000841,
    0.000852,
    0.000848,
    0.000841,
    0.000854,
    0.000846,
    0.000847,
    0.000848,
    0.000845
  ],
  "val_loss_curve": [
    0.001856,
    0.001453,
    0.001512,
    0.001474,
    0.001248,
    0.001415,
    0.00145,
    0.001206,
    0.001264,
    0.001198,
    0.001279,
    0.001321,
    0.001239,
    0.001251,
    0.001162,
    0.00133,
    0.001407,
    0.001195,
    0.001238,
    0.001251,
    0.001213,
    0.001251,
    0.001183,
    0.001278,
    0.001184,
    0.001309,
    0.001247,
    0.001229,
    0.001258,
    0.00133,
    0.001226,
    0.001254,
    0.001311,
    0.001231,
    0.001222,
    0.001284,
    0.001245,
    0.00147,
    0.001288,
    0.001178,
    0.001228,
    0.001236,
    0.001231,
    0.001296,
    0.001398,
    0.001245,
    0.001201,
    0.0013,
    0.001271,
    0.001242,
    0.00119,
    0.001216,
    0.001277,
    0.001225,
    0.001213,
    0.001256,
    0.001269,
    0.00124,
    0.001315,
    0.001168,
    0.001087,
    0.001277,
    0.001154,
    0.001177,
    0.001271,
    0.001222,
    0.001266,
    0.001363,
    0.001262,
    0.001255,
    0.00119,
    0.001261,
    0.001285,
    0.001314,
    0.001276,
    0.001269,
    0.00123,
    0.001332,
    0.001203,
    0.00123,
    0.001236,
    0.001255,
    0.001254,
    0.001316,
    0.001218,
    0.001124,
    0.001165,
    0.001241,
    0.001272,
    0.001376,
    0.001222,
    0.001165,
    0.001233,
    0.001219,
    0.001133,
    0.001274,
    0.001201,
    0.001128,
    0.0012,
    0.001182,
    0.001219,
    0.001148,
    0.001219,
    0.001165,
    0.001124,
    0.001212,
    0.001292,
    0.001212,
    0.001309,
    0.001231,
    0.001188,
    0.001224,
    0.001206,
    0.0012,
    0.001272,
    0.001217,
    0.001249,
    0.00122,
    0.001266,
    0.001207,
    0.001188,
    0.001136,
    0.001162,
    0.001252,
    0.001236,
    0.00123,
    0.001239,
    0.001217,
    0.001192,
    0.001191,
    0.001246,
    0.001234,
    0.001263,
    0.001232,
    0.001233,
    0.001218,
    0.001167,
    0.001301,
    0.001199,
    0.001214,
    0.001218,
    0.001142,
    0.001255,
    0.001194,
    0.001215,
    0.001191,
    0.001228,
    0.001244,
    0.001209,
    0.001212,
    0.001249,
    0.001182,
    0.001241,
    0.001172,
    0.001229,
    0.001156,
    0.001216,
    0.00117,
    0.001153,
    0.001238,
    0.001231,
    0.001213,
    0.001177,
    0.001167,
    0.001217,
    0.001199,
    0.00117,
    0.001176,
    0.001202,
    0.001185,
    0.001226,
    0.001199,
    0.00117,
    0.001202,
    0.001197,
    0.001212,
    0.001189,
    0.001228,
    0.001245,
    0.00124,
    0.001216,
    0.001241,
    0.00124,
    0.001188,
    0.001167,
    0.001201,
    0.001224,
    0.001189,
    0.001245,
    0.001251,
    0.001161,
    0.001246,
    0.001211,
    0.001252,
    0.001225,
    0.001236,
    0.001186,
    0.001215,
    0.001176,
    0.001246,
    0.001184
  ],
  "per_company_mape": {
    "C1015": 0.071831,
    "C1033": 0.100742,
    "C1068": 0.075636,
    "C1084": 0.081105,
    "C1156": 0.080274,
    "C1208": 0.03858,
    "C121": 0.16362,
    "C1218": 0.140579,
    "C1252": 0.056413,
    "C1280": 0.326832,
    "C1313": 0.065611,
    "C1401": 0.376449,
    "C1422": 0.077777,
    "C1475": 1.828654,
    "C151": 0.175716,
    "C1554": 0.094091,
    "C1590": 0.058168,
    "C1594": 0.050861,
    "C1617": 0.14579,
    "C1624": 0.037281,
    "C1635": 0.254887,
    "C1641": 0.084213,
    "C1662": 0.083069,
    "C1675": 0.086044,
    "C1691": 0.051903,
    "C1704": 0.075717,
    "C1706": 0.233809,
    "C1709": 0.093287,
    "C1712": 0.112045,
    "C1744": 0.032213,
    "C1768": 0.092979,
    "C1770": 0.039735,
    "C1783": 0.108714,
    "C1787": 0.078187,
    "C1814": 0.148328,
    "C1817": 0.111747,
    "C1841": 0.102773,
    "C1996": 0.044971,
    "C2033": 0.30844,
    "C2040": 0.083502,
    "C2043": 0.095377,
    "C212": 0.113058,
    "C223": 0.088,
    "C229": 0.057176,
    "C246": 0.033761,
    "C260": 0.097886,
    "C267": 0.192714,
    "C288": 0.027073,
    "C294": 0.074904,
    "C296": 0.047136,
    "C2969": 0.051491,
    "C2973": 0.055826,
    "C3011": 0.053128,
    "C3012": 0.188283,
    "C3053": 0.04162,
    "C306": 0.058259,
    "C310": 0.067022,
    "C3102": 0.113463,
    "C3130": 0.138745,
    "C3219": 0.043721,
    "C3230": 0.05717,
    "C3251": 0.041775,
    "C3419": 0.053105,
    "C3630": 0.100835,
    "C3633": 0.081309,
    "C3767": 0.170949,
    "C3774": 0.044968,
    "C3776": 0.079823,
    "C379": 0.090058,
    "C3838": 0.052416,
    "C3854": 0.080388,
    "C3856": 0.070471,
    "C391": 0.052597,
    "C3923": 0.162244,
    "C3933": 0.060499,
    "C4071": 0.078034,
    "C409": 0.102042,
    "C4102": 0.027736,
    "C411": 0.064033,
    "C4146": 0.189421,