{
  "arch": "gru_baseline",
  "lob": "workers_compensation",
  "config_idx": 22,
  "dropout_rate": 0.01408,
  "learning_rate": 0.0002985,
  "batch_size": 512,
  "max_epochs": 500,
  "gru_units": 64,
  "dense_units": 32,
  "mape": 0.0962024683475508,
  "rmspe": 0.1568409131635895,
  "n_companies": 234,
  "n_filtered": 0,
  "training_time": 179.67,
  "epochs_trained": 205,
  "best_val_loss": 0.0010179819073528051
}