{
  "arch": "gru_baseline",
  "lob": "workers_compensation",
  "config_idx": 70,
  "dropout_rate": 0.05197,
  "learning_rate": 0.0007741,
  "batch_size": 512,
  "max_epochs": 500,
  "gru_units": 128,
  "dense_units": 32,
  "mape": 0.09707858247912977,
  "rmspe": 0.19714950557978564,
  "n_companies": 234,
  "n_filtered": 0,
  "mape_std": 0.09034356748987625,
  "mape_p25": 0.04387608340697142,
  "mape_p75": 0.1174922043284645,
  "training_time": 62.83,
  "epochs_trained": 202,
  "best_val_loss": 0.0010231642185577325,
  "train_loss_curve": [
    0.004204,
    0.001766,
    0.001438,
    0.001372,
    0.0013,
    0.001263,
    0.00123,
    0.001203,
    0.001192,
    0.001173,
    0.001151,
    0.001124,
    0.001114,
    0.00111,
    0.001085,
    0.001076,
    0.001057,
    0.001054,
    0.001053,
    0.001041,
    0.001025,
    0.001012,
    0.001019,
    0.001011,
    0.000987,
    0.000977,
    0.000979,
    0.000977,
    0.000968,
    0.000973,
    0.000951,
    0.000948,
    0.000967,
    0.000955,
    0.000953,
    0.000945,
    0.000945,
    0.000945,
    0.00094,
    0.00093,
    0.000942,
    0.000932,
    0.000924,
    0.000921,
    0.000911,
    0.000914,
    0.000911,
    0.000912,
    0.00091,
    0.000925,
    0.000918,
    0.000919,
    0.000901,
    0.00093,
    0.000912,
    0.000906,
    0.000894,
    0.000908,
    0.000891,
    0.000902,
    0.000905,
    0.000895,
    0.000888,
    0.00089,
    0.000881,
    0.000884,
    0.000896,
    0.00089,
    0.000875,
    0.000881,
    0.000871,
    0.000868,
    0.000877,
    0.00088,
    0.000873,
    0.000869,
    0.000866,
    0.000863,
    0.000879,
    0.000875,
    0.000866,
    0.000859,
    0.000876,
    0.00086,
    0.000859,
    0.000857,
    0.000845,
    0.000852,
    0.000839,
    0.000857,
    0.000849,
    0.00085,
    0.000841,
    0.00085,
    0.000847,
    0.000842,
    0.000833,
    0.000851,
    0.000839,
    0.000839,
    0.000834,
    0.000836,
    0.00084,
    0.000831,
    0.000843,
    0.000833,
    0.00084,
    0.000834,
    0.000828,
    0.000833,
    0.000825,
    0.000836,
    0.000829,
    0.000846,
    0.000831,
    0.00084,
    0.000821,
    0.000817,
    0.000835,
    0.000836,
    0.000825,
    0.000831,
    0.000843,
    0.000817,
    0.000828,
    0.000822,
    0.000832,
    0.000831,
    0.000835,
    0.000831,
    0.000823,
    0.000823,
    0.00081,
    0.00082,
    0.00083,
    0.000814,
    0.000814,
    0.000816,
    0.000823,
    0.00082,
    0.000821,
    0.000821,
    0.00081,
    0.000811,
    0.000806,
    0.000811,
    0.000799,
    0.000811,
    0.00081,
    0.000821,
    0.000815,
    0.000818,
    0.000812,
    0.000812,
    0.000808,
    0.000823,
    0.000824,
    0.000811,
    0.000808,
    0.000813,
    0.00082,
    0.000814,
    0.000804,
    0.000817,
    0.000813,
    0.000808,
    0.000807,
    0.000809,
    0.000814,
    0.000819,
    0.000803,
    0.000809,
    0.000821,
    0.000815,
    0.000808,
    0.000808,
    0.000818,
    0.000816,
    0.000807,
    0.000807,
    0.000813,
    0.000809,
    0.000803,
    0.000817,
    0.0008,
    0.000818,
    0.000807,
    0.000813,
    0.000796,
    0.000802,
    0.000802,
    0.000811,
    0.000811,
    0.000801,
    0.000813,
    0.000809,
    0.000802,
    0.000797,
    0.000804,
    0.000808,
    0.000799,
    0.000799
  ],
  "val_loss_curve": [
    0.002969,
    0.001506,
    0.001268,
    0.001234,
    0.001183,
    0.001206,
    0.00113,
    0.001112,
    0.001134,
    0.001193,
    0.001123,
    0.001135,
    0.001141,
    0.001099,
    0.001145,
    0.001038,
    0.001099,
    0.001121,
    0.001148,
    0.001054,
    0.001065,
    0.001077,
    0.001076,
    0.001073,
    0.001138,
    0.001097,
    0.0011,
    0.001032,
    0.001121,
    0.00108,
    0.001069,
    0.001094,
    0.001113,
    0.001023,
    0.001067,
    0.001134,
    0.001105,
    0.001041,
    0.001093,
    0.001062,
    0.001142,
    0.00113,
    0.001102,
    0.00105,
    0.001146,
    0.001075,
    0.001119,
    0.001173,
    0.001071,
    0.001039,
    0.001046,
    0.00112,
    0.001158,
    0.001099,
    0.001105,
    0.001097,
    0.001046,
    0.001181,
    0.001065,
    0.00114,
    0.001098,
    0.001047,
    0.001044,
    0.001052,
    0.001057,
    0.001091,
    0.001101,
    0.001071,
    0.001064,
    0.001109,
    0.001082,
    0.001092,
    0.001036,
    0.001113,
    0.001109,
    0.001118,
    0.001107,
    0.001121,
    0.001086,
    0.001051,
    0.001073,
    0.001122,
    0.001084,
    0.00107,
    0.001098,
    0.001085,
    0.001086,
    0.00106,
    0.001118,
    0.001115,
    0.001083,
    0.001084,
    0.00108,
    0.001107,
    0.001117,
    0.001078,
    0.001106,
    0.00108,
    0.001076,
    0.001085,
    0.001055,
    0.00108,
    0.001104,
    0.001078,
    0.001103,
    0.001115,
    0.001123,
    0.001113,
    0.001107,
    0.00108,
    0.001083,
    0.001092,
    0.001082,
    0.001141,
    0.001133,
    0.001096,
    0.001107,
    0.001084,
    0.0011,
    0.001095,
    0.001118,
    0.001086,
    0.001083,
    0.001081,
    0.001098,
    0.001084,
    0.00112,
    0.001095,
    0.001067,
    0.001106,
    0.00113,
    0.001094,
    0.001096,
    0.001069,
    0.001098,
    0.001088,
    0.001097,
    0.001119,
    0.001088,
    0.001094,
    0.001103,
    0.001072,
    0.001097,
    0.001084,
    0.00109,
    0.001079,
    0.001102,
    0.001108,
    0.001082,
    0.001078,
    0.001118,
    0.001079,
    0.001075,
    0.001116,
    0.001107,
    0.001095,
    0.0011,
    0.001076,
    0.001099,
    0.001101,
    0.001119,
    0.001113,
    0.001117,
    0.001089,
    0.001098,
    0.001113,
    0.001084,
    0.001085,
    0.001096,
    0.001113,
    0.00109,
    0.001123,
    0.001105,
    0.001106,
    0.001146,
    0.001121,
    0.001138,
    0.001103,
    0.001115,
    0.001094,
    0.001082,
    0.001087,
    0.001101,
    0.001132,
    0.00112,
    0.001089,
    0.001098,
    0.001115,
    0.001103,
    0.0011,
    0.001079,
    0.001114,
    0.001089,
    0.001077,
    0.001113,
    0.001098,
    0.001103,
    0.001101,
    0.001092,
    0.001089,
    0.001098,
    0.001103
  ],
  "per_company_mape": {
    "C1015": 0.047532,
    "C1033": 0.130917,
    "C1068": 0.097524,
    "C1084": 0.037656,
    "C1156": 0.124371,
    "C1208": 0.050904,
    "C121": 0.07702,
    "C1218": 0.134651,
    "C1252": 0.055647,
    "C1280": 0.112873,
    "C1313": 0.059337,
    "C1401": 0.402616,
    "C1422": 0.065294,
    "C1475": 0.663324,
    "C151": 0.206302,
    "C1554": 0.038353,
    "C1590": 0.067764,
    "C1594": 0.0423,
    "C1617": 0.1809,
    "C1624": 0.041423,
    "C1635": 0.695343,
    "C1641": 0.028504,
    "C1662": 0.107593,
    "C1675": 0.055025,
    "C1691": 0.026971,
    "C1704": 0.056412,
    "C1706": 0.23394,
    "C1709": 0.106356,
    "C1712": 0.17212,
    "C1744": 0.069947,
    "C1768": 0.136457,
    "C1770": 0.064237,
    "C1783": 0.143039,
    "C1787": 0.047965,
    "C1814": 0.119898,
    "C1817": 0.127328,
    "C1841": 0.180477,
    "C1996": 0.046024,
    "C2033": 0.274817,
    "C2040": 0.125078,
    "C2043": 0.079989,
    "C212": 0.122693,
    "C223": 0.075129,
    "C229": 0.026164,
    "C246": 0.019384,
    "C260": 0.05651,
    "C267": 0.308833,
    "C288": 0.035629,
    "C294": 0.190588,
    "C296": 0.023696,
    "C2969": 0.04039,
    "C2973": 0.05674,
    "C3011": 0.026166,
    "C3012": 0.05722,
    "C3053": 0.02866,
    "C306": 0.055452,
    "C310": 0.041778,
    "C3102": 0.063049,
    "C3130": 0.18321,
    "C3219": 0.057239,
    "C3230": 0.053614,
    "C3251": 0.090652,
    "C3419": 0.065,
    "C3630": 0.1479,
    "C3633": 0.059476,
    "C3767": 0.079303,
    "C3774": 0.039188,
    "C3776": 0.088435,
    "C379": 0.07651,
    "C3838": 0.047049,
    "C3854": 0.059377,
    "C3856": 0.05368,
    "C391": 0.025613,
    "C3923": 0.123981,
    "C3933": 0.038718,
    "C4071": 0.111096,
    "C409": 0.041818,
    "C4102": 0.045118,
    "C411": 0.042165,