{
  "arch": "gru_baseline",
  "lob": "workers_compensation",
  "config_idx": 7,
  "dropout_rate": 0.02489,
  "learning_rate": 0.000132,
  "batch_size": 1024,
  "max_epochs": 500,
  "gru_units": 256,
  "dense_units": 32,
  "mape": 0.08795735445291326,
  "rmspe": 0.15661357706254206,
  "n_companies": 234,
  "n_filtered": 0,
  "training_time": 891.41,
  "epochs_trained": 212,
  "best_val_loss": 0.0010414335411041975
}