{
  "arch": "gru_baseline",
  "lob": "workers_compensation",
  "config_idx": 85,
  "dropout_rate": 0.11758,
  "learning_rate": 0.0043327,
  "batch_size": 256,
  "max_epochs": 500,
  "gru_units": 256,
  "dense_units": 32,
  "mape": 0.1432601816256931,
  "rmspe": 0.31817224869889255,
  "n_companies": 234,
  "n_filtered": 0,
  "mape_std": 0.17014521412693487,
  "mape_p25": 0.07754919222794567,
  "mape_p75": 0.1464943962549858,
  "training_time": 135.59,
  "epochs_trained": 201,
  "best_val_loss": 0.0010729336520723467,
  "train_loss_curve": [
    0.004077,
    0.001456,
    0.001336,
    0.001301,
    0.001278,
    0.001226,
    0.001227,
    0.001238,
    0.001377,
    0.001367,
    0.001241,
    0.001266,
    0.001224,
    0.001165,
    0.001193,
    0.001126,
    0.001126,
    0.001136,
    0.001183,
    0.001178,
    0.001141,
    0.001128,
    0.00109,
    0.001165,
    0.001134,
    0.00111,
    0.001105,
    0.001079,
    0.001116,
    0.001134,
    0.001124,
    0.001081,
    0.001076,
    0.001078,
    0.001047,
    0.001068,
    0.001111,
    0.001059,
    0.00111,
    0.001089,
    0.001052,
    0.001032,
    0.001051,
    0.001044,
    0.00104,
    0.001051,
    0.001037,
    0.001121,
    0.001032,
    0.001057,
    0.001132,
    0.001025,
    0.001013,
    0.001012,
    0.001041,
    0.001043,
    0.0012,
    0.001084,
    0.001032,
    0.001019,
    0.001011,
    0.001031,
    0.001034,
    0.001044,
    0.001001,
    0.000993,
    0.001,
    0.000985,
    0.001027,
    0.00099,
    0.000988,
    0.000986,
    0.000981,
    0.000997,
    0.001054,
    0.001003,
    0.000982,
    0.000998,
    0.000996,
    0.001001,
    0.001072,
    0.000979,
    0.000969,
    0.000989,
    0.00095,
    0.00096,
    0.000963,
    0.000977,
    0.000974,
    0.00095,
    0.000952,
    0.00095,
    0.00096,
    0.00097,
    0.001022,
    0.000998,
    0.000948,
    0.000937,
    0.000935,
    0.000914,
    0.000955,
    0.000926,
    0.000943,
    0.000922,
    0.000926,
    0.000913,
    0.000913,
    0.00091,
    0.000911,
    0.000911,
    0.000909,
    0.000917,
    0.00093,
    0.000953,
    0.000932,
    0.000896,
    0.000918,
    0.000929,
    0.000907,
    0.000912,
    0.000905,
    0.000902,
    0.000894,
    0.000903,
    0.000913,
    0.000907,
    0.000883,
    0.000895,
    0.000894,
    0.000903,
    0.000896,
    0.000885,
    0.000889,
    0.000893,
    0.00088,
    0.000884,
    0.000885,
    0.00092,
    0.000926,
    0.000899,
    0.000895,
    0.000878,
    0.000871,
    0.000886,
    0.000891,
    0.000898,
    0.000888,
    0.000882,
    0.000869,
    0.000865,
    0.000873,
    0.000872,
    0.000862,
    0.000865,
    0.000874,
    0.000896,
    0.000866,
    0.000856,
    0.000862,
    0.000862,
    0.000875,
    0.000864,
    0.000857,
    0.000877,
    0.000871,
    0.00088,
    0.000866,
    0.000875,
    0.000851,
    0.000852,
    0.000878,
    0.000857,
    0.000865,
    0.000877,
    0.000844,
    0.000865,
    0.000863,
    0.000859,
    0.000857,
    0.000864,
    0.000878,
    0.000865,
    0.000866,
    0.000859,
    0.000859,
    0.000845,
    0.000848,
    0.000855,
    0.000858,
    0.000855,
    0.000857,
    0.000848,
    0.000879,
    0.000995,
    0.000917,
    0.000879,
    0.000867,
    0.000853,
    0.000851,
    0.000856,
    0.000849
  ],
  "val_loss_curve": [
    0.00174,
    0.001389,
    0.001416,
    0.002551,
    0.001482,
    0.001379,
    0.001725,
    0.001247,
    0.001901,
    0.001535,
    0.001701,
    0.001591,
    0.001377,
    0.001669,
    0.001315,
    0.001538,
    0.001581,
    0.002213,
    0.001514,
    0.001303,
    0.001209,
    0.001564,
    0.001494,
    0.001177,
    0.001292,
    0.00165,
    0.001637,
    0.001243,
    0.001525,
    0.00197,
    0.001353,
    0.001351,
    0.001195,
    0.00129,
    0.001263,
    0.001226,
    0.001537,
    0.001825,
    0.001125,
    0.001308,
    0.001399,
    0.001325,
    0.001326,
    0.001195,
    0.001443,
    0.001204,
    0.001073,
    0.00116,
    0.001366,
    0.001083,
    0.001302,
    0.001424,
    0.001559,
    0.001497,
    0.001439,
    0.001735,
    0.001616,
    0.001195,
    0.001209,
    0.001389,
    0.001213,
    0.001406,
    0.001661,
    0.001314,
    0.001235,
    0.001517,
    0.001267,
    0.00158,
    0.001323,
    0.001425,
    0.001578,
    0.00124,
    0.001152,
    0.001511,
    0.001475,
    0.00123,
    0.001368,
    0.001569,
    0.00129,
    0.001155,
    0.001342,
    0.001436,
    0.001235,
    0.001411,
    0.001313,
    0.0012,
    0.00117,
    0.001339,
    0.001317,
    0.001427,
    0.001271,
    0.001424,
    0.001361,
    0.001136,
    0.001168,
    0.001197,
    0.001326,
    0.001445,
    0.001417,
    0.001315,
    0.001333,
    0.001485,
    0.001283,
    0.001386,
    0.001278,
    0.001311,
    0.001411,
    0.0013,
    0.001345,
    0.001347,
    0.001271,
    0.001263,
    0.00137,
    0.001226,
    0.001319,
    0.001256,
    0.001235,
    0.001303,
    0.001304,
    0.001184,
    0.001362,
    0.001395,
    0.001356,
    0.001329,
    0.001302,
    0.00132,
    0.001339,
    0.001329,
    0.001335,
    0.001187,
    0.001291,
    0.001249,
    0.001178,
    0.001208,
    0.001257,
    0.001205,
    0.001387,
    0.001392,
    0.001299,
    0.001355,
    0.001249,
    0.001296,
    0.001255,
    0.001291,
    0.001278,
    0.001319,
    0.001216,
    0.001403,
    0.001255,
    0.001283,
    0.001228,
    0.001287,
    0.001315,
    0.001322,
    0.001285,
    0.001209,
    0.001344,
    0.001294,
    0.001295,
    0.001276,
    0.001232,
    0.001242,
    0.0013,
    0.001244,
    0.001318,
    0.001356,
    0.001235,
    0.001288,
    0.001321,
    0.001299,
    0.001299,
    0.001238,
    0.001283,
    0.001274,
    0.001335,
    0.001352,
    0.001362,
    0.001325,
    0.001253,
    0.001357,
    0.001312,
    0.001277,
    0.001313,
    0.001248,
    0.001302,
    0.001273,
    0.001236,
    0.001358,
    0.001269,
    0.001361,
    0.001272,
    0.001324,
    0.001203,
    0.001259,
    0.001286,
    0.001291,
    0.001302,
    0.001263,
    0.001248,
    0.00128,
    0.00129
  ],
  "per_company_mape": {
    "C1015": 0.091423,
    "C1033": 0.068425,
    "C1068": 0.13653,
    "C1084": 0.052719,
    "C1156": 0.137807,
    "C1208": 0.131222,
    "C121": 0.070531,
    "C1218": 0.135474,
    "C1252": 0.038498,
    "C1280": 0.187018,
    "C1313": 0.073454,
    "C1401": 0.288041,
    "C1422": 0.098309,
    "C1475": 1.386127,
    "C151": 0.226408,
    "C1554": 0.140486,
    "C1590": 0.126266,
    "C1594": 0.142675,
    "C1617": 0.299076,
    "C1624": 0.087761,
    "C1635": 0.81718,
    "C1641": 0.175847,
    "C1662": 0.180819,
    "C1675": 0.164871,
    "C1691": 0.079992,
    "C1704": 0.076027,
    "C1706": 0.136489,
    "C1709": 0.132023,
    "C1712": 0.201785,
    "C1744": 0.144255,
    "C1768": 0.118968,
    "C1770": 0.054478,
    "C1783": 0.275147,
    "C1787": 0.245616,
    "C1814": 0.177596,
    "C1817": 0.23517,
    "C1841": 0.161662,
    "C1996": 0.108575,
    "C2033": 0.474699,
    "C2040": 0.119635,
    "C2043": 0.127563,
    "C212": 0.096408,
    "C223": 0.148142,
    "C229": 0.092754,
    "C246": 0.093703,
    "C260": 0.084232,
    "C267": 0.236618,
    "C288": 0.101422,
    "C294": 0.146013,
    "C296": 0.09563,
    "C2969": 0.097462,
    "C2973": 0.144819,
    "C3011": 0.095794,
    "C3012": 0.153492,
    "C3053": 0.053785,
    "C306": 0.111635,
    "C310": 0.082878,
    "C3102": 0.108539,
    "C3130": 0.300193,
    "C3219": 0.069754,
    "C3230": 0.07964,
    "C3251": 0.144275,
    "C3419": 0.130809,
    "C3630": 0.091171,
    "C3633": 0.146634,
    "C3767": 0.084826,
    "C3774": 0.062427,
    "C3776": 0.078318,
    "C379": 0.044376,
    "C3838": 0.096922,
    "C3854": 0.172245,
    "C3856": 0.088036,
    "C391": 0.081592,
    "C3923": 0.252959,
    "C3933": 0.045583,
    "C4071": 0.118543,
    "C409": 0.113862,
    "C4102": 0.110695,
    "C411": 0.179552,