{
  "arch": "gru_baseline",
  "lob": "workers_compensation",
  "config_idx": 23,
  "dropout_rate": 0.06473,
  "learning_rate": 0.0002161,
  "batch_size": 1024,
  "max_epochs": 1000,
  "gru_units": 256,
  "dense_units": 32,
  "mape": 0.0942397254924092,
  "rmspe": 0.18200107424236625,
  "n_companies": 234,
  "n_filtered": 0,
  "training_time": 536.73,
  "epochs_trained": 206,
  "best_val_loss": 0.001128644566051662
}