{
  "arch": "gru_baseline",
  "lob": "workers_compensation",
  "config_idx": 14,
  "dropout_rate": 0.03113,
  "learning_rate": 0.0005285,
  "batch_size": 512,
  "max_epochs": 500,
  "gru_units": 256,
  "dense_units": 64,
  "mape": 0.09052749828019031,
  "rmspe": 0.15273530169988872,
  "n_companies": 234,
  "n_filtered": 0,
  "training_time": 670.56,
  "epochs_trained": 202,
  "best_val_loss": 0.0010144137777388096
}