{
  "arch": "gru_baseline",
  "lob": "workers_compensation",
  "config_idx": 59,
  "dropout_rate": 0.02862,
  "learning_rate": 0.0015545,
  "batch_size": 1024,
  "max_epochs": 500,
  "gru_units": 64,
  "dense_units": 128,
  "mape": 0.10292629448057929,
  "rmspe": 0.17175632588808817,
  "n_companies": 234,
  "n_filtered": 0,
  "mape_std": 0.0768424545128809,
  "mape_p25": 0.05219223408900138,
  "mape_p75": 0.13241192891983342,
  "training_time": 71.94,
  "epochs_trained": 202,
  "best_val_loss": 0.0009129234531428665,
  "train_loss_curve": [
    0.00419,
    0.001871,
    0.001473,
    0.001299,
    0.001229,
    0.001184,
    0.001172,
    0.001148,
    0.001129,
    0.001082,
    0.001083,
    0.001055,
    0.001035,
    0.001017,
    0.001023,
    0.000998,
    0.000978,
    0.000988,
    0.000979,
    0.000946,
    0.000945,
    0.000946,
    0.000928,
    0.000915,
    0.000905,
    0.000885,
    0.000909,
    0.000892,
    0.000892,
    0.000896,
    0.000875,
    0.000863,
    0.000872,
    0.000853,
    0.00084,
    0.000857,
    0.000854,
    0.000856,
    0.000849,
    0.000828,
    0.000828,
    0.000831,
    0.000825,
    0.000818,
    0.000806,
    0.000808,
    0.000805,
    0.000806,
    0.000798,
    0.000811,
    0.000801,
    0.000793,
    0.000808,
    0.000804,
    0.000794,
    0.000789,
    0.000781,
    0.000777,
    0.00078,
    0.000774,
    0.000784,
    0.000774,
    0.00078,
    0.000782,
    0.000777,
    0.000776,
    0.000765,
    0.000756,
    0.000767,
    0.000774,
    0.000775,
    0.000749,
    0.00076,
    0.000742,
    0.000756,
    0.000749,
    0.000746,
    0.000748,
    0.000734,
    0.000735,
    0.000744,
    0.000748,
    0.000739,
    0.000744,
    0.00073,
    0.00075,
    0.000735,
    0.000737,
    0.000738,
    0.000734,
    0.000729,
    0.000729,
    0.000729,
    0.000735,
    0.000733,
    0.000724,
    0.000732,
    0.000726,
    0.000738,
    0.000743,
    0.000721,
    0.000714,
    0.000718,
    0.000721,
    0.000722,
    0.000728,
    0.000737,
    0.000713,
    0.000706,
    0.000718,
    0.000728,
    0.000712,
    0.000714,
    0.000708,
    0.000715,
    0.000697,
    0.000704,
    0.000734,
    0.000708,
    0.000707,
    0.000706,
    0.00069,
    0.000708,
    0.00069,
    0.0007,
    0.000693,
    0.000688,
    0.000691,
    0.000709,
    0.0007,
    0.00071,
    0.000688,
    0.000705,
    0.000685,
    0.000678,
    0.000666,
    0.000672,
    0.000662,
    0.000671,
    0.000691,
    0.000684,
    0.000675,
    0.000668,
    0.00067,
    0.000665,
    0.000674,
    0.000661,
    0.000664,
    0.000695,
    0.00067,
    0.000669,
    0.000666,
    0.000676,
    0.000662,
    0.000676,
    0.000659,
    0.000661,
    0.000675,
    0.000672,
    0.000662,
    0.000661,
    0.000649,
    0.000671,
    0.000657,
    0.000659,
    0.000668,
    0.000662,
    0.000658,
    0.00066,
    0.000671,
    0.000659,
    0.000642,
    0.000662,
    0.000668,
    0.000663,
    0.000665,
    0.000655,
    0.00066,
    0.000665,
    0.000646,
    0.000654,
    0.000648,
    0.000655,
    0.000649,
    0.000671,
    0.000662,
    0.000645,
    0.000638,
    0.000652,
    0.000647,
    0.000644,
    0.000643,
    0.000651,
    0.000649,
    0.000648,
    0.000648,
    0.000643,
    0.000638,
    0.000642,
    0.000639,
    0.000635,
    0.000637
  ],
  "val_loss_curve": [
    0.003785,
    0.001878,
    0.001446,
    0.001244,
    0.00113,
    0.001095,
    0.001047,
    0.001027,
    0.001034,
    0.001058,
    0.000988,
    0.001053,
    0.00098,
    0.000999,
    0.000958,
    0.000999,
    0.000977,
    0.000987,
    0.001037,
    0.00096,
    0.001016,
    0.000958,
    0.000994,
    0.000959,
    0.000969,
    0.001008,
    0.000952,
    0.000988,
    0.001008,
    0.000918,
    0.000951,
    0.000993,
    0.00096,
    0.001002,
    0.000985,
    0.000964,
    0.000962,
    0.00094,
    0.001006,
    0.000989,
    0.001047,
    0.000962,
    0.000958,
    0.000961,
    0.001034,
    0.000989,
    0.000948,
    0.000961,
    0.000934,
    0.001005,
    0.000972,
    0.000978,
    0.000958,
    0.001042,
    0.000951,
    0.000952,
    0.000959,
    0.000954,
    0.000929,
    0.000994,
    0.000935,
    0.000932,
    0.000952,
    0.00096,
    0.000967,
    0.000977,
    0.000946,
    0.001032,
    0.000997,
    0.000936,
    0.000946,
    0.000956,
    0.000966,
    0.000965,
    0.000936,
    0.000914,
    0.00095,
    0.000949,
    0.000965,
    0.001012,
    0.000963,
    0.000972,
    0.000913,
    0.000999,
    0.001004,
    0.001077,
    0.000979,
    0.000985,
    0.000982,
    0.000963,
    0.000991,
    0.001054,
    0.000991,
    0.000993,
    0.000967,
    0.001022,
    0.000946,
    0.000996,
    0.000951,
    0.000996,
    0.000954,
    0.000982,
    0.001038,
    0.001015,
    0.00104,
    0.000964,
    0.000998,
    0.001016,
    0.000964,
    0.001002,
    0.000981,
    0.000988,
    0.001003,
    0.000968,
    0.000987,
    0.001007,
    0.001027,
    0.001004,
    0.000972,
    0.001007,
    0.001061,
    0.00103,
    0.000993,
    0.001017,
    0.001013,
    0.001017,
    0.001003,
    0.000949,
    0.00098,
    0.001007,
    0.000986,
    0.00097,
    0.000966,
    0.001021,
    0.000987,
    0.000976,
    0.001013,
    0.000994,
    0.000962,
    0.000963,
    0.000984,
    0.000965,
    0.000987,
    0.000982,
    0.00098,
    0.000997,
    0.001004,
    0.001005,
    0.000995,
    0.000965,
    0.001009,
    0.001017,
    0.00099,
    0.000976,
    0.000949,
    0.000976,
    0.000978,
    0.000989,
    0.000973,
    0.001002,
    0.00103,
    0.001015,
    0.000998,
    0.00096,
    0.000971,
    0.000989,
    0.000965,
    0.000977,
    0.000963,
    0.000977,
    0.000983,
    0.000985,
    0.000984,
    0.001013,
    0.000999,
    0.000973,
    0.000993,
    0.000996,
    0.001005,
    0.001028,
    0.001036,
    0.001062,
    0.001039,
    0.000984,
    0.000993,
    0.000994,
    0.000987,
    0.000979,
    0.000994,
    0.000978,
    0.001003,
    0.001008,
    0.000998,
    0.000968,
    0.001014,
    0.000989,
    0.000981,
    0.000993,
    0.001002,
    0.000991,
    0.000995,
    0.000969
  ],
  "per_company_mape": {
    "C1015": 0.112616,
    "C1033": 0.076882,
    "C1068": 0.071448,
    "C1084": 0.102002,
    "C1156": 0.043192,
    "C1208": 0.036934,
    "C121": 0.190903,
    "C1218": 0.143963,
    "C1252": 0.048594,
    "C1280": 0.143086,
    "C1313": 0.114971,
    "C1401": 0.388323,
    "C1422": 0.090089,
    "C1475": 0.601964,
    "C151": 0.155526,
    "C1554": 0.071414,
    "C1590": 0.065489,
    "C1594": 0.066129,
    "C1617": 0.04156,
    "C1624": 0.033936,
    "C1635": 0.284546,
    "C1641": 0.072,
    "C1662": 0.044889,
    "C1675": 0.025311,
    "C1691": 0.037123,
    "C1704": 0.065696,
    "C1706": 0.196384,
    "C1709": 0.058898,
    "C1712": 0.135223,
    "C1744": 0.044158,
    "C1768": 0.1592,
    "C1770": 0.048038,
    "C1783": 0.130065,
    "C1787": 0.048932,
    "C1814": 0.075798,
    "C1817": 0.086515,
    "C1841": 0.095238,
    "C1996": 0.043822,
    "C2033": 0.291804,
    "C2040": 0.077215,
    "C2043": 0.091125,
    "C212": 0.203382,
    "C223": 0.072389,
    "C229": 0.064541,
    "C246": 0.044797,
    "C260": 0.096655,
    "C267": 0.10479,
    "C288": 0.057918,
    "C294": 0.080975,
    "C296": 0.052021,
    "C2969": 0.04941,
    "C2973": 0.06271,
    "C3011": 0.037247,
    "C3012": 0.190883,
    "C3053": 0.047562,
    "C306": 0.061755,
    "C310": 0.039773,
    "C3102": 0.149224,
    "C3130": 0.104392,
    "C3219": 0.041068,
    "C3230": 0.055371,
    "C3251": 0.048514,
    "C3419": 0.066345,
    "C3630": 0.174518,
    "C3633": 0.048618,
    "C3767": 0.178324,
    "C3774": 0.040373,
    "C3776": 0.08779,
    "C379": 0.101142,
    "C3838": 0.033363,
    "C3854": 0.064156,
    "C3856": 0.076622,
    "C391": 0.086844,
    "C3923": 0.07569,
    "C3933": 0.049097,
    "C4071": 0.078718,
    "C409": 0.053539,
    "C4102": 0.082979,