{
  "arch": "gru_baseline",
  "lob": "workers_compensation",
  "config_idx": 12,
  "dropout_rate": 0.02174,
  "learning_rate": 0.0001098,
  "batch_size": 256,
  "max_epochs": 1000,
  "gru_units": 128,
  "dense_units": 64,
  "mape": 0.09429921165722926,
  "rmspe": 0.16890097263803552,
  "n_companies": 234,
  "n_filtered": 0,
  "training_time": 619.76,
  "epochs_trained": 205,
  "best_val_loss": 0.0010316025000065565
}