{
  "arch": "gru_baseline",
  "lob": "workers_compensation",
  "config_idx": 47,
  "dropout_rate": 0.0114,
  "learning_rate": 0.0003036,
  "batch_size": 1024,
  "max_epochs": 1000,
  "gru_units": 256,
  "dense_units": 64,
  "mape": 0.08756689695999784,
  "rmspe": 0.17566150915001935,
  "n_companies": 234,
  "n_filtered": 0,
  "training_time": 542.97,
  "epochs_trained": 205,
  "best_val_loss": 0.001009169383905828
}