{
  "arch": "gru_baseline",
  "lob": "workers_compensation",
  "config_idx": 48,
  "dropout_rate": 0.1377,
  "learning_rate": 0.0047583,
  "batch_size": 1024,
  "max_epochs": 1000,
  "gru_units": 128,
  "dense_units": 128,
  "mape": 0.13000875858872443,
  "rmspe": 0.20011613330813466,
  "n_companies": 234,
  "n_filtered": 0,
  "training_time": 303.34,
  "epochs_trained": 202,
  "best_val_loss": 0.0013316832482814789
}