{
  "arch": "gru_baseline",
  "lob": "workers_compensation",
  "config_idx": 55,
  "dropout_rate": 0.09526,
  "learning_rate": 0.0009525,
  "batch_size": 1024,
  "max_epochs": 1000,
  "gru_units": 256,
  "dense_units": 64,
  "mape": 0.09422208031932418,
  "rmspe": 0.16000417517464258,
  "n_companies": 234,
  "n_filtered": 0,
  "mape_std": 0.07637988642375707,
  "mape_p25": 0.05181824762465788,
  "mape_p75": 0.10578074514666852,
  "training_time": 73.34,
  "epochs_trained": 202,
  "best_val_loss": 0.0010743695602286607,
  "train_loss_curve": [
    0.004329,
    0.002011,
    0.001611,
    0.001416,
    0.001346,
    0.001329,
    0.001258,
    0.001222,
    0.001209,
    0.001185,
    0.00119,
    0.001145,
    0.001139,
    0.001114,
    0.001106,
    0.001098,
    0.001099,
    0.001078,
    0.001076,
    0.001047,
    0.001042,
    0.001047,
    0.001056,
    0.001036,
    0.001021,
    0.001059,
    0.001037,
    0.001001,
    0.001019,
    0.001021,
    0.001013,
    0.001012,
    0.001015,
    0.000997,
    0.000967,
    0.000989,
    0.001003,
    0.000959,
    0.000969,
    0.000968,
    0.000975,
    0.000955,
    0.000967,
    0.000957,
    0.000964,
    0.000959,
    0.000959,
    0.000947,
    0.000943,
    0.000953,
    0.000961,
    0.00095,
    0.000934,
    0.000931,
    0.000927,
    0.000928,
    0.00093,
    0.000942,
    0.000945,
    0.000939,
    0.000933,
    0.000928,
    0.000926,
    0.000914,
    0.000946,
    0.000918,
    0.000934,
    0.00091,
    0.000901,
    0.000899,
    0.000903,
    0.000902,
    0.000901,
    0.000919,
    0.000896,
    0.000906,
    0.000897,
    0.000904,
    0.0009,
    0.000897,
    0.000893,
    0.000879,
    0.000879,
    0.000887,
    0.000872,
    0.000878,
    0.000883,
    0.000867,
    0.000897,
    0.000874,
    0.000871,
    0.000871,
    0.000863,
    0.00087,
    0.000866,
    0.000882,
    0.000856,
    0.00087,
    0.000863,
    0.000875,
    0.000863,
    0.000852,
    0.000854,
    0.000871,
    0.00085,
    0.000867,
    0.000881,
    0.000855,
    0.000865,
    0.000857,
    0.000872,
    0.000862,
    0.000864,
    0.000865,
    0.000853,
    0.000858,
    0.000881,
    0.000861,
    0.000882,
    0.000853,
    0.000854,
    0.000861,
    0.00085,
    0.000845,
    0.000842,
    0.000835,
    0.000861,
    0.000861,
    0.000843,
    0.000852,
    0.000846,
    0.000847,
    0.000852,
    0.000838,
    0.00084,
    0.000844,
    0.00084,
    0.000855,
    0.000844,
    0.000836,
    0.000843,
    0.000857,
    0.000849,
    0.00084,
    0.00084,
    0.00084,
    0.000838,
    0.000829,
    0.000852,
    0.000834,
    0.000833,
    0.000839,
    0.00085,
    0.000839,
    0.000841,
    0.000836,
    0.000852,
    0.000841,
    0.000822,
    0.000833,
    0.000834,
    0.000864,
    0.000845,
    0.000832,
    0.000837,
    0.000823,
    0.00083,
    0.000827,
    0.000836,
    0.000836,
    0.000845,
    0.000823,
    0.00084,
    0.000829,
    0.000834,
    0.000856,
    0.000834,
    0.000821,
    0.000835,
    0.000844,
    0.000844,
    0.00083,
    0.000822,
    0.000829,
    0.000829,
    0.000819,
    0.000845,
    0.000832,
    0.000823,
    0.000834,
    0.000831,
    0.000831,
    0.000828,
    0.000812,
    0.000829,
    0.000829,
    0.000833,
    0.000819,
    0.000823,
    0.000846,
    0.000821,
    0.000832
  ],
  "val_loss_curve": [
    0.002948,
    0.0016,
    0.00129,
    0.001205,
    0.001249,
    0.001238,
    0.001215,
    0.001156,
    0.00121,
    0.001285,
    0.00116,
    0.001175,
    0.001157,
    0.001274,
    0.001295,
    0.001296,
    0.00125,
    0.001189,
    0.001194,
    0.001222,
    0.001199,
    0.001128,
    0.001169,
    0.001114,
    0.001267,
    0.00118,
    0.001211,
    0.001194,
    0.00115,
    0.001153,
    0.001294,
    0.001074,
    0.001207,
    0.001143,
    0.001242,
    0.001295,
    0.001262,
    0.001147,
    0.001277,
    0.001145,
    0.001169,
    0.001203,
    0.001151,
    0.00121,
    0.001225,
    0.001207,
    0.001153,
    0.001258,
    0.001157,
    0.001161,
    0.001187,
    0.001157,
    0.001161,
    0.001168,
    0.001244,
    0.00121,
    0.001134,
    0.001174,
    0.001222,
    0.001207,
    0.001128,
    0.001119,
    0.0012,
    0.00122,
    0.001172,
    0.001128,
    0.001199,
    0.001274,
    0.001217,
    0.001282,
    0.001163,
    0.001209,
    0.001085,
    0.001165,
    0.001288,
    0.001237,
    0.00116,
    0.001332,
    0.001318,
    0.001181,
    0.001292,
    0.001307,
    0.001248,
    0.001213,
    0.001214,
    0.001217,
    0.001176,
    0.001153,
    0.001188,
    0.001281,
    0.001201,
    0.001217,
    0.001167,
    0.001128,
    0.001196,
    0.001197,
    0.00125,
    0.001233,
    0.001188,
    0.001198,
    0.00119,
    0.001236,
    0.001143,
    0.001214,
    0.001263,
    0.00119,
    0.001183,
    0.001226,
    0.001178,
    0.001175,
    0.001226,
    0.001143,
    0.001178,
    0.001192,
    0.001192,
    0.001201,
    0.001174,
    0.001209,
    0.001175,
    0.001147,
    0.001125,
    0.001213,
    0.001163,
    0.001178,
    0.001181,
    0.001204,
    0.001204,
    0.001216,
    0.001171,
    0.00122,
    0.001257,
    0.00124,
    0.00116,
    0.001224,
    0.001165,
    0.001155,
    0.001184,
    0.001155,
    0.001169,
    0.001212,
    0.001179,
    0.001172,
    0.001158,
    0.001214,
    0.00117,
    0.001151,
    0.001158,
    0.001167,
    0.001171,
    0.001196,
    0.001185,
    0.001177,
    0.001265,
    0.001188,
    0.001162,
    0.001213,
    0.001196,
    0.001191,
    0.001189,
    0.001148,
    0.001192,
    0.001133,
    0.001189,
    0.0012,
    0.001196,
    0.001198,
    0.001179,
    0.001222,
    0.001211,
    0.001221,
    0.001218,
    0.001204,
    0.001165,
    0.001189,
    0.001184,
    0.001152,
    0.001183,
    0.001172,
    0.001183,
    0.001189,
    0.001217,
    0.001196,
    0.001196,
    0.001171,
    0.00119,
    0.001213,
    0.001179,
    0.001192,
    0.00117,
    0.001176,
    0.001176,
    0.001199,
    0.001203,
    0.001161,
    0.001198,
    0.001164,
    0.001182,
    0.001181,
    0.001196,
    0.001202,
    0.001203,
    0.001185
  ],
  "per_company_mape": {
    "C1015": 0.081924,
    "C1033": 0.048214,
    "C1068": 0.046046,
    "C1084": 0.121547,
    "C1156": 0.034971,
    "C1208": 0.02609,
    "C121": 0.146253,
    "C1218": 0.13214,
    "C1252": 0.040684,
    "C1280": 0.165402,
    "C1313": 0.060844,
    "C1401": 0.337432,
    "C1422": 0.05724,
    "C1475": 0.466473,
    "C151": 0.162498,
    "C1554": 0.095061,
    "C1590": 0.072561,
    "C1594": 0.020109,
    "C1617": 0.117702,
    "C1624": 0.040348,
    "C1635": 0.361843,
    "C1641": 0.025218,
    "C1662": 0.072229,
    "C1675": 0.023736,
    "C1691": 0.041105,
    "C1704": 0.066982,
    "C1706": 0.230163,
    "C1709": 0.085976,
    "C1712": 0.105023,
    "C1744": 0.029964,
    "C1768": 0.162581,
    "C1770": 0.050279,
    "C1783": 0.133225,
    "C1787": 0.060979,
    "C1814": 0.104629,
    "C1817": 0.097738,
    "C1841": 0.095307,
    "C1996": 0.055303,
    "C2033": 0.305818,
    "C2040": 0.092752,
    "C2043": 0.081189,
    "C212": 0.22183,
    "C223": 0.069266,
    "C229": 0.042337,
    "C246": 0.037543,
    "C260": 0.072494,
    "C267": 0.097301,
    "C288": 0.065505,
    "C294": 0.100684,
    "C296": 0.027696,
    "C2969": 0.044008,
    "C2973": 0.028631,
    "C3011": 0.040456,
    "C3012": 0.142007,
    "C3053": 0.057077,
    "C306": 0.049589,
    "C310": 0.030825,
    "C3102": 0.11837,
    "C3130": 0.185642,
    "C3219": 0.029197,
    "C3230": 0.060307,
    "C3251": 0.068503,
    "C3419": 0.051822,
    "C3630": 0.149639,
    "C3633": 0.056302,
    "C3767": 0.223904,
    "C3774": 0.031414,
    "C3776": 0.075771,
    "C379": 0.102342,
    "C3838": 0.029062,
    "C3854": 0.062249,
    "C3856": 0.046693,
    "C391": 0.094366,
    "C3923": 0.067636,
    "C3933": 0.078022,
    "C4071": 0.079451,
    "C409": 0.09081,
    "C4102": 0.068658,