{
  "arch": "gru_baseline",
  "lob": "workers_compensation",
  "config_idx": 26,
  "dropout_rate": 0.08051,
  "learning_rate": 0.0007224,
  "batch_size": 256,
  "max_epochs": 500,
  "gru_units": 256,
  "dense_units": 128,
  "mape": 0.09911928652090672,
  "rmspe": 0.20518827852485694,
  "n_companies": 234,
  "n_filtered": 0,
  "training_time": 748.81,
  "epochs_trained": 201,
  "best_val_loss": 0.0010619101813063025
}