{
  "arch": "gru_baseline",
  "lob": "workers_compensation",
  "config_idx": 40,
  "dropout_rate": 0.0843,
  "learning_rate": 0.0032406,
  "batch_size": 1024,
  "max_epochs": 500,
  "gru_units": 64,
  "dense_units": 32,
  "mape": 0.11981431991405785,
  "rmspe": 0.19852620304340893,
  "n_companies": 234,
  "n_filtered": 1,
  "training_time": 151.78,
  "epochs_trained": 202,
  "best_val_loss": 0.001117325620725751
}