{
  "arch": "gru_baseline",
  "lob": "workers_compensation",
  "config_idx": 29,
  "dropout_rate": 0.08632,
  "learning_rate": 0.003449,
  "batch_size": 1024,
  "max_epochs": 1000,
  "gru_units": 64,
  "dense_units": 32,
  "mape": 0.10628620210003581,
  "rmspe": 0.17176736272784005,
  "n_companies": 234,
  "n_filtered": 0,
  "training_time": 145.75,
  "epochs_trained": 202,
  "best_val_loss": 0.001144413254223764
}