{
  "arch": "gru_baseline",
  "lob": "workers_compensation",
  "config_idx": 2,
  "dropout_rate": 0.03398,
  "learning_rate": 0.0001942,
  "batch_size": 512,
  "max_epochs": 1000,
  "gru_units": 256,
  "dense_units": 64,
  "mape": 0.08256080044642138,
  "rmspe": 0.16579286341625293,
  "n_companies": 234,
  "n_filtered": 0,
  "training_time": 994.01,
  "epochs_trained": 207,
  "best_val_loss": 0.001036707661114633
}