{
  "arch": "gru_baseline",
  "lob": "workers_compensation",
  "config_idx": 24,
  "dropout_rate": 0.26907,
  "learning_rate": 0.0009122,
  "batch_size": 1024,
  "max_epochs": 500,
  "gru_units": 128,
  "dense_units": 64,
  "mape": 0.0957934803187676,
  "rmspe": 0.23469828819264205,
  "n_companies": 234,
  "n_filtered": 0,
  "training_time": 270.53,
  "epochs_trained": 204,
  "best_val_loss": 0.001716448925435543
}