{
  "arch": "gru_baseline",
  "lob": "workers_compensation",
  "config_idx": 43,
  "dropout_rate": 0.17026,
  "learning_rate": 0.0001086,
  "batch_size": 512,
  "max_epochs": 1000,
  "gru_units": 64,
  "dense_units": 64,
  "mape": 0.09396045911146454,
  "rmspe": 0.21193280725316407,
  "n_companies": 234,
  "n_filtered": 0,
  "training_time": 200.54,
  "epochs_trained": 213,
  "best_val_loss": 0.0014963545836508274
}