{
  "arch": "gru_baseline",
  "lob": "workers_compensation",
  "config_idx": 28,
  "dropout_rate": 0.14308,
  "learning_rate": 0.0002549,
  "batch_size": 512,
  "max_epochs": 1000,
  "gru_units": 256,
  "dense_units": 64,
  "mape": 0.0894397064315633,
  "rmspe": 0.19909332124521753,
  "n_companies": 234,
  "n_filtered": 0,
  "training_time": 657.78,
  "epochs_trained": 204,
  "best_val_loss": 0.0013368820073083043
}