lob,method,mape,rmspe,n
workers_compensation,mack,0.10731396381070744,0.21557063071327887,234
workers_compensation,odp,0.18254481629909325,0.27828639258643634,226
workers_compensation,bf,0.11559544800792591,0.3154914720728027,234
private_passenger_auto,mack,0.0709122815545466,0.14891020648171688,284
private_passenger_auto,odp,0.11512941632773574,0.2071979702666542,263
private_passenger_auto,bf,0.06492066611678675,0.1411355534910175,284
