{
  "arch": "gru_attention",
  "lob": "private_passenger_auto",
  "seed": 30,
  "mape": 0.16484432457406684,
  "rmspe": 0.272349480981291,
  "n_companies": 284,
  "n_filtered": 0,
  "training_time": 297.64,
  "epochs_trained": 219,
  "best_val_loss": 0.003408826525426573
}