{
  "arch": "gru_attention",
  "lob": "private_passenger_auto",
  "seed": 6,
  "mape": 0.08189782026303234,
  "rmspe": 0.1418709729486192,
  "n_companies": 284,
  "n_filtered": 0,
  "training_time": 110.17,
  "epochs_trained": 230,
  "best_val_loss": 0.004203754580683178
}