{
  "arch": "gru_attention",
  "lob": "private_passenger_auto",
  "seed": 38,
  "mape": 0.16484432457406684,
  "rmspe": 0.272349480981291,
  "n_companies": 284,
  "n_filtered": 0,
  "training_time": 126.76,
  "epochs_trained": 201,
  "best_val_loss": 0.007078927010297775
}