{
  "arch": "gru_attention",
  "lob": "private_passenger_auto",
  "seed": 5,
  "mape": 0.16484432457406684,
  "rmspe": 0.272349480981291,
  "n_companies": 284,
  "n_filtered": 0,
  "training_time": 102.36,
  "epochs_trained": 203,
  "best_val_loss": 0.0033926223922106954
}