{
  "arch": "gru_attention",
  "lob": "workers_compensation",
  "seed": 41,
  "mape": 0.24938916749720977,
  "rmspe": 0.35645206619428993,
  "n_companies": 234,
  "n_filtered": 0,
  "training_time": 69.92,
  "epochs_trained": 226,
  "best_val_loss": 0.0038606038184038232
}