{
  "arch": "gru_attention",
  "lob": "workers_compensation",
  "seed": 36,
  "mape": 0.24938916749720977,
  "rmspe": 0.35645206619428993,
  "n_companies": 234,
  "n_filtered": 0,
  "training_time": 75.28,
  "epochs_trained": 230,
  "best_val_loss": 0.0037790764721908738
}