{
  "arch": "gru_attention",
  "lob": "workers_compensation",
  "seed": 31,
  "mape": 0.24938916749720977,
  "rmspe": 0.35645206619428993,
  "n_companies": 234,
  "n_filtered": 0,
  "training_time": 67.21,
  "epochs_trained": 204,
  "best_val_loss": 0.0037791800485657795
}