{
  "arch": "gru_attention",
  "lob": "workers_compensation",
  "seed": 5,
  "mape": 0.1574764557048093,
  "rmspe": 0.24721195899304144,
  "n_companies": 234,
  "n_filtered": 0,
  "training_time": 232.19,
  "epochs_trained": 228,
  "best_val_loss": 0.0012449940300679632
}