{
  "arch": "gru_attention",
  "lob": "workers_compensation",
  "seed": 18,
  "mape": 0.24938916749720977,
  "rmspe": 0.35645206619428993,
  "n_companies": 234,
  "n_filtered": 0,
  "training_time": 101.39,
  "epochs_trained": 229,
  "best_val_loss": 0.003869408641808799
}