{
  "arch": "gru_attention",
  "lob": "workers_compensation",
  "seed": 12,
  "mape": 0.24938916749720977,
  "rmspe": 0.35645206619428993,
  "n_companies": 234,
  "n_filtered": 0,
  "training_time": 71.6,
  "epochs_trained": 219,
  "best_val_loss": 0.003904773953503796
}