{
  "arch": "gru_attention",
  "lob": "workers_compensation",
  "seed": 8,
  "mape": 0.24938916749720977,
  "rmspe": 0.35645206619428993,
  "n_companies": 234,
  "n_filtered": 0,
  "training_time": 110.77,
  "epochs_trained": 201,
  "best_val_loss": 0.022679597937635014
}