{
  "window": "W3",
  "arch": "gru_baseline",
  "lob": "workers_compensation",
  "seed": 4,
  "mape": 0.09032145456084041,
  "rmspe": 0.17346503031057264,
  "n_companies": 234,
  "n_filtered": 0,
  "training_time": 275.14,
  "epochs_trained": 204,
  "best_val_loss": 0.0011577494442462921
}