{
  "window": "W3",
  "arch": "gru_baseline",
  "lob": "workers_compensation",
  "seed": 7,
  "mape": 0.0986318318209544,
  "rmspe": 0.16864526949813605,
  "n_companies": 234,
  "n_filtered": 0,
  "training_time": 287.67,
  "epochs_trained": 202,
  "best_val_loss": 0.001206524670124054
}