{
  "window": "W3",
  "arch": "gru_baseline",
  "lob": "workers_compensation",
  "seed": 5,
  "mape": 0.09417025499047302,
  "rmspe": 0.1929301930555388,
  "n_companies": 234,
  "n_filtered": 0,
  "training_time": 286.2,
  "epochs_trained": 205,
  "best_val_loss": 0.001178897451609373
}