{
  "window": "W3",
  "arch": "gru_baseline",
  "lob": "workers_compensation",
  "seed": 3,
  "mape": 0.08602393957411401,
  "rmspe": 0.16876951127436465,
  "n_companies": 234,
  "n_filtered": 0,
  "training_time": 270.0,
  "epochs_trained": 204,
  "best_val_loss": 0.0011827402049675584
}