{
  "window": "W3",
  "arch": "gru_baseline",
  "lob": "workers_compensation",
  "seed": 8,
  "mape": 0.08926394934544142,
  "rmspe": 0.2003011217140809,
  "n_companies": 234,
  "n_filtered": 0,
  "training_time": 273.32,
  "epochs_trained": 205,
  "best_val_loss": 0.0012014799285680056
}