{
  "window": "W2",
  "arch": "gru_baseline",
  "lob": "workers_compensation",
  "seed": 9,
  "mape": 0.08977514989796079,
  "rmspe": 0.17538820358743445,
  "n_companies": 232,
  "n_filtered": 0,
  "training_time": 266.45,
  "epochs_trained": 205,
  "best_val_loss": 0.0012189479311928153
}