{
  "window": "W2",
  "arch": "gru_baseline",
  "lob": "workers_compensation",
  "seed": 6,
  "mape": 0.09446716484723398,
  "rmspe": 0.18397155195381573,
  "n_companies": 232,
  "n_filtered": 0,
  "training_time": 271.3,
  "epochs_trained": 204,
  "best_val_loss": 0.0011699538445100188
}