{
  "window": "W2",
  "arch": "gru_baseline",
  "lob": "workers_compensation",
  "seed": 5,
  "mape": 0.0957066312962297,
  "rmspe": 0.1888394997879342,
  "n_companies": 232,
  "n_filtered": 0,
  "training_time": 264.18,
  "epochs_trained": 205,
  "best_val_loss": 0.0011941577540710568
}