{
  "mape": 0.08320368260412202,
  "rmspe": 0.1368572150032976,
  "n_companies": 50,
  "n_filtered": 0,
  "n_models": 20
}