{
  "mape": 0.09262793532302747,
  "rmspe": 0.1583634210364849,
  "n_companies": 50,
  "n_filtered": 0,
  "n_models": 20
}