{
  "mape": 0.05763030170089975,
  "rmspe": 0.14881317612564846,
  "n": 36
}