{
  "arch": "gru_baseline",
  "lob": "private_passenger_auto",
  "seed": 11,
  "mape": 0.04700335572295207,
  "rmspe": 0.08765785987209343,
  "n_companies": 284,
  "n_filtered": 0,
  "training_time": 86.59,
  "epochs_trained": 201,
  "best_val_loss": 0.0004773729694231103
}