{
  "arch": "gru_baseline",
  "lob": "private_passenger_auto",
  "seed": 3,
  "mape": 0.057616516820911,
  "rmspe": 0.09984154587536109,
  "n_companies": 284,
  "n_filtered": 0,
  "training_time": 87.02,
  "epochs_trained": 201,
  "best_val_loss": 0.00048151541462478537
}