{
  "arch": "gru_baseline",
  "lob": "private_passenger_auto",
  "seed": 44,
  "mape": 0.05443355063519787,
  "rmspe": 0.09769887492109572,
  "n_companies": 284,
  "n_filtered": 0,
  "training_time": 83.04,
  "epochs_trained": 201,
  "best_val_loss": 0.0004921717401076523
}