{
  "arch": "gru_baseline",
  "lob": "private_passenger_auto",
  "seed": 9,
  "mape": 0.04844267735208486,
  "rmspe": 0.08554911707296269,
  "n_companies": 284,
  "n_filtered": 0,
  "training_time": 86.54,
  "epochs_trained": 201,
  "best_val_loss": 0.0004927421299119791
}