{
  "arch": "gru_baseline",
  "lob": "private_passenger_auto",
  "seed": 10,
  "mape": 0.058281166204658855,
  "rmspe": 0.1032458637089436,
  "n_companies": 284,
  "n_filtered": 0,
  "training_time": 86.79,
  "epochs_trained": 201,
  "best_val_loss": 0.000493893097478172
}