{
  "arch": "gru_baseline",
  "lob": "private_passenger_auto",
  "seed": 12,
  "mape": 0.04988031677125756,
  "rmspe": 0.08940771008430375,
  "n_companies": 284,
  "n_filtered": 0,
  "training_time": 87.14,
  "epochs_trained": 201,
  "best_val_loss": 0.0004793722635238535
}