{
  "arch": "gru_baseline",
  "lob": "private_passenger_auto",
  "seed": 23,
  "mape": 0.05160653039525572,
  "rmspe": 0.09464600871875078,
  "n_companies": 284,
  "n_filtered": 0,
  "training_time": 156.17,
  "epochs_trained": 201,
  "best_val_loss": 0.0004908162518404424
}