{
  "arch": "gru_baseline",
  "lob": "private_passenger_auto",
  "seed": 36,
  "mape": 0.05174204277993604,
  "rmspe": 0.09209008034822742,
  "n_companies": 284,
  "n_filtered": 0,
  "training_time": 86.84,
  "epochs_trained": 201,
  "best_val_loss": 0.0004835824333390014
}