{
  "arch": "gru_baseline",
  "lob": "private_passenger_auto",
  "seed": 26,
  "mape": 0.04960531371780579,
  "rmspe": 0.08839041449551405,
  "n_companies": 284,
  "n_filtered": 0,
  "training_time": 84.45,
  "epochs_trained": 201,
  "best_val_loss": 0.00048510371319328743
}