{
  "arch": "gru_baseline",
  "lob": "private_passenger_auto",
  "seed": 24,
  "mape": 0.04696481472887019,
  "rmspe": 0.08527252226466484,
  "n_companies": 284,
  "n_filtered": 0,
  "training_time": 135.38,
  "epochs_trained": 201,
  "best_val_loss": 0.00046974888957467757
}