{
  "arch": "gru_baseline",
  "lob": "private_passenger_auto",
  "seed": 40,
  "mape": 0.050014746932649894,
  "rmspe": 0.08825794402266934,
  "n_companies": 284,
  "n_filtered": 0,
  "training_time": 85.73,
  "epochs_trained": 201,
  "best_val_loss": 0.0004911654266632266
}