{
  "arch": "gru_baseline",
  "lob": "private_passenger_auto",
  "seed": 6,
  "mape": 0.05143825295964131,
  "rmspe": 0.09219933227927943,
  "n_companies": 284,
  "n_filtered": 0,
  "training_time": 87.1,
  "epochs_trained": 201,
  "best_val_loss": 0.0004874927463889536
}