{
  "arch": "gru_baseline",
  "lob": "private_passenger_auto",
  "seed": 17,
  "mape": 0.049037096133240955,
  "rmspe": 0.09202957723124776,
  "n_companies": 284,
  "n_filtered": 0,
  "training_time": 110.38,
  "epochs_trained": 201,
  "best_val_loss": 0.0004745439897912244
}