{
  "arch": "gru_baseline",
  "lob": "workers_compensation",
  "seed": 29,
  "mape": 0.08630270445869803,
  "rmspe": 0.16756254185481725,
  "n_companies": 234,
  "n_filtered": 0,
  "training_time": 62.62,
  "epochs_trained": 212,
  "best_val_loss": 0.0011615446668916515
}