{
  "arch": "gru_baseline",
  "lob": "workers_compensation",
  "seed": 16,
  "mape": 0.08702955300426476,
  "rmspe": 0.2025597636049519,
  "n_companies": 234,
  "n_filtered": 0,
  "training_time": 67.33,
  "epochs_trained": 228,
  "best_val_loss": 0.0011237757696237946
}