{
  "arch": "gru_baseline",
  "lob": "workers_compensation",
  "seed": 17,
  "mape": 0.10398138060128058,
  "rmspe": 0.24862417461537004,
  "n_companies": 234,
  "n_filtered": 0,
  "training_time": 60.18,
  "epochs_trained": 202,
  "best_val_loss": 0.001131348411685654
}