{
  "arch": "gru_baseline",
  "lob": "workers_compensation",
  "seed": 31,
  "mape": 0.09382933541683944,
  "rmspe": 0.16753781092280604,
  "n_companies": 234,
  "n_filtered": 0,
  "training_time": 60.12,
  "epochs_trained": 202,
  "best_val_loss": 0.0011705686171938265
}