{
  "arch": "gru_baseline",
  "lob": "workers_compensation",
  "seed": 19,
  "mape": 0.10176957413653086,
  "rmspe": 0.20696442559343634,
  "n_companies": 234,
  "n_filtered": 0,
  "training_time": 63.14,
  "epochs_trained": 202,
  "best_val_loss": 0.0011691618461294898
}