{
  "arch": "gru_baseline",
  "lob": "workers_compensation",
  "seed": 26,
  "mape": 0.10404381850638683,
  "rmspe": 0.20041064924042842,
  "n_companies": 234,
  "n_filtered": 1,
  "training_time": 63.5,
  "epochs_trained": 202,
  "best_val_loss": 0.0011347494769974478
}