{
  "arch": "gru_baseline",
  "lob": "workers_compensation",
  "seed": 20,
  "mape": 0.0891370637147059,
  "rmspe": 0.16312330163208855,
  "n_companies": 234,
  "n_filtered": 0,
  "training_time": 63.6,
  "epochs_trained": 202,
  "best_val_loss": 0.0011670993574495827
}