{
  "arch": "gru_baseline",
  "lob": "workers_compensation",
  "seed": 12,
  "mape": 0.10110862873144269,
  "rmspe": 0.1873320908898931,
  "n_companies": 234,
  "n_filtered": 0,
  "training_time": 76.26,
  "epochs_trained": 202,
  "best_val_loss": 0.0011615060585817055
}