{
  "arch": "gru_baseline",
  "lob": "workers_compensation",
  "seed": 18,
  "mape": 0.0977148041482047,
  "rmspe": 0.18668146961094312,
  "n_companies": 234,
  "n_filtered": 0,
  "training_time": 63.47,
  "epochs_trained": 202,
  "best_val_loss": 0.0011320854952958012
}