{
  "arch": "gru_baseline",
  "lob": "workers_compensation",
  "seed": 38,
  "mape": 0.09973029466959253,
  "rmspe": 0.17982433433457398,
  "n_companies": 234,
  "n_filtered": 0,
  "training_time": 59.88,
  "epochs_trained": 202,
  "best_val_loss": 0.0011461189216268913
}