{
  "arch": "gru_baseline",
  "lob": "workers_compensation",
  "seed": 34,
  "mape": 0.10725137965903016,
  "rmspe": 0.23281856242963223,
  "n_companies": 234,
  "n_filtered": 0,
  "training_time": 59.96,
  "epochs_trained": 202,
  "best_val_loss": 0.001145414583983698
}