{
  "arch": "gru_baseline",
  "lob": "workers_compensation",
  "seed": 32,
  "mape": 0.09918339936737632,
  "rmspe": 0.17007047789966043,
  "n_companies": 234,
  "n_filtered": 1,
  "training_time": 58.93,
  "epochs_trained": 202,
  "best_val_loss": 0.0011621204404426472
}