{
  "arch": "gru_baseline",
  "lob": "workers_compensation",
  "seed": 25,
  "mape": 0.10089470462010507,
  "rmspe": 0.2448909064091207,
  "n_companies": 234,
  "n_filtered": 0,
  "training_time": 63.81,
  "epochs_trained": 202,
  "best_val_loss": 0.0011519017280079424
}