{
  "arch": "gru_baseline",
  "lob": "workers_compensation",
  "seed": 15,
  "mape": 0.09426951476503236,
  "rmspe": 0.17120138530530415,
  "n_companies": 234,
  "n_filtered": 0,
  "training_time": 59.39,
  "epochs_trained": 202,
  "best_val_loss": 0.0011652034757259702
}