{
  "arch": "gru_baseline",
  "lob": "workers_compensation",
  "seed": 33,
  "mape": 0.10506745274829721,
  "rmspe": 0.2130181955890309,
  "n_companies": 234,
  "n_filtered": 0,
  "training_time": 59.33,
  "epochs_trained": 202,
  "best_val_loss": 0.00114830384596384
}