{
  "arch": "gru_baseline",
  "lob": "workers_compensation",
  "seed": 23,
  "mape": 0.10393841004910118,
  "rmspe": 0.2233563895872117,
  "n_companies": 234,
  "n_filtered": 0,
  "training_time": 63.94,
  "epochs_trained": 202,
  "best_val_loss": 0.0011220802386690462
}