{
  "arch": "gru_baseline",
  "lob": "workers_compensation",
  "seed": 2,
  "mape": 0.09665917606480272,
  "rmspe": 0.16881900779319634,
  "n_companies": 234,
  "n_filtered": 0,
  "training_time": 58.23,
  "epochs_trained": 202,
  "best_val_loss": 0.0011312553043743329
}