{
  "arch": "gru_baseline",
  "lob": "workers_compensation",
  "seed": 45,
  "mape": 0.09578661874618499,
  "rmspe": 0.2321942320300919,
  "n_companies": 234,
  "n_filtered": 0,
  "training_time": 63.8,
  "epochs_trained": 216,
  "best_val_loss": 0.0011651510056773467
}