{
  "arch": "gru_baseline",
  "lob": "workers_compensation",
  "seed": 10,
  "mape": 0.10401254429108946,
  "rmspe": 0.20738596354481267,
  "n_companies": 234,
  "n_filtered": 0,
  "training_time": 64.1,
  "epochs_trained": 202,
  "best_val_loss": 0.0011342573728013252
}