{
  "arch": "gru_baseline",
  "lob": "workers_compensation",
  "seed": 1,
  "mape": 0.09601608564800573,
  "rmspe": 0.16867038823534533,
  "n_companies": 234,
  "n_filtered": 0,
  "training_time": 59.75,
  "epochs_trained": 202,
  "best_val_loss": 0.0011614922134737884
}