{
  "arch": "gru_baseline",
  "lob": "workers_compensation",
  "seed": 27,
  "mape": 0.10013821825548795,
  "rmspe": 0.18158019183017987,
  "n_companies": 234,
  "n_filtered": 0,
  "training_time": 59.39,
  "epochs_trained": 202,
  "best_val_loss": 0.0011416892521083355
}