{
  "arch": "gru_baseline",
  "lob": "workers_compensation",
  "seed": 48,
  "mape": 0.09849094096785516,
  "rmspe": 0.20420458540674136,
  "n_companies": 234,
  "n_filtered": 0,
  "training_time": 59.88,
  "epochs_trained": 202,
  "best_val_loss": 0.0011689051919217622
}