{
  "arch": "gru_baseline",
  "lob": "workers_compensation",
  "seed": 21,
  "mape": 0.09832706268478088,
  "rmspe": 0.1831317624611552,
  "n_companies": 234,
  "n_filtered": 0,
  "training_time": 63.73,
  "epochs_trained": 202,
  "best_val_loss": 0.0011434273079170712
}