{
  "arch": "gru_baseline",
  "lob": "workers_compensation",
  "seed": 37,
  "mape": 0.09261805424469435,
  "rmspe": 0.2124330271472608,
  "n_companies": 234,
  "n_filtered": 0,
  "training_time": 81.34,
  "epochs_trained": 264,
  "best_val_loss": 0.0011235808737442962
}