{
  "arch": "gru_baseline",
  "lob": "workers_compensation",
  "seed": 49,
  "mape": 0.09713436810574294,
  "rmspe": 0.17548607857515564,
  "n_companies": 234,
  "n_filtered": 0,
  "training_time": 59.43,
  "epochs_trained": 202,
  "best_val_loss": 0.001157708075230143
}