{
  "arch": "gru_baseline",
  "lob": "workers_compensation",
  "seed": 35,
  "mape": 0.10019448165356805,
  "rmspe": 0.18434882758643112,
  "n_companies": 234,
  "n_filtered": 0,
  "training_time": 59.42,
  "epochs_trained": 202,
  "best_val_loss": 0.0011316529209060328
}