{
  "arch": "gru_baseline",
  "lob": "workers_compensation",
  "seed": 3,
  "mape": 0.09874895456185158,
  "rmspe": 0.22846859700991382,
  "n_companies": 234,
  "n_filtered": 0,
  "training_time": 59.81,
  "epochs_trained": 202,
  "best_val_loss": 0.0011614109306330128
}