{
  "arch": "gru_baseline",
  "lob": "workers_compensation",
  "seed": 30,
  "mape": 0.0996244685809939,
  "rmspe": 0.22279339598118705,
  "n_companies": 234,
  "n_filtered": 0,
  "training_time": 60.33,
  "epochs_trained": 202,
  "best_val_loss": 0.0011261085414194635
}