{
  "overall": {
    "mape": 0.10731396381070744,
    "rmspe": 0.21557063071327887,
    "n_companies": 234,
    "n_ay": 9
  },
  "mature": {
    "mape": 0.03712460425744301,
    "rmspe": 0.0715529036799347,
    "n_companies": 203,
    "n_ay": 5
  },
  "immature": {
    "mape": 0.143091515975093,
    "rmspe": 0.2449075077188811,
    "n_companies": 234,
    "n_ay": 4
  }
}